Fiscal year,Diagnosis category,Sex,fiscal_year,value,ci_low,ci_high,sheet_type
2018–2019,Neurocognitive disorders,Female,Agegroup:5–9years–Rate,6.0,,,ED
2018–2019,Neurocognitive disorders,Male,Agegroup:5–9years–Rate,9.0,,,ED
2018–2019,Neurocognitive disorders,Total,Agegroup:5–9years–Rate,8.0,,,ED
2018–2019,Substance-related disorders,Female,Agegroup:5–9years–Rate,1.0,,,ED
2018–2019,Substance-related disorders,Male,Agegroup:5–9years–Rate,2.0,,,ED
2018–2019,Substance-related disorders,Total,Agegroup:5–9years–Rate,2.0,,,ED
2018–2019,Schizophrenic and psychotic disorders,Female,Agegroup:5–9years–Rate,1.0,,,ED
2018–2019,Schizophrenic and psychotic disorders,Male,Agegroup:5–9years–Rate,3.0,,,ED
2018–2019,Schizophrenic and psychotic disorders,Total,Agegroup:5–9years–Rate,2.0,,,ED
2018–2019,Mood disorders,Female,Agegroup:5–9years–Rate,5.0,,,ED
2018–2019,Mood disorders,Male,Agegroup:5–9years–Rate,14.0,,,ED
2018–2019,Mood disorders,Total,Agegroup:5–9years–Rate,10.0,,,ED
2018–2019,Anxiety disorders,Female,Agegroup:5–9years–Rate,46.0,,,ED
2018–2019,Anxiety disorders,Male,Agegroup:5–9years–Rate,44.0,,,ED
2018–2019,Anxiety disorders,Total,Agegroup:5–9years–Rate,45.0,,,ED
2018–2019,Personality disorders,Female,Agegroup:5–9years–Rate,1.0,,,ED
2018–2019,Personality disorders,Male,Agegroup:5–9years–Rate,2.0,,,ED
2018–2019,Personality disorders,Total,Agegroup:5–9years–Rate,2.0,,,ED
2018–2019,Other disorders,Female,Agegroup:5–9years–Rate,87.0,,,ED
2018–2019,Other disorders,Male,Agegroup:5–9years–Rate,204.0,,,ED
2018–2019,Other disorders,Total,Agegroup:5–9years–Rate,147.0,,,ED
2018–2019,   Trauma- and stressor-related disorders,Female,Agegroup:5–9years–Rate,34.0,,,ED
2018–2019,   Trauma- and stressor-related disorders,Male,Agegroup:5–9years–Rate,63.0,,,ED
2018–2019,   Trauma- and stressor-related disorders,Total,Agegroup:5–9years–Rate,49.0,,,ED
2018–2019,"   Disruptive, impulse control and conduct disorders",Female,Agegroup:5–9years–Rate,20.0,,,ED
2018–2019,"   Disruptive, impulse control and conduct disorders",Male,Agegroup:5–9years–Rate,58.0,,,ED
2018–2019,"   Disruptive, impulse control and conduct disorders",Total,Agegroup:5–9years–Rate,39.0,,,ED
2018–2019,   Eating and feeding disorders,Female,Agegroup:5–9years–Rate,2.0,,,ED
2018–2019,   Eating and feeding disorders,Male,Agegroup:5–9years–Rate,3.0,,,ED
2018–2019,   Eating and feeding disorders,Total,Agegroup:5–9years–Rate,2.0,,,ED
2018–2019,   Tic disorders,Female,Agegroup:5–9years–Rate,9.0,,,ED
2018–2019,   Tic disorders,Male,Agegroup:5–9years–Rate,21.0,,,ED
2018–2019,   Tic disorders,Total,Agegroup:5–9years–Rate,15.0,,,ED
2018–2019,   ADHD,Female,Agegroup:5–9years–Rate,9.0,,,ED
2018–2019,   ADHD,Male,Agegroup:5–9years–Rate,36.0,,,ED
2018–2019,   ADHD,Total,Agegroup:5–9years–Rate,23.0,,,ED
2019–2020,Neurocognitive disorders,Female,Agegroup:5–9years–Rate,6.0,,,ED
2019–2020,Neurocognitive disorders,Male,Agegroup:5–9years–Rate,6.0,,,ED
2019–2020,Neurocognitive disorders,Total,Agegroup:5–9years–Rate,6.0,,,ED
2019–2020,Substance-related disorders,Female,Agegroup:5–9years–Rate,1.0,,,ED
2019–2020,Substance-related disorders,Male,Agegroup:5–9years–Rate,2.0,,,ED
2019–2020,Substance-related disorders,Total,Agegroup:5–9years–Rate,2.0,,,ED
2019–2020,Schizophrenic and psychotic disorders,Female,Agegroup:5–9years–Rate,0.0,,,ED
2019–2020,Schizophrenic and psychotic disorders,Male,Agegroup:5–9years–Rate,1.0,,,ED
2019–2020,Schizophrenic and psychotic disorders,Total,Agegroup:5–9years–Rate,0.0,,,ED
2019–2020,Mood disorders,Female,Agegroup:5–9years–Rate,5.0,,,ED
2019–2020,Mood disorders,Male,Agegroup:5–9years–Rate,11.0,,,ED
2019–2020,Mood disorders,Total,Agegroup:5–9years–Rate,8.0,,,ED
2019–2020,Anxiety disorders,Female,Agegroup:5–9years–Rate,39.0,,,ED
2019–2020,Anxiety disorders,Male,Agegroup:5–9years–Rate,37.0,,,ED
2019–2020,Anxiety disorders,Total,Agegroup:5–9years–Rate,38.0,,,ED
2019–2020,Personality disorders,Female,Agegroup:5–9years–Rate,1.0,,,ED
2019–2020,Personality disorders,Male,Agegroup:5–9years–Rate,3.0,,,ED
2019–2020,Personality disorders,Total,Agegroup:5–9years–Rate,2.0,,,ED
2019–2020,Other disorders,Female,Agegroup:5–9years–Rate,83.0,,,ED
2019–2020,Other disorders,Male,Agegroup:5–9years–Rate,197.0,,,ED
2019–2020,Other disorders,Total,Agegroup:5–9years–Rate,142.0,,,ED
2019–2020,   Trauma- and stressor-related disorders,Female,Agegroup:5–9years–Rate,33.0,,,ED
2019–2020,   Trauma- and stressor-related disorders,Male,Agegroup:5–9years–Rate,58.0,,,ED
2019–2020,   Trauma- and stressor-related disorders,Total,Agegroup:5–9years–Rate,46.0,,,ED
2019–2020,"   Disruptive, impulse control and conduct disorders",Female,Agegroup:5–9years–Rate,21.0,,,ED
2019–2020,"   Disruptive, impulse control and conduct disorders",Male,Agegroup:5–9years–Rate,54.0,,,ED
2019–2020,"   Disruptive, impulse control and conduct disorders",Total,Agegroup:5–9years–Rate,38.0,,,ED
2019–2020,   Eating and feeding disorders,Female,Agegroup:5–9years–Rate,2.0,,,ED
2019–2020,   Eating and feeding disorders,Male,Agegroup:5–9years–Rate,2.0,,,ED
2019–2020,   Eating and feeding disorders,Total,Agegroup:5–9years–Rate,2.0,,,ED
2019–2020,   Tic disorders,Female,Agegroup:5–9years–Rate,8.0,,,ED
2019–2020,   Tic disorders,Male,Agegroup:5–9years–Rate,23.0,,,ED
2019–2020,   Tic disorders,Total,Agegroup:5–9years–Rate,16.0,,,ED
2019–2020,   ADHD,Female,Agegroup:5–9years–Rate,8.0,,,ED
2019–2020,   ADHD,Male,Agegroup:5–9years–Rate,39.0,,,ED
2019–2020,   ADHD,Total,Agegroup:5–9years–Rate,24.0,,,ED
2020–2021,Neurocognitive disorders,Female,Agegroup:5–9years–Rate,3.0,,,ED
2020–2021,Neurocognitive disorders,Male,Agegroup:5–9years–Rate,3.0,,,ED
2020–2021,Neurocognitive disorders,Total,Agegroup:5–9years–Rate,3.0,,,ED
2020–2021,Substance-related disorders,Female,Agegroup:5–9years–Rate,2.0,,,ED
2020–2021,Substance-related disorders,Male,Agegroup:5–9years–Rate,1.0,,,ED
2020–2021,Substance-related disorders,Total,Agegroup:5–9years–Rate,2.0,,,ED
2020–2021,Schizophrenic and psychotic disorders,Female,Agegroup:5–9years–Rate,1.0,,,ED
2020–2021,Schizophrenic and psychotic disorders,Male,Agegroup:5–9years–Rate,1.0,,,ED
2020–2021,Schizophrenic and psychotic disorders,Total,Agegroup:5–9years–Rate,1.0,,,ED
2020–2021,Mood disorders,Female,Agegroup:5–9years–Rate,5.0,,,ED
2020–2021,Mood disorders,Male,Agegroup:5–9years–Rate,7.0,,,ED
2020–2021,Mood disorders,Total,Agegroup:5–9years–Rate,6.0,,,ED
2020–2021,Anxiety disorders,Female,Agegroup:5–9years–Rate,41.0,,,ED
2020–2021,Anxiety disorders,Male,Agegroup:5–9years–Rate,32.0,,,ED
2020–2021,Anxiety disorders,Total,Agegroup:5–9years–Rate,37.0,,,ED
2020–2021,Personality disorders,Female,Agegroup:5–9years–Rate,1.0,,,ED
2020–2021,Personality disorders,Male,Agegroup:5–9years–Rate,2.0,,,ED
2020–2021,Personality disorders,Total,Agegroup:5–9years–Rate,1.0,,,ED
2020–2021,Other disorders,Female,Agegroup:5–9years–Rate,65.0,,,ED
2020–2021,Other disorders,Male,Agegroup:5–9years–Rate,132.0,,,ED
2020–2021,Other disorders,Total,Agegroup:5–9years–Rate,99.0,,,ED
2020–2021,   Trauma- and stressor-related disorders,Female,Agegroup:5–9years–Rate,24.0,,,ED
2020–2021,   Trauma- and stressor-related disorders,Male,Agegroup:5–9years–Rate,40.0,,,ED
2020–2021,   Trauma- and stressor-related disorders,Total,Agegroup:5–9years–Rate,32.0,,,ED
2020–2021,"   Disruptive, impulse control and conduct disorders",Female,Agegroup:5–9years–Rate,13.0,,,ED
2020–2021,"   Disruptive, impulse control and conduct disorders",Male,Agegroup:5–9years–Rate,30.0,,,ED
2020–2021,"   Disruptive, impulse control and conduct disorders",Total,Agegroup:5–9years–Rate,21.0,,,ED
2020–2021,   Eating and feeding disorders,Female,Agegroup:5–9years–Rate,2.0,,,ED
2020–2021,   Eating and feeding disorders,Male,Agegroup:5–9years–Rate,1.0,,,ED
2020–2021,   Eating and feeding disorders,Total,Agegroup:5–9years–Rate,1.0,,,ED
2020–2021,   Tic disorders,Female,Agegroup:5–9years–Rate,12.0,,,ED
2020–2021,   Tic disorders,Male,Agegroup:5–9years–Rate,24.0,,,ED
2020–2021,   Tic disorders,Total,Agegroup:5–9years–Rate,18.0,,,ED
2020–2021,   ADHD,Female,Agegroup:5–9years–Rate,6.0,,,ED
2020–2021,   ADHD,Male,Agegroup:5–9years–Rate,23.0,,,ED
2020–2021,   ADHD,Total,Agegroup:5–9years–Rate,15.0,,,ED
2021–2022,Neurocognitive disorders,Female,Agegroup:5–9years–Rate,3.0,,,ED
2021–2022,Neurocognitive disorders,Male,Agegroup:5–9years–Rate,5.0,,,ED
2021–2022,Neurocognitive disorders,Total,Agegroup:5–9years–Rate,4.0,,,ED
2021–2022,Substance-related disorders,Female,Agegroup:5–9years–Rate,2.0,,,ED
2021–2022,Substance-related disorders,Male,Agegroup:5–9years–Rate,2.0,,,ED
2021–2022,Substance-related disorders,Total,Agegroup:5–9years–Rate,2.0,,,ED
2021–2022,Schizophrenic and psychotic disorders,Female,Agegroup:5–9years–Rate,1.0,,,ED
2021–2022,Schizophrenic and psychotic disorders,Male,Agegroup:5–9years–Rate,1.0,,,ED
2021–2022,Schizophrenic and psychotic disorders,Total,Agegroup:5–9years–Rate,1.0,,,ED
2021–2022,Mood disorders,Female,Agegroup:5–9years–Rate,4.0,,,ED
2021–2022,Mood disorders,Male,Agegroup:5–9years–Rate,8.0,,,ED
2021–2022,Mood disorders,Total,Agegroup:5–9years–Rate,6.0,,,ED
2021–2022,Anxiety disorders,Female,Agegroup:5–9years–Rate,46.0,,,ED
2021–2022,Anxiety disorders,Male,Agegroup:5–9years–Rate,36.0,,,ED
2021–2022,Anxiety disorders,Total,Agegroup:5–9years–Rate,41.0,,,ED
2021–2022,Personality disorders,Female,Agegroup:5–9years–Rate,1.0,,,ED
2021–2022,Personality disorders,Male,Agegroup:5–9years–Rate,2.0,,,ED
2021–2022,Personality disorders,Total,Agegroup:5–9years–Rate,1.0,,,ED
2021–2022,Other disorders,Female,Agegroup:5–9years–Rate,72.0,,,ED
2021–2022,Other disorders,Male,Agegroup:5–9years–Rate,152.0,,,ED
2021–2022,Other disorders,Total,Agegroup:5–9years–Rate,113.0,,,ED
2021–2022,   Trauma- and stressor-related disorders,Female,Agegroup:5–9years–Rate,23.0,,,ED
2021–2022,   Trauma- and stressor-related disorders,Male,Agegroup:5–9years–Rate,41.0,,,ED
2021–2022,   Trauma- and stressor-related disorders,Total,Agegroup:5–9years–Rate,32.0,,,ED
2021–2022,"   Disruptive, impulse control and conduct disorders",Female,Agegroup:5–9years–Rate,14.0,,,ED
2021–2022,"   Disruptive, impulse control and conduct disorders",Male,Agegroup:5–9years–Rate,31.0,,,ED
2021–2022,"   Disruptive, impulse control and conduct disorders",Total,Agegroup:5–9years–Rate,23.0,,,ED
2021–2022,   Eating and feeding disorders,Female,Agegroup:5–9years–Rate,3.0,,,ED
2021–2022,   Eating and feeding disorders,Male,Agegroup:5–9years–Rate,2.0,,,ED
2021–2022,   Eating and feeding disorders,Total,Agegroup:5–9years–Rate,3.0,,,ED
2021–2022,   Tic disorders,Female,Agegroup:5–9years–Rate,11.0,,,ED
2021–2022,   Tic disorders,Male,Agegroup:5–9years–Rate,29.0,,,ED
2021–2022,   Tic disorders,Total,Agegroup:5–9years–Rate,20.0,,,ED
2021–2022,   ADHD,Female,Agegroup:5–9years–Rate,7.0,,,ED
2021–2022,   ADHD,Male,Agegroup:5–9years–Rate,27.0,,,ED
2021–2022,   ADHD,Total,Agegroup:5–9years–Rate,17.0,,,ED
2022–2023,Neurocognitive disorders,Female,Agegroup:5–9years–Rate,4.0,,,ED
2022–2023,Neurocognitive disorders,Male,Agegroup:5–9years–Rate,4.0,,,ED
2022–2023,Neurocognitive disorders,Total,Agegroup:5–9years–Rate,4.0,,,ED
2022–2023,Substance-related disorders,Female,Agegroup:5–9years–Rate,3.0,,,ED
2022–2023,Substance-related disorders,Male,Agegroup:5–9years–Rate,5.0,,,ED
2022–2023,Substance-related disorders,Total,Agegroup:5–9years–Rate,4.0,,,ED
2022–2023,Schizophrenic and psychotic disorders,Female,Agegroup:5–9years–Rate,1.0,,,ED
2022–2023,Schizophrenic and psychotic disorders,Male,Agegroup:5–9years–Rate,1.0,,,ED
2022–2023,Schizophrenic and psychotic disorders,Total,Agegroup:5–9years–Rate,1.0,,,ED
2022–2023,Mood disorders,Female,Agegroup:5–9years–Rate,4.0,,,ED
2022–2023,Mood disorders,Male,Agegroup:5–9years–Rate,7.0,,,ED
2022–2023,Mood disorders,Total,Agegroup:5–9years–Rate,5.0,,,ED
2022–2023,Anxiety disorders,Female,Agegroup:5–9years–Rate,37.0,,,ED
2022–2023,Anxiety disorders,Male,Agegroup:5–9years–Rate,28.0,,,ED
2022–2023,Anxiety disorders,Total,Agegroup:5–9years–Rate,32.0,,,ED
2022–2023,Personality disorders,Female,Agegroup:5–9years–Rate,1.0,,,ED
2022–2023,Personality disorders,Male,Agegroup:5–9years–Rate,2.0,,,ED
2022–2023,Personality disorders,Total,Agegroup:5–9years–Rate,1.0,,,ED
2022–2023,Other disorders,Female,Agegroup:5–9years–Rate,63.0,,,ED
2022–2023,Other disorders,Male,Agegroup:5–9years–Rate,141.0,,,ED
2022–2023,Other disorders,Total,Agegroup:5–9years–Rate,103.0,,,ED
2022–2023,   Trauma- and stressor-related disorders,Female,Agegroup:5–9years–Rate,18.0,,,ED
2022–2023,   Trauma- and stressor-related disorders,Male,Agegroup:5–9years–Rate,38.0,,,ED
2022–2023,   Trauma- and stressor-related disorders,Total,Agegroup:5–9years–Rate,28.0,,,ED
2022–2023,"   Disruptive, impulse control and conduct disorders",Female,Agegroup:5–9years–Rate,15.0,,,ED
2022–2023,"   Disruptive, impulse control and conduct disorders",Male,Agegroup:5–9years–Rate,30.0,,,ED
2022–2023,"   Disruptive, impulse control and conduct disorders",Total,Agegroup:5–9years–Rate,22.0,,,ED
2022–2023,   Eating and feeding disorders,Female,Agegroup:5–9years–Rate,4.0,,,ED
2022–2023,   Eating and feeding disorders,Male,Agegroup:5–9years–Rate,3.0,,,ED
2022–2023,   Eating and feeding disorders,Total,Agegroup:5–9years–Rate,3.0,,,ED
2022–2023,   Tic disorders,Female,Agegroup:5–9years–Rate,8.0,,,ED
2022–2023,   Tic disorders,Male,Agegroup:5–9years–Rate,22.0,,,ED
2022–2023,   Tic disorders,Total,Agegroup:5–9years–Rate,15.0,,,ED
2022–2023,   ADHD,Female,Agegroup:5–9years–Rate,7.0,,,ED
2022–2023,   ADHD,Male,Agegroup:5–9years–Rate,25.0,,,ED
2022–2023,   ADHD,Total,Agegroup:5–9years–Rate,16.0,,,ED
2023–2024,Neurocognitive disorders,Female,Agegroup:5–9years–Rate,4.0,,,ED
2023–2024,Neurocognitive disorders,Male,Agegroup:5–9years–Rate,4.0,,,ED
2023–2024,Neurocognitive disorders,Total,Agegroup:5–9years–Rate,4.0,,,ED
2023–2024,Substance-related disorders,Female,Agegroup:5–9years–Rate,3.0,,,ED
2023–2024,Substance-related disorders,Male,Agegroup:5–9years–Rate,3.0,,,ED
2023–2024,Substance-related disorders,Total,Agegroup:5–9years–Rate,3.0,,,ED
2023–2024,Schizophrenic and psychotic disorders,Female,Agegroup:5–9years–Rate,1.0,,,ED
2023–2024,Schizophrenic and psychotic disorders,Male,Agegroup:5–9years–Rate,1.0,,,ED
2023–2024,Schizophrenic and psychotic disorders,Total,Agegroup:5–9years–Rate,1.0,,,ED
2023–2024,Mood disorders,Female,Agegroup:5–9years–Rate,7.0,,,ED
2023–2024,Mood disorders,Male,Agegroup:5–9years–Rate,7.0,,,ED
2023–2024,Mood disorders,Total,Agegroup:5–9years–Rate,7.0,,,ED
2023–2024,Anxiety disorders,Female,Agegroup:5–9years–Rate,36.0,,,ED
2023–2024,Anxiety disorders,Male,Agegroup:5–9years–Rate,26.0,,,ED
2023–2024,Anxiety disorders,Total,Agegroup:5–9years–Rate,31.0,,,ED
2023–2024,Personality disorders,Female,Agegroup:5–9years–Rate,1.0,,,ED
2023–2024,Personality disorders,Male,Agegroup:5–9years–Rate,2.0,,,ED
2023–2024,Personality disorders,Total,Agegroup:5–9years–Rate,2.0,,,ED
2023–2024,Other disorders,Female,Agegroup:5–9years–Rate,68.0,,,ED
2023–2024,Other disorders,Male,Agegroup:5–9years–Rate,131.0,,,ED
2023–2024,Other disorders,Total,Agegroup:5–9years–Rate,100.0,,,ED
2023–2024,   Trauma- and stressor-related disorders,Female,Agegroup:5–9years–Rate,23.0,,,ED
2023–2024,   Trauma- and stressor-related disorders,Male,Agegroup:5–9years–Rate,33.0,,,ED
2023–2024,   Trauma- and stressor-related disorders,Total,Agegroup:5–9years–Rate,28.0,,,ED
2023–2024,"   Disruptive, impulse control and conduct disorders",Female,Agegroup:5–9years–Rate,14.0,,,ED
2023–2024,"   Disruptive, impulse control and conduct disorders",Male,Agegroup:5–9years–Rate,25.0,,,ED
2023–2024,"   Disruptive, impulse control and conduct disorders",Total,Agegroup:5–9years–Rate,20.0,,,ED
2023–2024,   Eating and feeding disorders,Female,Agegroup:5–9years–Rate,4.0,,,ED
2023–2024,   Eating and feeding disorders,Male,Agegroup:5–9years–Rate,2.0,,,ED
2023–2024,   Eating and feeding disorders,Total,Agegroup:5–9years–Rate,3.0,,,ED
2023–2024,   Tic disorders,Female,Agegroup:5–9years–Rate,9.0,,,ED
2023–2024,   Tic disorders,Male,Agegroup:5–9years–Rate,21.0,,,ED
2023–2024,   Tic disorders,Total,Agegroup:5–9years–Rate,15.0,,,ED
2023–2024,   ADHD,Female,Agegroup:5–9years–Rate,6.0,,,ED
2023–2024,   ADHD,Male,Agegroup:5–9years–Rate,22.0,,,ED
2023–2024,   ADHD,Total,Agegroup:5–9years–Rate,14.0,,,ED
2018–2019,Neurocognitive disorders,Female,Agegroup:5–9years–95%CI,,,,ED
2018–2019,Neurocognitive disorders,Male,Agegroup:5–9years–95%CI,,,,ED
2018–2019,Neurocognitive disorders,Total,Agegroup:5–9years–95%CI,,,,ED
2018–2019,Substance-related disorders,Female,Agegroup:5–9years–95%CI,,,,ED
2018–2019,Substance-related disorders,Male,Agegroup:5–9years–95%CI,,,,ED
2018–2019,Substance-related disorders,Total,Agegroup:5–9years–95%CI,,,,ED
2018–2019,Schizophrenic and psychotic disorders,Female,Agegroup:5–9years–95%CI,,,,ED
2018–2019,Schizophrenic and psychotic disorders,Male,Agegroup:5–9years–95%CI,,,,ED
2018–2019,Schizophrenic and psychotic disorders,Total,Agegroup:5–9years–95%CI,,,,ED
2018–2019,Mood disorders,Female,Agegroup:5–9years–95%CI,,,,ED
2018–2019,Mood disorders,Male,Agegroup:5–9years–95%CI,,,,ED
2018–2019,Mood disorders,Total,Agegroup:5–9years–95%CI,,,,ED
2018–2019,Anxiety disorders,Female,Agegroup:5–9years–95%CI,,,,ED
2018–2019,Anxiety disorders,Male,Agegroup:5–9years–95%CI,,,,ED
2018–2019,Anxiety disorders,Total,Agegroup:5–9years–95%CI,,,,ED
2018–2019,Personality disorders,Female,Agegroup:5–9years–95%CI,,,,ED
2018–2019,Personality disorders,Male,Agegroup:5–9years–95%CI,,,,ED
2018–2019,Personality disorders,Total,Agegroup:5–9years–95%CI,,,,ED
2018–2019,Other disorders,Female,Agegroup:5–9years–95%CI,,,,ED
2018–2019,Other disorders,Male,Agegroup:5–9years–95%CI,,,,ED
2018–2019,Other disorders,Total,Agegroup:5–9years–95%CI,,,,ED
2018–2019,   Trauma- and stressor-related disorders,Female,Agegroup:5–9years–95%CI,,,,ED
2018–2019,   Trauma- and stressor-related disorders,Male,Agegroup:5–9years–95%CI,,,,ED
2018–2019,   Trauma- and stressor-related disorders,Total,Agegroup:5–9years–95%CI,,,,ED
2018–2019,"   Disruptive, impulse control and conduct disorders",Female,Agegroup:5–9years–95%CI,,,,ED
2018–2019,"   Disruptive, impulse control and conduct disorders",Male,Agegroup:5–9years–95%CI,,,,ED
2018–2019,"   Disruptive, impulse control and conduct disorders",Total,Agegroup:5–9years–95%CI,,,,ED
2018–2019,   Eating and feeding disorders,Female,Agegroup:5–9years–95%CI,,,,ED
2018–2019,   Eating and feeding disorders,Male,Agegroup:5–9years–95%CI,,,,ED
2018–2019,   Eating and feeding disorders,Total,Agegroup:5–9years–95%CI,,,,ED
2018–2019,   Tic disorders,Female,Agegroup:5–9years–95%CI,,,,ED
2018–2019,   Tic disorders,Male,Agegroup:5–9years–95%CI,,,,ED
2018–2019,   Tic disorders,Total,Agegroup:5–9years–95%CI,,,,ED
2018–2019,   ADHD,Female,Agegroup:5–9years–95%CI,,,,ED
2018–2019,   ADHD,Male,Agegroup:5–9years–95%CI,,,,ED
2018–2019,   ADHD,Total,Agegroup:5–9years–95%CI,,,,ED
2019–2020,Neurocognitive disorders,Female,Agegroup:5–9years–95%CI,,,,ED
2019–2020,Neurocognitive disorders,Male,Agegroup:5–9years–95%CI,,,,ED
2019–2020,Neurocognitive disorders,Total,Agegroup:5–9years–95%CI,,,,ED
2019–2020,Substance-related disorders,Female,Agegroup:5–9years–95%CI,,,,ED
2019–2020,Substance-related disorders,Male,Agegroup:5–9years–95%CI,,,,ED
2019–2020,Substance-related disorders,Total,Agegroup:5–9years–95%CI,,,,ED
2019–2020,Schizophrenic and psychotic disorders,Female,Agegroup:5–9years–95%CI,,,,ED
2019–2020,Schizophrenic and psychotic disorders,Male,Agegroup:5–9years–95%CI,,,,ED
2019–2020,Schizophrenic and psychotic disorders,Total,Agegroup:5–9years–95%CI,,,,ED
2019–2020,Mood disorders,Female,Agegroup:5–9years–95%CI,,,,ED
2019–2020,Mood disorders,Male,Agegroup:5–9years–95%CI,,,,ED
2019–2020,Mood disorders,Total,Agegroup:5–9years–95%CI,,,,ED
2019–2020,Anxiety disorders,Female,Agegroup:5–9years–95%CI,,,,ED
2019–2020,Anxiety disorders,Male,Agegroup:5–9years–95%CI,,,,ED
2019–2020,Anxiety disorders,Total,Agegroup:5–9years–95%CI,,,,ED
2019–2020,Personality disorders,Female,Agegroup:5–9years–95%CI,,,,ED
2019–2020,Personality disorders,Male,Agegroup:5–9years–95%CI,,,,ED
2019–2020,Personality disorders,Total,Agegroup:5–9years–95%CI,,,,ED
2019–2020,Other disorders,Female,Agegroup:5–9years–95%CI,,,,ED
2019–2020,Other disorders,Male,Agegroup:5–9years–95%CI,,,,ED
2019–2020,Other disorders,Total,Agegroup:5–9years–95%CI,,,,ED
2019–2020,   Trauma- and stressor-related disorders,Female,Agegroup:5–9years–95%CI,,,,ED
2019–2020,   Trauma- and stressor-related disorders,Male,Agegroup:5–9years–95%CI,,,,ED
2019–2020,   Trauma- and stressor-related disorders,Total,Agegroup:5–9years–95%CI,,,,ED
2019–2020,"   Disruptive, impulse control and conduct disorders",Female,Agegroup:5–9years–95%CI,,,,ED
2019–2020,"   Disruptive, impulse control and conduct disorders",Male,Agegroup:5–9years–95%CI,,,,ED
2019–2020,"   Disruptive, impulse control and conduct disorders",Total,Agegroup:5–9years–95%CI,,,,ED
2019–2020,   Eating and feeding disorders,Female,Agegroup:5–9years–95%CI,,,,ED
2019–2020,   Eating and feeding disorders,Male,Agegroup:5–9years–95%CI,,,,ED
2019–2020,   Eating and feeding disorders,Total,Agegroup:5–9years–95%CI,,,,ED
2019–2020,   Tic disorders,Female,Agegroup:5–9years–95%CI,,,,ED
2019–2020,   Tic disorders,Male,Agegroup:5–9years–95%CI,,,,ED
2019–2020,   Tic disorders,Total,Agegroup:5–9years–95%CI,,,,ED
2019–2020,   ADHD,Female,Agegroup:5–9years–95%CI,,,,ED
2019–2020,   ADHD,Male,Agegroup:5–9years–95%CI,,,,ED
2019–2020,   ADHD,Total,Agegroup:5–9years–95%CI,,,,ED
2020–2021,Neurocognitive disorders,Female,Agegroup:5–9years–95%CI,,,,ED
2020–2021,Neurocognitive disorders,Male,Agegroup:5–9years–95%CI,,,,ED
2020–2021,Neurocognitive disorders,Total,Agegroup:5–9years–95%CI,,,,ED
2020–2021,Substance-related disorders,Female,Agegroup:5–9years–95%CI,,,,ED
2020–2021,Substance-related disorders,Male,Agegroup:5–9years–95%CI,,,,ED
2020–2021,Substance-related disorders,Total,Agegroup:5–9years–95%CI,,,,ED
2020–2021,Schizophrenic and psychotic disorders,Female,Agegroup:5–9years–95%CI,,,,ED
2020–2021,Schizophrenic and psychotic disorders,Male,Agegroup:5–9years–95%CI,,,,ED
2020–2021,Schizophrenic and psychotic disorders,Total,Agegroup:5–9years–95%CI,,,,ED
2020–2021,Mood disorders,Female,Agegroup:5–9years–95%CI,,,,ED
2020–2021,Mood disorders,Male,Agegroup:5–9years–95%CI,,,,ED
2020–2021,Mood disorders,Total,Agegroup:5–9years–95%CI,,,,ED
2020–2021,Anxiety disorders,Female,Agegroup:5–9years–95%CI,,,,ED
2020–2021,Anxiety disorders,Male,Agegroup:5–9years–95%CI,,,,ED
2020–2021,Anxiety disorders,Total,Agegroup:5–9years–95%CI,,,,ED
2020–2021,Personality disorders,Female,Agegroup:5–9years–95%CI,,,,ED
2020–2021,Personality disorders,Male,Agegroup:5–9years–95%CI,,,,ED
2020–2021,Personality disorders,Total,Agegroup:5–9years–95%CI,,,,ED
2020–2021,Other disorders,Female,Agegroup:5–9years–95%CI,,,,ED
2020–2021,Other disorders,Male,Agegroup:5–9years–95%CI,,,,ED
2020–2021,Other disorders,Total,Agegroup:5–9years–95%CI,,,,ED
2020–2021,   Trauma- and stressor-related disorders,Female,Agegroup:5–9years–95%CI,,,,ED
2020–2021,   Trauma- and stressor-related disorders,Male,Agegroup:5–9years–95%CI,,,,ED
2020–2021,   Trauma- and stressor-related disorders,Total,Agegroup:5–9years–95%CI,,,,ED
2020–2021,"   Disruptive, impulse control and conduct disorders",Female,Agegroup:5–9years–95%CI,,,,ED
2020–2021,"   Disruptive, impulse control and conduct disorders",Male,Agegroup:5–9years–95%CI,,,,ED
2020–2021,"   Disruptive, impulse control and conduct disorders",Total,Agegroup:5–9years–95%CI,,,,ED
2020–2021,   Eating and feeding disorders,Female,Agegroup:5–9years–95%CI,,,,ED
2020–2021,   Eating and feeding disorders,Male,Agegroup:5–9years–95%CI,,,,ED
2020–2021,   Eating and feeding disorders,Total,Agegroup:5–9years–95%CI,,,,ED
2020–2021,   Tic disorders,Female,Agegroup:5–9years–95%CI,,,,ED
2020–2021,   Tic disorders,Male,Agegroup:5–9years–95%CI,,,,ED
2020–2021,   Tic disorders,Total,Agegroup:5–9years–95%CI,,,,ED
2020–2021,   ADHD,Female,Agegroup:5–9years–95%CI,,,,ED
2020–2021,   ADHD,Male,Agegroup:5–9years–95%CI,,,,ED
2020–2021,   ADHD,Total,Agegroup:5–9years–95%CI,,,,ED
2021–2022,Neurocognitive disorders,Female,Agegroup:5–9years–95%CI,,,,ED
2021–2022,Neurocognitive disorders,Male,Agegroup:5–9years–95%CI,,,,ED
2021–2022,Neurocognitive disorders,Total,Agegroup:5–9years–95%CI,,,,ED
2021–2022,Substance-related disorders,Female,Agegroup:5–9years–95%CI,,,,ED
2021–2022,Substance-related disorders,Male,Agegroup:5–9years–95%CI,,,,ED
2021–2022,Substance-related disorders,Total,Agegroup:5–9years–95%CI,,,,ED
2021–2022,Schizophrenic and psychotic disorders,Female,Agegroup:5–9years–95%CI,,,,ED
2021–2022,Schizophrenic and psychotic disorders,Male,Agegroup:5–9years–95%CI,,,,ED
2021–2022,Schizophrenic and psychotic disorders,Total,Agegroup:5–9years–95%CI,,,,ED
2021–2022,Mood disorders,Female,Agegroup:5–9years–95%CI,,,,ED
2021–2022,Mood disorders,Male,Agegroup:5–9years–95%CI,,,,ED
2021–2022,Mood disorders,Total,Agegroup:5–9years–95%CI,,,,ED
2021–2022,Anxiety disorders,Female,Agegroup:5–9years–95%CI,,,,ED
2021–2022,Anxiety disorders,Male,Agegroup:5–9years–95%CI,,,,ED
2021–2022,Anxiety disorders,Total,Agegroup:5–9years–95%CI,,,,ED
2021–2022,Personality disorders,Female,Agegroup:5–9years–95%CI,,,,ED
2021–2022,Personality disorders,Male,Agegroup:5–9years–95%CI,,,,ED
2021–2022,Personality disorders,Total,Agegroup:5–9years–95%CI,,,,ED
2021–2022,Other disorders,Female,Agegroup:5–9years–95%CI,,,,ED
2021–2022,Other disorders,Male,Agegroup:5–9years–95%CI,,,,ED
2021–2022,Other disorders,Total,Agegroup:5–9years–95%CI,,,,ED
2021–2022,   Trauma- and stressor-related disorders,Female,Agegroup:5–9years–95%CI,,,,ED
2021–2022,   Trauma- and stressor-related disorders,Male,Agegroup:5–9years–95%CI,,,,ED
2021–2022,   Trauma- and stressor-related disorders,Total,Agegroup:5–9years–95%CI,,,,ED
2021–2022,"   Disruptive, impulse control and conduct disorders",Female,Agegroup:5–9years–95%CI,,,,ED
2021–2022,"   Disruptive, impulse control and conduct disorders",Male,Agegroup:5–9years–95%CI,,,,ED
2021–2022,"   Disruptive, impulse control and conduct disorders",Total,Agegroup:5–9years–95%CI,,,,ED
2021–2022,   Eating and feeding disorders,Female,Agegroup:5–9years–95%CI,,,,ED
2021–2022,   Eating and feeding disorders,Male,Agegroup:5–9years–95%CI,,,,ED
2021–2022,   Eating and feeding disorders,Total,Agegroup:5–9years–95%CI,,,,ED
2021–2022,   Tic disorders,Female,Agegroup:5–9years–95%CI,,,,ED
2021–2022,   Tic disorders,Male,Agegroup:5–9years–95%CI,,,,ED
2021–2022,   Tic disorders,Total,Agegroup:5–9years–95%CI,,,,ED
2021–2022,   ADHD,Female,Agegroup:5–9years–95%CI,,,,ED
2021–2022,   ADHD,Male,Agegroup:5–9years–95%CI,,,,ED
2021–2022,   ADHD,Total,Agegroup:5–9years–95%CI,,,,ED
2022–2023,Neurocognitive disorders,Female,Agegroup:5–9years–95%CI,,,,ED
2022–2023,Neurocognitive disorders,Male,Agegroup:5–9years–95%CI,,,,ED
2022–2023,Neurocognitive disorders,Total,Agegroup:5–9years–95%CI,,,,ED
2022–2023,Substance-related disorders,Female,Agegroup:5–9years–95%CI,,,,ED
2022–2023,Substance-related disorders,Male,Agegroup:5–9years–95%CI,,,,ED
2022–2023,Substance-related disorders,Total,Agegroup:5–9years–95%CI,,,,ED
2022–2023,Schizophrenic and psychotic disorders,Female,Agegroup:5–9years–95%CI,,,,ED
2022–2023,Schizophrenic and psychotic disorders,Male,Agegroup:5–9years–95%CI,,,,ED
2022–2023,Schizophrenic and psychotic disorders,Total,Agegroup:5–9years–95%CI,,,,ED
2022–2023,Mood disorders,Female,Agegroup:5–9years–95%CI,,,,ED
2022–2023,Mood disorders,Male,Agegroup:5–9years–95%CI,,,,ED
2022–2023,Mood disorders,Total,Agegroup:5–9years–95%CI,,,,ED
2022–2023,Anxiety disorders,Female,Agegroup:5–9years–95%CI,,,,ED
2022–2023,Anxiety disorders,Male,Agegroup:5–9years–95%CI,,,,ED
2022–2023,Anxiety disorders,Total,Agegroup:5–9years–95%CI,,,,ED
2022–2023,Personality disorders,Female,Agegroup:5–9years–95%CI,,,,ED
2022–2023,Personality disorders,Male,Agegroup:5–9years–95%CI,,,,ED
2022–2023,Personality disorders,Total,Agegroup:5–9years–95%CI,,,,ED
2022–2023,Other disorders,Female,Agegroup:5–9years–95%CI,,,,ED
2022–2023,Other disorders,Male,Agegroup:5–9years–95%CI,,,,ED
2022–2023,Other disorders,Total,Agegroup:5–9years–95%CI,,,,ED
2022–2023,   Trauma- and stressor-related disorders,Female,Agegroup:5–9years–95%CI,,,,ED
2022–2023,   Trauma- and stressor-related disorders,Male,Agegroup:5–9years–95%CI,,,,ED
2022–2023,   Trauma- and stressor-related disorders,Total,Agegroup:5–9years–95%CI,,,,ED
2022–2023,"   Disruptive, impulse control and conduct disorders",Female,Agegroup:5–9years–95%CI,,,,ED
2022–2023,"   Disruptive, impulse control and conduct disorders",Male,Agegroup:5–9years–95%CI,,,,ED
2022–2023,"   Disruptive, impulse control and conduct disorders",Total,Agegroup:5–9years–95%CI,,,,ED
2022–2023,   Eating and feeding disorders,Female,Agegroup:5–9years–95%CI,,,,ED
2022–2023,   Eating and feeding disorders,Male,Agegroup:5–9years–95%CI,,,,ED
2022–2023,   Eating and feeding disorders,Total,Agegroup:5–9years–95%CI,,,,ED
2022–2023,   Tic disorders,Female,Agegroup:5–9years–95%CI,,,,ED
2022–2023,   Tic disorders,Male,Agegroup:5–9years–95%CI,,,,ED
2022–2023,   Tic disorders,Total,Agegroup:5–9years–95%CI,,,,ED
2022–2023,   ADHD,Female,Agegroup:5–9years–95%CI,,,,ED
2022–2023,   ADHD,Male,Agegroup:5–9years–95%CI,,,,ED
2022–2023,   ADHD,Total,Agegroup:5–9years–95%CI,,,,ED
2023–2024,Neurocognitive disorders,Female,Agegroup:5–9years–95%CI,,,,ED
2023–2024,Neurocognitive disorders,Male,Agegroup:5–9years–95%CI,,,,ED
2023–2024,Neurocognitive disorders,Total,Agegroup:5–9years–95%CI,,,,ED
2023–2024,Substance-related disorders,Female,Agegroup:5–9years–95%CI,,,,ED
2023–2024,Substance-related disorders,Male,Agegroup:5–9years–95%CI,,,,ED
2023–2024,Substance-related disorders,Total,Agegroup:5–9years–95%CI,,,,ED
2023–2024,Schizophrenic and psychotic disorders,Female,Agegroup:5–9years–95%CI,,,,ED
2023–2024,Schizophrenic and psychotic disorders,Male,Agegroup:5–9years–95%CI,,,,ED
2023–2024,Schizophrenic and psychotic disorders,Total,Agegroup:5–9years–95%CI,,,,ED
2023–2024,Mood disorders,Female,Agegroup:5–9years–95%CI,,,,ED
2023–2024,Mood disorders,Male,Agegroup:5–9years–95%CI,,,,ED
2023–2024,Mood disorders,Total,Agegroup:5–9years–95%CI,,,,ED
2023–2024,Anxiety disorders,Female,Agegroup:5–9years–95%CI,,,,ED
2023–2024,Anxiety disorders,Male,Agegroup:5–9years–95%CI,,,,ED
2023–2024,Anxiety disorders,Total,Agegroup:5–9years–95%CI,,,,ED
2023–2024,Personality disorders,Female,Agegroup:5–9years–95%CI,,,,ED
2023–2024,Personality disorders,Male,Agegroup:5–9years–95%CI,,,,ED
2023–2024,Personality disorders,Total,Agegroup:5–9years–95%CI,,,,ED
2023–2024,Other disorders,Female,Agegroup:5–9years–95%CI,,,,ED
2023–2024,Other disorders,Male,Agegroup:5–9years–95%CI,,,,ED
2023–2024,Other disorders,Total,Agegroup:5–9years–95%CI,,,,ED
2023–2024,   Trauma- and stressor-related disorders,Female,Agegroup:5–9years–95%CI,,,,ED
2023–2024,   Trauma- and stressor-related disorders,Male,Agegroup:5–9years–95%CI,,,,ED
2023–2024,   Trauma- and stressor-related disorders,Total,Agegroup:5–9years–95%CI,,,,ED
2023–2024,"   Disruptive, impulse control and conduct disorders",Female,Agegroup:5–9years–95%CI,,,,ED
2023–2024,"   Disruptive, impulse control and conduct disorders",Male,Agegroup:5–9years–95%CI,,,,ED
2023–2024,"   Disruptive, impulse control and conduct disorders",Total,Agegroup:5–9years–95%CI,,,,ED
2023–2024,   Eating and feeding disorders,Female,Agegroup:5–9years–95%CI,,,,ED
2023–2024,   Eating and feeding disorders,Male,Agegroup:5–9years–95%CI,,,,ED
2023–2024,   Eating and feeding disorders,Total,Agegroup:5–9years–95%CI,,,,ED
2023–2024,   Tic disorders,Female,Agegroup:5–9years–95%CI,,,,ED
2023–2024,   Tic disorders,Male,Agegroup:5–9years–95%CI,,,,ED
2023–2024,   Tic disorders,Total,Agegroup:5–9years–95%CI,,,,ED
2023–2024,   ADHD,Female,Agegroup:5–9years–95%CI,,,,ED
2023–2024,   ADHD,Male,Agegroup:5–9years–95%CI,,,,ED
2023–2024,   ADHD,Total,Agegroup:5–9years–95%CI,,,,ED
2018–2019,Neurocognitive disorders,Female,Agegroup:10–14years–Rate,21.0,,,ED
2018–2019,Neurocognitive disorders,Male,Agegroup:10–14years–Rate,17.0,,,ED
2018–2019,Neurocognitive disorders,Total,Agegroup:10–14years–Rate,19.0,,,ED
2018–2019,Substance-related disorders,Female,Agegroup:10–14years–Rate,74.0,,,ED
2018–2019,Substance-related disorders,Male,Agegroup:10–14years–Rate,64.0,,,ED
2018–2019,Substance-related disorders,Total,Agegroup:10–14years–Rate,69.0,,,ED
2018–2019,Schizophrenic and psychotic disorders,Female,Agegroup:10–14years–Rate,14.0,,,ED
2018–2019,Schizophrenic and psychotic disorders,Male,Agegroup:10–14years–Rate,12.0,,,ED
2018–2019,Schizophrenic and psychotic disorders,Total,Agegroup:10–14years–Rate,13.0,,,ED
2018–2019,Mood disorders,Female,Agegroup:10–14years–Rate,369.0,,,ED
2018–2019,Mood disorders,Male,Agegroup:10–14years–Rate,134.0,,,ED
2018–2019,Mood disorders,Total,Agegroup:10–14years–Rate,249.0,,,ED
2018–2019,Anxiety disorders,Female,Agegroup:10–14years–Rate,302.0,,,ED
2018–2019,Anxiety disorders,Male,Agegroup:10–14years–Rate,135.0,,,ED
2018–2019,Anxiety disorders,Total,Agegroup:10–14years–Rate,216.0,,,ED
2018–2019,Personality disorders,Female,Agegroup:10–14years–Rate,15.0,,,ED
2018–2019,Personality disorders,Male,Agegroup:10–14years–Rate,6.0,,,ED
2018–2019,Personality disorders,Total,Agegroup:10–14years–Rate,10.0,,,ED
2018–2019,Other disorders,Female,Agegroup:10–14years–Rate,529.0,,,ED
2018–2019,Other disorders,Male,Agegroup:10–14years–Rate,384.0,,,ED
2018–2019,Other disorders,Total,Agegroup:10–14years–Rate,455.0,,,ED
2018–2019,   Trauma- and stressor-related disorders,Female,Agegroup:10–14years–Rate,405.0,,,ED
2018–2019,   Trauma- and stressor-related disorders,Male,Agegroup:10–14years–Rate,224.0,,,ED
2018–2019,   Trauma- and stressor-related disorders,Total,Agegroup:10–14years–Rate,312.0,,,ED
2018–2019,"   Disruptive, impulse control and conduct disorders",Female,Agegroup:10–14years–Rate,52.0,,,ED
2018–2019,"   Disruptive, impulse control and conduct disorders",Male,Agegroup:10–14years–Rate,71.0,,,ED
2018–2019,"   Disruptive, impulse control and conduct disorders",Total,Agegroup:10–14years–Rate,62.0,,,ED
2018–2019,   Eating and feeding disorders,Female,Agegroup:10–14years–Rate,25.0,,,ED
2018–2019,   Eating and feeding disorders,Male,Agegroup:10–14years–Rate,4.0,,,ED
2018–2019,   Eating and feeding disorders,Total,Agegroup:10–14years–Rate,14.0,,,ED
2018–2019,   Tic disorders,Female,Agegroup:10–14years–Rate,6.0,,,ED
2018–2019,   Tic disorders,Male,Agegroup:10–14years–Rate,9.0,,,ED
2018–2019,   Tic disorders,Total,Agegroup:10–14years–Rate,8.0,,,ED
2018–2019,   ADHD,Female,Agegroup:10–14years–Rate,18.0,,,ED
2018–2019,   ADHD,Male,Agegroup:10–14years–Rate,44.0,,,ED
2018–2019,   ADHD,Total,Agegroup:10–14years–Rate,31.0,,,ED
2019–2020,Neurocognitive disorders,Female,Agegroup:10–14years–Rate,19.0,,,ED
2019–2020,Neurocognitive disorders,Male,Agegroup:10–14years–Rate,15.0,,,ED
2019–2020,Neurocognitive disorders,Total,Agegroup:10–14years–Rate,17.0,,,ED
2019–2020,Substance-related disorders,Female,Agegroup:10–14years–Rate,80.0,,,ED
2019–2020,Substance-related disorders,Male,Agegroup:10–14years–Rate,65.0,,,ED
2019–2020,Substance-related disorders,Total,Agegroup:10–14years–Rate,72.0,,,ED
2019–2020,Schizophrenic and psychotic disorders,Female,Agegroup:10–14years–Rate,13.0,,,ED
2019–2020,Schizophrenic and psychotic disorders,Male,Agegroup:10–14years–Rate,9.0,,,ED
2019–2020,Schizophrenic and psychotic disorders,Total,Agegroup:10–14years–Rate,11.0,,,ED
2019–2020,Mood disorders,Female,Agegroup:10–14years–Rate,356.0,,,ED
2019–2020,Mood disorders,Male,Agegroup:10–14years–Rate,126.0,,,ED
2019–2020,Mood disorders,Total,Agegroup:10–14years–Rate,238.0,,,ED
2019–2020,Anxiety disorders,Female,Agegroup:10–14years–Rate,303.0,,,ED
2019–2020,Anxiety disorders,Male,Agegroup:10–14years–Rate,139.0,,,ED
2019–2020,Anxiety disorders,Total,Agegroup:10–14years–Rate,219.0,,,ED
2019–2020,Personality disorders,Female,Agegroup:10–14years–Rate,16.0,,,ED
2019–2020,Personality disorders,Male,Agegroup:10–14years–Rate,5.0,,,ED
2019–2020,Personality disorders,Total,Agegroup:10–14years–Rate,10.0,,,ED
2019–2020,Other disorders,Female,Agegroup:10–14years–Rate,525.0,,,ED
2019–2020,Other disorders,Male,Agegroup:10–14years–Rate,372.0,,,ED
2019–2020,Other disorders,Total,Agegroup:10–14years–Rate,447.0,,,ED
2019–2020,   Trauma- and stressor-related disorders,Female,Agegroup:10–14years–Rate,397.0,,,ED
2019–2020,   Trauma- and stressor-related disorders,Male,Agegroup:10–14years–Rate,222.0,,,ED
2019–2020,   Trauma- and stressor-related disorders,Total,Agegroup:10–14years–Rate,307.0,,,ED
2019–2020,"   Disruptive, impulse control and conduct disorders",Female,Agegroup:10–14years–Rate,53.0,,,ED
2019–2020,"   Disruptive, impulse control and conduct disorders",Male,Agegroup:10–14years–Rate,76.0,,,ED
2019–2020,"   Disruptive, impulse control and conduct disorders",Total,Agegroup:10–14years–Rate,65.0,,,ED
2019–2020,   Eating and feeding disorders,Female,Agegroup:10–14years–Rate,25.0,,,ED
2019–2020,   Eating and feeding disorders,Male,Agegroup:10–14years–Rate,4.0,,,ED
2019–2020,   Eating and feeding disorders,Total,Agegroup:10–14years–Rate,14.0,,,ED
2019–2020,   Tic disorders,Female,Agegroup:10–14years–Rate,7.0,,,ED
2019–2020,   Tic disorders,Male,Agegroup:10–14years–Rate,9.0,,,ED
2019–2020,   Tic disorders,Total,Agegroup:10–14years–Rate,8.0,,,ED
2019–2020,   ADHD,Female,Agegroup:10–14years–Rate,20.0,,,ED
2019–2020,   ADHD,Male,Agegroup:10–14years–Rate,45.0,,,ED
2019–2020,   ADHD,Total,Agegroup:10–14years–Rate,33.0,,,ED
2020–2021,Neurocognitive disorders,Female,Agegroup:10–14years–Rate,6.0,,,ED
2020–2021,Neurocognitive disorders,Male,Agegroup:10–14years–Rate,4.0,,,ED
2020–2021,Neurocognitive disorders,Total,Agegroup:10–14years–Rate,5.0,,,ED
2020–2021,Substance-related disorders,Female,Agegroup:10–14years–Rate,54.0,,,ED
2020–2021,Substance-related disorders,Male,Agegroup:10–14years–Rate,41.0,,,ED
2020–2021,Substance-related disorders,Total,Agegroup:10–14years–Rate,47.0,,,ED
2020–2021,Schizophrenic and psychotic disorders,Female,Agegroup:10–14years–Rate,17.0,,,ED
2020–2021,Schizophrenic and psychotic disorders,Male,Agegroup:10–14years–Rate,10.0,,,ED
2020–2021,Schizophrenic and psychotic disorders,Total,Agegroup:10–14years–Rate,13.0,,,ED
2020–2021,Mood disorders,Female,Agegroup:10–14years–Rate,355.0,,,ED
2020–2021,Mood disorders,Male,Agegroup:10–14years–Rate,88.0,,,ED
2020–2021,Mood disorders,Total,Agegroup:10–14years–Rate,217.0,,,ED
2020–2021,Anxiety disorders,Female,Agegroup:10–14years–Rate,310.0,,,ED
2020–2021,Anxiety disorders,Male,Agegroup:10–14years–Rate,101.0,,,ED
2020–2021,Anxiety disorders,Total,Agegroup:10–14years–Rate,203.0,,,ED
2020–2021,Personality disorders,Female,Agegroup:10–14years–Rate,18.0,,,ED
2020–2021,Personality disorders,Male,Agegroup:10–14years–Rate,5.0,,,ED
2020–2021,Personality disorders,Total,Agegroup:10–14years–Rate,12.0,,,ED
2020–2021,Other disorders,Female,Agegroup:10–14years–Rate,496.0,,,ED
2020–2021,Other disorders,Male,Agegroup:10–14years–Rate,251.0,,,ED
2020–2021,Other disorders,Total,Agegroup:10–14years–Rate,370.0,,,ED
2020–2021,   Trauma- and stressor-related disorders,Female,Agegroup:10–14years–Rate,333.0,,,ED
2020–2021,   Trauma- and stressor-related disorders,Male,Agegroup:10–14years–Rate,142.0,,,ED
2020–2021,   Trauma- and stressor-related disorders,Total,Agegroup:10–14years–Rate,235.0,,,ED
2020–2021,"   Disruptive, impulse control and conduct disorders",Female,Agegroup:10–14years–Rate,40.0,,,ED
2020–2021,"   Disruptive, impulse control and conduct disorders",Male,Agegroup:10–14years–Rate,51.0,,,ED
2020–2021,"   Disruptive, impulse control and conduct disorders",Total,Agegroup:10–14years–Rate,45.0,,,ED
2020–2021,   Eating and feeding disorders,Female,Agegroup:10–14years–Rate,57.0,,,ED
2020–2021,   Eating and feeding disorders,Male,Agegroup:10–14years–Rate,4.0,,,ED
2020–2021,   Eating and feeding disorders,Total,Agegroup:10–14years–Rate,30.0,,,ED
2020–2021,   Tic disorders,Female,Agegroup:10–14years–Rate,30.0,,,ED
2020–2021,   Tic disorders,Male,Agegroup:10–14years–Rate,10.0,,,ED
2020–2021,   Tic disorders,Total,Agegroup:10–14years–Rate,20.0,,,ED
2020–2021,   ADHD,Female,Agegroup:10–14years–Rate,20.0,,,ED
2020–2021,   ADHD,Male,Agegroup:10–14years–Rate,29.0,,,ED
2020–2021,   ADHD,Total,Agegroup:10–14years–Rate,24.0,,,ED
2021–2022,Neurocognitive disorders,Female,Agegroup:10–14years–Rate,9.0,,,ED
2021–2022,Neurocognitive disorders,Male,Agegroup:10–14years–Rate,8.0,,,ED
2021–2022,Neurocognitive disorders,Total,Agegroup:10–14years–Rate,9.0,,,ED
2021–2022,Substance-related disorders,Female,Agegroup:10–14years–Rate,80.0,,,ED
2021–2022,Substance-related disorders,Male,Agegroup:10–14years–Rate,45.0,,,ED
2021–2022,Substance-related disorders,Total,Agegroup:10–14years–Rate,62.0,,,ED
2021–2022,Schizophrenic and psychotic disorders,Female,Agegroup:10–14years–Rate,16.0,,,ED
2021–2022,Schizophrenic and psychotic disorders,Male,Agegroup:10–14years–Rate,9.0,,,ED
2021–2022,Schizophrenic and psychotic disorders,Total,Agegroup:10–14years–Rate,12.0,,,ED
2021–2022,Mood disorders,Female,Agegroup:10–14years–Rate,443.0,,,ED
2021–2022,Mood disorders,Male,Agegroup:10–14years–Rate,111.0,,,ED
2021–2022,Mood disorders,Total,Agegroup:10–14years–Rate,271.0,,,ED
2021–2022,Anxiety disorders,Female,Agegroup:10–14years–Rate,381.0,,,ED
2021–2022,Anxiety disorders,Male,Agegroup:10–14years–Rate,111.0,,,ED
2021–2022,Anxiety disorders,Total,Agegroup:10–14years–Rate,242.0,,,ED
2021–2022,Personality disorders,Female,Agegroup:10–14years–Rate,27.0,,,ED
2021–2022,Personality disorders,Male,Agegroup:10–14years–Rate,6.0,,,ED
2021–2022,Personality disorders,Total,Agegroup:10–14years–Rate,16.0,,,ED
2021–2022,Other disorders,Female,Agegroup:10–14years–Rate,618.0,,,ED
2021–2022,Other disorders,Male,Agegroup:10–14years–Rate,303.0,,,ED
2021–2022,Other disorders,Total,Agegroup:10–14years–Rate,455.0,,,ED
2021–2022,   Trauma- and stressor-related disorders,Female,Agegroup:10–14years–Rate,420.0,,,ED
2021–2022,   Trauma- and stressor-related disorders,Male,Agegroup:10–14years–Rate,172.0,,,ED
2021–2022,   Trauma- and stressor-related disorders,Total,Agegroup:10–14years–Rate,292.0,,,ED
2021–2022,"   Disruptive, impulse control and conduct disorders",Female,Agegroup:10–14years–Rate,45.0,,,ED
2021–2022,"   Disruptive, impulse control and conduct disorders",Male,Agegroup:10–14years–Rate,60.0,,,ED
2021–2022,"   Disruptive, impulse control and conduct disorders",Total,Agegroup:10–14years–Rate,53.0,,,ED
2021–2022,   Eating and feeding disorders,Female,Agegroup:10–14years–Rate,74.0,,,ED
2021–2022,   Eating and feeding disorders,Male,Agegroup:10–14years–Rate,6.0,,,ED
2021–2022,   Eating and feeding disorders,Total,Agegroup:10–14years–Rate,39.0,,,ED
2021–2022,   Tic disorders,Female,Agegroup:10–14years–Rate,26.0,,,ED
2021–2022,   Tic disorders,Male,Agegroup:10–14years–Rate,11.0,,,ED
2021–2022,   Tic disorders,Total,Agegroup:10–14years–Rate,18.0,,,ED
2021–2022,   ADHD,Female,Agegroup:10–14years–Rate,25.0,,,ED
2021–2022,   ADHD,Male,Agegroup:10–14years–Rate,39.0,,,ED
2021–2022,   ADHD,Total,Agegroup:10–14years–Rate,32.0,,,ED
2022–2023,Neurocognitive disorders,Female,Agegroup:10–14years–Rate,9.0,,,ED
2022–2023,Neurocognitive disorders,Male,Agegroup:10–14years–Rate,7.0,,,ED
2022–2023,Neurocognitive disorders,Total,Agegroup:10–14years–Rate,8.0,,,ED
2022–2023,Substance-related disorders,Female,Agegroup:10–14years–Rate,89.0,,,ED
2022–2023,Substance-related disorders,Male,Agegroup:10–14years–Rate,45.0,,,ED
2022–2023,Substance-related disorders,Total,Agegroup:10–14years–Rate,66.0,,,ED
2022–2023,Schizophrenic and psychotic disorders,Female,Agegroup:10–14years–Rate,11.0,,,ED
2022–2023,Schizophrenic and psychotic disorders,Male,Agegroup:10–14years–Rate,12.0,,,ED
2022–2023,Schizophrenic and psychotic disorders,Total,Agegroup:10–14years–Rate,11.0,,,ED
2022–2023,Mood disorders,Female,Agegroup:10–14years–Rate,355.0,,,ED
2022–2023,Mood disorders,Male,Agegroup:10–14years–Rate,95.0,,,ED
2022–2023,Mood disorders,Total,Agegroup:10–14years–Rate,221.0,,,ED
2022–2023,Anxiety disorders,Female,Agegroup:10–14years–Rate,317.0,,,ED
2022–2023,Anxiety disorders,Male,Agegroup:10–14years–Rate,112.0,,,ED
2022–2023,Anxiety disorders,Total,Agegroup:10–14years–Rate,211.0,,,ED
2022–2023,Personality disorders,Female,Agegroup:10–14years–Rate,24.0,,,ED
2022–2023,Personality disorders,Male,Agegroup:10–14years–Rate,6.0,,,ED
2022–2023,Personality disorders,Total,Agegroup:10–14years–Rate,15.0,,,ED
2022–2023,Other disorders,Female,Agegroup:10–14years–Rate,527.0,,,ED
2022–2023,Other disorders,Male,Agegroup:10–14years–Rate,292.0,,,ED
2022–2023,Other disorders,Total,Agegroup:10–14years–Rate,406.0,,,ED
2022–2023,   Trauma- and stressor-related disorders,Female,Agegroup:10–14years–Rate,372.0,,,ED
2022–2023,   Trauma- and stressor-related disorders,Male,Agegroup:10–14years–Rate,157.0,,,ED
2022–2023,   Trauma- and stressor-related disorders,Total,Agegroup:10–14years–Rate,261.0,,,ED
2022–2023,"   Disruptive, impulse control and conduct disorders",Female,Agegroup:10–14years–Rate,43.0,,,ED
2022–2023,"   Disruptive, impulse control and conduct disorders",Male,Agegroup:10–14years–Rate,54.0,,,ED
2022–2023,"   Disruptive, impulse control and conduct disorders",Total,Agegroup:10–14years–Rate,49.0,,,ED
2022–2023,   Eating and feeding disorders,Female,Agegroup:10–14years–Rate,52.0,,,ED
2022–2023,   Eating and feeding disorders,Male,Agegroup:10–14years–Rate,6.0,,,ED
2022–2023,   Eating and feeding disorders,Total,Agegroup:10–14years–Rate,28.0,,,ED
2022–2023,   Tic disorders,Female,Agegroup:10–14years–Rate,12.0,,,ED
2022–2023,   Tic disorders,Male,Agegroup:10–14years–Rate,10.0,,,ED
2022–2023,   Tic disorders,Total,Agegroup:10–14years–Rate,11.0,,,ED
2022–2023,   ADHD,Female,Agegroup:10–14years–Rate,22.0,,,ED
2022–2023,   ADHD,Male,Agegroup:10–14years–Rate,32.0,,,ED
2022–2023,   ADHD,Total,Agegroup:10–14years–Rate,27.0,,,ED
2023–2024,Neurocognitive disorders,Female,Agegroup:10–14years–Rate,9.0,,,ED
2023–2024,Neurocognitive disorders,Male,Agegroup:10–14years–Rate,8.0,,,ED
2023–2024,Neurocognitive disorders,Total,Agegroup:10–14years–Rate,9.0,,,ED
2023–2024,Substance-related disorders,Female,Agegroup:10–14years–Rate,94.0,,,ED
2023–2024,Substance-related disorders,Male,Agegroup:10–14years–Rate,52.0,,,ED
2023–2024,Substance-related disorders,Total,Agegroup:10–14years–Rate,72.0,,,ED
2023–2024,Schizophrenic and psychotic disorders,Female,Agegroup:10–14years–Rate,13.0,,,ED
2023–2024,Schizophrenic and psychotic disorders,Male,Agegroup:10–14years–Rate,9.0,,,ED
2023–2024,Schizophrenic and psychotic disorders,Total,Agegroup:10–14years–Rate,11.0,,,ED
2023–2024,Mood disorders,Female,Agegroup:10–14years–Rate,278.0,,,ED
2023–2024,Mood disorders,Male,Agegroup:10–14years–Rate,86.0,,,ED
2023–2024,Mood disorders,Total,Agegroup:10–14years–Rate,179.0,,,ED
2023–2024,Anxiety disorders,Female,Agegroup:10–14years–Rate,261.0,,,ED
2023–2024,Anxiety disorders,Male,Agegroup:10–14years–Rate,107.0,,,ED
2023–2024,Anxiety disorders,Total,Agegroup:10–14years–Rate,182.0,,,ED
2023–2024,Personality disorders,Female,Agegroup:10–14years–Rate,21.0,,,ED
2023–2024,Personality disorders,Male,Agegroup:10–14years–Rate,6.0,,,ED
2023–2024,Personality disorders,Total,Agegroup:10–14years–Rate,13.0,,,ED
2023–2024,Other disorders,Female,Agegroup:10–14years–Rate,440.0,,,ED
2023–2024,Other disorders,Male,Agegroup:10–14years–Rate,274.0,,,ED
2023–2024,Other disorders,Total,Agegroup:10–14years–Rate,355.0,,,ED
2023–2024,   Trauma- and stressor-related disorders,Female,Agegroup:10–14years–Rate,311.0,,,ED
2023–2024,   Trauma- and stressor-related disorders,Male,Agegroup:10–14years–Rate,152.0,,,ED
2023–2024,   Trauma- and stressor-related disorders,Total,Agegroup:10–14years–Rate,229.0,,,ED
2023–2024,"   Disruptive, impulse control and conduct disorders",Female,Agegroup:10–14years–Rate,42.0,,,ED
2023–2024,"   Disruptive, impulse control and conduct disorders",Male,Agegroup:10–14years–Rate,48.0,,,ED
2023–2024,"   Disruptive, impulse control and conduct disorders",Total,Agegroup:10–14years–Rate,45.0,,,ED
2023–2024,   Eating and feeding disorders,Female,Agegroup:10–14years–Rate,41.0,,,ED
2023–2024,   Eating and feeding disorders,Male,Agegroup:10–14years–Rate,4.0,,,ED
2023–2024,   Eating and feeding disorders,Total,Agegroup:10–14years–Rate,22.0,,,ED
2023–2024,   Tic disorders,Female,Agegroup:10–14years–Rate,8.0,,,ED
2023–2024,   Tic disorders,Male,Agegroup:10–14years–Rate,7.0,,,ED
2023–2024,   Tic disorders,Total,Agegroup:10–14years–Rate,7.0,,,ED
2023–2024,   ADHD,Female,Agegroup:10–14years–Rate,17.0,,,ED
2023–2024,   ADHD,Male,Agegroup:10–14years–Rate,31.0,,,ED
2023–2024,   ADHD,Total,Agegroup:10–14years–Rate,24.0,,,ED
2018–2019,Neurocognitive disorders,Female,Agegroup:10–14years–95%CI,,,,ED
2018–2019,Neurocognitive disorders,Male,Agegroup:10–14years–95%CI,,,,ED
2018–2019,Neurocognitive disorders,Total,Agegroup:10–14years–95%CI,,,,ED
2018–2019,Substance-related disorders,Female,Agegroup:10–14years–95%CI,,,,ED
2018–2019,Substance-related disorders,Male,Agegroup:10–14years–95%CI,,,,ED
2018–2019,Substance-related disorders,Total,Agegroup:10–14years–95%CI,,,,ED
2018–2019,Schizophrenic and psychotic disorders,Female,Agegroup:10–14years–95%CI,,,,ED
2018–2019,Schizophrenic and psychotic disorders,Male,Agegroup:10–14years–95%CI,,,,ED
2018–2019,Schizophrenic and psychotic disorders,Total,Agegroup:10–14years–95%CI,,,,ED
2018–2019,Mood disorders,Female,Agegroup:10–14years–95%CI,,,,ED
2018–2019,Mood disorders,Male,Agegroup:10–14years–95%CI,,,,ED
2018–2019,Mood disorders,Total,Agegroup:10–14years–95%CI,,,,ED
2018–2019,Anxiety disorders,Female,Agegroup:10–14years–95%CI,,,,ED
2018–2019,Anxiety disorders,Male,Agegroup:10–14years–95%CI,,,,ED
2018–2019,Anxiety disorders,Total,Agegroup:10–14years–95%CI,,,,ED
2018–2019,Personality disorders,Female,Agegroup:10–14years–95%CI,,,,ED
2018–2019,Personality disorders,Male,Agegroup:10–14years–95%CI,,,,ED
2018–2019,Personality disorders,Total,Agegroup:10–14years–95%CI,,,,ED
2018–2019,Other disorders,Female,Agegroup:10–14years–95%CI,,,,ED
2018–2019,Other disorders,Male,Agegroup:10–14years–95%CI,,,,ED
2018–2019,Other disorders,Total,Agegroup:10–14years–95%CI,,,,ED
2018–2019,   Trauma- and stressor-related disorders,Female,Agegroup:10–14years–95%CI,,,,ED
2018–2019,   Trauma- and stressor-related disorders,Male,Agegroup:10–14years–95%CI,,,,ED
2018–2019,   Trauma- and stressor-related disorders,Total,Agegroup:10–14years–95%CI,,,,ED
2018–2019,"   Disruptive, impulse control and conduct disorders",Female,Agegroup:10–14years–95%CI,,,,ED
2018–2019,"   Disruptive, impulse control and conduct disorders",Male,Agegroup:10–14years–95%CI,,,,ED
2018–2019,"   Disruptive, impulse control and conduct disorders",Total,Agegroup:10–14years–95%CI,,,,ED
2018–2019,   Eating and feeding disorders,Female,Agegroup:10–14years–95%CI,,,,ED
2018–2019,   Eating and feeding disorders,Male,Agegroup:10–14years–95%CI,,,,ED
2018–2019,   Eating and feeding disorders,Total,Agegroup:10–14years–95%CI,,,,ED
2018–2019,   Tic disorders,Female,Agegroup:10–14years–95%CI,,,,ED
2018–2019,   Tic disorders,Male,Agegroup:10–14years–95%CI,,,,ED
2018–2019,   Tic disorders,Total,Agegroup:10–14years–95%CI,,,,ED
2018–2019,   ADHD,Female,Agegroup:10–14years–95%CI,,,,ED
2018–2019,   ADHD,Male,Agegroup:10–14years–95%CI,,,,ED
2018–2019,   ADHD,Total,Agegroup:10–14years–95%CI,,,,ED
2019–2020,Neurocognitive disorders,Female,Agegroup:10–14years–95%CI,,,,ED
2019–2020,Neurocognitive disorders,Male,Agegroup:10–14years–95%CI,,,,ED
2019–2020,Neurocognitive disorders,Total,Agegroup:10–14years–95%CI,,,,ED
2019–2020,Substance-related disorders,Female,Agegroup:10–14years–95%CI,,,,ED
2019–2020,Substance-related disorders,Male,Agegroup:10–14years–95%CI,,,,ED
2019–2020,Substance-related disorders,Total,Agegroup:10–14years–95%CI,,,,ED
2019–2020,Schizophrenic and psychotic disorders,Female,Agegroup:10–14years–95%CI,,,,ED
2019–2020,Schizophrenic and psychotic disorders,Male,Agegroup:10–14years–95%CI,,,,ED
2019–2020,Schizophrenic and psychotic disorders,Total,Agegroup:10–14years–95%CI,,,,ED
2019–2020,Mood disorders,Female,Agegroup:10–14years–95%CI,,,,ED
2019–2020,Mood disorders,Male,Agegroup:10–14years–95%CI,,,,ED
2019–2020,Mood disorders,Total,Agegroup:10–14years–95%CI,,,,ED
2019–2020,Anxiety disorders,Female,Agegroup:10–14years–95%CI,,,,ED
2019–2020,Anxiety disorders,Male,Agegroup:10–14years–95%CI,,,,ED
2019–2020,Anxiety disorders,Total,Agegroup:10–14years–95%CI,,,,ED
2019–2020,Personality disorders,Female,Agegroup:10–14years–95%CI,,,,ED
2019–2020,Personality disorders,Male,Agegroup:10–14years–95%CI,,,,ED
2019–2020,Personality disorders,Total,Agegroup:10–14years–95%CI,,,,ED
2019–2020,Other disorders,Female,Agegroup:10–14years–95%CI,,,,ED
2019–2020,Other disorders,Male,Agegroup:10–14years–95%CI,,,,ED
2019–2020,Other disorders,Total,Agegroup:10–14years–95%CI,,,,ED
2019–2020,   Trauma- and stressor-related disorders,Female,Agegroup:10–14years–95%CI,,,,ED
2019–2020,   Trauma- and stressor-related disorders,Male,Agegroup:10–14years–95%CI,,,,ED
2019–2020,   Trauma- and stressor-related disorders,Total,Agegroup:10–14years–95%CI,,,,ED
2019–2020,"   Disruptive, impulse control and conduct disorders",Female,Agegroup:10–14years–95%CI,,,,ED
2019–2020,"   Disruptive, impulse control and conduct disorders",Male,Agegroup:10–14years–95%CI,,,,ED
2019–2020,"   Disruptive, impulse control and conduct disorders",Total,Agegroup:10–14years–95%CI,,,,ED
2019–2020,   Eating and feeding disorders,Female,Agegroup:10–14years–95%CI,,,,ED
2019–2020,   Eating and feeding disorders,Male,Agegroup:10–14years–95%CI,,,,ED
2019–2020,   Eating and feeding disorders,Total,Agegroup:10–14years–95%CI,,,,ED
2019–2020,   Tic disorders,Female,Agegroup:10–14years–95%CI,,,,ED
2019–2020,   Tic disorders,Male,Agegroup:10–14years–95%CI,,,,ED
2019–2020,   Tic disorders,Total,Agegroup:10–14years–95%CI,,,,ED
2019–2020,   ADHD,Female,Agegroup:10–14years–95%CI,,,,ED
2019–2020,   ADHD,Male,Agegroup:10–14years–95%CI,,,,ED
2019–2020,   ADHD,Total,Agegroup:10–14years–95%CI,,,,ED
2020–2021,Neurocognitive disorders,Female,Agegroup:10–14years–95%CI,,,,ED
2020–2021,Neurocognitive disorders,Male,Agegroup:10–14years–95%CI,,,,ED
2020–2021,Neurocognitive disorders,Total,Agegroup:10–14years–95%CI,,,,ED
2020–2021,Substance-related disorders,Female,Agegroup:10–14years–95%CI,,,,ED
2020–2021,Substance-related disorders,Male,Agegroup:10–14years–95%CI,,,,ED
2020–2021,Substance-related disorders,Total,Agegroup:10–14years–95%CI,,,,ED
2020–2021,Schizophrenic and psychotic disorders,Female,Agegroup:10–14years–95%CI,,,,ED
2020–2021,Schizophrenic and psychotic disorders,Male,Agegroup:10–14years–95%CI,,,,ED
2020–2021,Schizophrenic and psychotic disorders,Total,Agegroup:10–14years–95%CI,,,,ED
2020–2021,Mood disorders,Female,Agegroup:10–14years–95%CI,,,,ED
2020–2021,Mood disorders,Male,Agegroup:10–14years–95%CI,,,,ED
2020–2021,Mood disorders,Total,Agegroup:10–14years–95%CI,,,,ED
2020–2021,Anxiety disorders,Female,Agegroup:10–14years–95%CI,,,,ED
2020–2021,Anxiety disorders,Male,Agegroup:10–14years–95%CI,,,,ED
2020–2021,Anxiety disorders,Total,Agegroup:10–14years–95%CI,,,,ED
2020–2021,Personality disorders,Female,Agegroup:10–14years–95%CI,,,,ED
2020–2021,Personality disorders,Male,Agegroup:10–14years–95%CI,,,,ED
2020–2021,Personality disorders,Total,Agegroup:10–14years–95%CI,,,,ED
2020–2021,Other disorders,Female,Agegroup:10–14years–95%CI,,,,ED
2020–2021,Other disorders,Male,Agegroup:10–14years–95%CI,,,,ED
2020–2021,Other disorders,Total,Agegroup:10–14years–95%CI,,,,ED
2020–2021,   Trauma- and stressor-related disorders,Female,Agegroup:10–14years–95%CI,,,,ED
2020–2021,   Trauma- and stressor-related disorders,Male,Agegroup:10–14years–95%CI,,,,ED
2020–2021,   Trauma- and stressor-related disorders,Total,Agegroup:10–14years–95%CI,,,,ED
2020–2021,"   Disruptive, impulse control and conduct disorders",Female,Agegroup:10–14years–95%CI,,,,ED
2020–2021,"   Disruptive, impulse control and conduct disorders",Male,Agegroup:10–14years–95%CI,,,,ED
2020–2021,"   Disruptive, impulse control and conduct disorders",Total,Agegroup:10–14years–95%CI,,,,ED
2020–2021,   Eating and feeding disorders,Female,Agegroup:10–14years–95%CI,,,,ED
2020–2021,   Eating and feeding disorders,Male,Agegroup:10–14years–95%CI,,,,ED
2020–2021,   Eating and feeding disorders,Total,Agegroup:10–14years–95%CI,,,,ED
2020–2021,   Tic disorders,Female,Agegroup:10–14years–95%CI,,,,ED
2020–2021,   Tic disorders,Male,Agegroup:10–14years–95%CI,,,,ED
2020–2021,   Tic disorders,Total,Agegroup:10–14years–95%CI,,,,ED
2020–2021,   ADHD,Female,Agegroup:10–14years–95%CI,,,,ED
2020–2021,   ADHD,Male,Agegroup:10–14years–95%CI,,,,ED
2020–2021,   ADHD,Total,Agegroup:10–14years–95%CI,,,,ED
2021–2022,Neurocognitive disorders,Female,Agegroup:10–14years–95%CI,,,,ED
2021–2022,Neurocognitive disorders,Male,Agegroup:10–14years–95%CI,,,,ED
2021–2022,Neurocognitive disorders,Total,Agegroup:10–14years–95%CI,,,,ED
2021–2022,Substance-related disorders,Female,Agegroup:10–14years–95%CI,,,,ED
2021–2022,Substance-related disorders,Male,Agegroup:10–14years–95%CI,,,,ED
2021–2022,Substance-related disorders,Total,Agegroup:10–14years–95%CI,,,,ED
2021–2022,Schizophrenic and psychotic disorders,Female,Agegroup:10–14years–95%CI,,,,ED
2021–2022,Schizophrenic and psychotic disorders,Male,Agegroup:10–14years–95%CI,,,,ED
2021–2022,Schizophrenic and psychotic disorders,Total,Agegroup:10–14years–95%CI,,,,ED
2021–2022,Mood disorders,Female,Agegroup:10–14years–95%CI,,,,ED
2021–2022,Mood disorders,Male,Agegroup:10–14years–95%CI,,,,ED
2021–2022,Mood disorders,Total,Agegroup:10–14years–95%CI,,,,ED
2021–2022,Anxiety disorders,Female,Agegroup:10–14years–95%CI,,,,ED
2021–2022,Anxiety disorders,Male,Agegroup:10–14years–95%CI,,,,ED
2021–2022,Anxiety disorders,Total,Agegroup:10–14years–95%CI,,,,ED
2021–2022,Personality disorders,Female,Agegroup:10–14years–95%CI,,,,ED
2021–2022,Personality disorders,Male,Agegroup:10–14years–95%CI,,,,ED
2021–2022,Personality disorders,Total,Agegroup:10–14years–95%CI,,,,ED
2021–2022,Other disorders,Female,Agegroup:10–14years–95%CI,,,,ED
2021–2022,Other disorders,Male,Agegroup:10–14years–95%CI,,,,ED
2021–2022,Other disorders,Total,Agegroup:10–14years–95%CI,,,,ED
2021–2022,   Trauma- and stressor-related disorders,Female,Agegroup:10–14years–95%CI,,,,ED
2021–2022,   Trauma- and stressor-related disorders,Male,Agegroup:10–14years–95%CI,,,,ED
2021–2022,   Trauma- and stressor-related disorders,Total,Agegroup:10–14years–95%CI,,,,ED
2021–2022,"   Disruptive, impulse control and conduct disorders",Female,Agegroup:10–14years–95%CI,,,,ED
2021–2022,"   Disruptive, impulse control and conduct disorders",Male,Agegroup:10–14years–95%CI,,,,ED
2021–2022,"   Disruptive, impulse control and conduct disorders",Total,Agegroup:10–14years–95%CI,,,,ED
2021–2022,   Eating and feeding disorders,Female,Agegroup:10–14years–95%CI,,,,ED
2021–2022,   Eating and feeding disorders,Male,Agegroup:10–14years–95%CI,,,,ED
2021–2022,   Eating and feeding disorders,Total,Agegroup:10–14years–95%CI,,,,ED
2021–2022,   Tic disorders,Female,Agegroup:10–14years–95%CI,,,,ED
2021–2022,   Tic disorders,Male,Agegroup:10–14years–95%CI,,,,ED
2021–2022,   Tic disorders,Total,Agegroup:10–14years–95%CI,,,,ED
2021–2022,   ADHD,Female,Agegroup:10–14years–95%CI,,,,ED
2021–2022,   ADHD,Male,Agegroup:10–14years–95%CI,,,,ED
2021–2022,   ADHD,Total,Agegroup:10–14years–95%CI,,,,ED
2022–2023,Neurocognitive disorders,Female,Agegroup:10–14years–95%CI,,,,ED
2022–2023,Neurocognitive disorders,Male,Agegroup:10–14years–95%CI,,,,ED
2022–2023,Neurocognitive disorders,Total,Agegroup:10–14years–95%CI,,,,ED
2022–2023,Substance-related disorders,Female,Agegroup:10–14years–95%CI,,,,ED
2022–2023,Substance-related disorders,Male,Agegroup:10–14years–95%CI,,,,ED
2022–2023,Substance-related disorders,Total,Agegroup:10–14years–95%CI,,,,ED
2022–2023,Schizophrenic and psychotic disorders,Female,Agegroup:10–14years–95%CI,,,,ED
2022–2023,Schizophrenic and psychotic disorders,Male,Agegroup:10–14years–95%CI,,,,ED
2022–2023,Schizophrenic and psychotic disorders,Total,Agegroup:10–14years–95%CI,,,,ED
2022–2023,Mood disorders,Female,Agegroup:10–14years–95%CI,,,,ED
2022–2023,Mood disorders,Male,Agegroup:10–14years–95%CI,,,,ED
2022–2023,Mood disorders,Total,Agegroup:10–14years–95%CI,,,,ED
2022–2023,Anxiety disorders,Female,Agegroup:10–14years–95%CI,,,,ED
2022–2023,Anxiety disorders,Male,Agegroup:10–14years–95%CI,,,,ED
2022–2023,Anxiety disorders,Total,Agegroup:10–14years–95%CI,,,,ED
2022–2023,Personality disorders,Female,Agegroup:10–14years–95%CI,,,,ED
2022–2023,Personality disorders,Male,Agegroup:10–14years–95%CI,,,,ED
2022–2023,Personality disorders,Total,Agegroup:10–14years–95%CI,,,,ED
2022–2023,Other disorders,Female,Agegroup:10–14years–95%CI,,,,ED
2022–2023,Other disorders,Male,Agegroup:10–14years–95%CI,,,,ED
2022–2023,Other disorders,Total,Agegroup:10–14years–95%CI,,,,ED
2022–2023,   Trauma- and stressor-related disorders,Female,Agegroup:10–14years–95%CI,,,,ED
2022–2023,   Trauma- and stressor-related disorders,Male,Agegroup:10–14years–95%CI,,,,ED
2022–2023,   Trauma- and stressor-related disorders,Total,Agegroup:10–14years–95%CI,,,,ED
2022–2023,"   Disruptive, impulse control and conduct disorders",Female,Agegroup:10–14years–95%CI,,,,ED
2022–2023,"   Disruptive, impulse control and conduct disorders",Male,Agegroup:10–14years–95%CI,,,,ED
2022–2023,"   Disruptive, impulse control and conduct disorders",Total,Agegroup:10–14years–95%CI,,,,ED
2022–2023,   Eating and feeding disorders,Female,Agegroup:10–14years–95%CI,,,,ED
2022–2023,   Eating and feeding disorders,Male,Agegroup:10–14years–95%CI,,,,ED
2022–2023,   Eating and feeding disorders,Total,Agegroup:10–14years–95%CI,,,,ED
2022–2023,   Tic disorders,Female,Agegroup:10–14years–95%CI,,,,ED
2022–2023,   Tic disorders,Male,Agegroup:10–14years–95%CI,,,,ED
2022–2023,   Tic disorders,Total,Agegroup:10–14years–95%CI,,,,ED
2022–2023,   ADHD,Female,Agegroup:10–14years–95%CI,,,,ED
2022–2023,   ADHD,Male,Agegroup:10–14years–95%CI,,,,ED
2022–2023,   ADHD,Total,Agegroup:10–14years–95%CI,,,,ED
2023–2024,Neurocognitive disorders,Female,Agegroup:10–14years–95%CI,,,,ED
2023–2024,Neurocognitive disorders,Male,Agegroup:10–14years–95%CI,,,,ED
2023–2024,Neurocognitive disorders,Total,Agegroup:10–14years–95%CI,,,,ED
2023–2024,Substance-related disorders,Female,Agegroup:10–14years–95%CI,,,,ED
2023–2024,Substance-related disorders,Male,Agegroup:10–14years–95%CI,,,,ED
2023–2024,Substance-related disorders,Total,Agegroup:10–14years–95%CI,,,,ED
2023–2024,Schizophrenic and psychotic disorders,Female,Agegroup:10–14years–95%CI,,,,ED
2023–2024,Schizophrenic and psychotic disorders,Male,Agegroup:10–14years–95%CI,,,,ED
2023–2024,Schizophrenic and psychotic disorders,Total,Agegroup:10–14years–95%CI,,,,ED
2023–2024,Mood disorders,Female,Agegroup:10–14years–95%CI,,,,ED
2023–2024,Mood disorders,Male,Agegroup:10–14years–95%CI,,,,ED
2023–2024,Mood disorders,Total,Agegroup:10–14years–95%CI,,,,ED
2023–2024,Anxiety disorders,Female,Agegroup:10–14years–95%CI,,,,ED
2023–2024,Anxiety disorders,Male,Agegroup:10–14years–95%CI,,,,ED
2023–2024,Anxiety disorders,Total,Agegroup:10–14years–95%CI,,,,ED
2023–2024,Personality disorders,Female,Agegroup:10–14years–95%CI,,,,ED
2023–2024,Personality disorders,Male,Agegroup:10–14years–95%CI,,,,ED
2023–2024,Personality disorders,Total,Agegroup:10–14years–95%CI,,,,ED
2023–2024,Other disorders,Female,Agegroup:10–14years–95%CI,,,,ED
2023–2024,Other disorders,Male,Agegroup:10–14years–95%CI,,,,ED
2023–2024,Other disorders,Total,Agegroup:10–14years–95%CI,,,,ED
2023–2024,   Trauma- and stressor-related disorders,Female,Agegroup:10–14years–95%CI,,,,ED
2023–2024,   Trauma- and stressor-related disorders,Male,Agegroup:10–14years–95%CI,,,,ED
2023–2024,   Trauma- and stressor-related disorders,Total,Agegroup:10–14years–95%CI,,,,ED
2023–2024,"   Disruptive, impulse control and conduct disorders",Female,Agegroup:10–14years–95%CI,,,,ED
2023–2024,"   Disruptive, impulse control and conduct disorders",Male,Agegroup:10–14years–95%CI,,,,ED
2023–2024,"   Disruptive, impulse control and conduct disorders",Total,Agegroup:10–14years–95%CI,,,,ED
2023–2024,   Eating and feeding disorders,Female,Agegroup:10–14years–95%CI,,,,ED
2023–2024,   Eating and feeding disorders,Male,Agegroup:10–14years–95%CI,,,,ED
2023–2024,   Eating and feeding disorders,Total,Agegroup:10–14years–95%CI,,,,ED
2023–2024,   Tic disorders,Female,Agegroup:10–14years–95%CI,,,,ED
2023–2024,   Tic disorders,Male,Agegroup:10–14years–95%CI,,,,ED
2023–2024,   Tic disorders,Total,Agegroup:10–14years–95%CI,,,,ED
2023–2024,   ADHD,Female,Agegroup:10–14years–95%CI,,,,ED
2023–2024,   ADHD,Male,Agegroup:10–14years–95%CI,,,,ED
2023–2024,   ADHD,Total,Agegroup:10–14years–95%CI,,,,ED
2018–2019,Neurocognitive disorders,Female,Agegroup:15–17years–Rate,52.0,,,ED
2018–2019,Neurocognitive disorders,Male,Agegroup:15–17years–Rate,31.0,,,ED
2018–2019,Neurocognitive disorders,Total,Agegroup:15–17years–Rate,41.0,,,ED
2018–2019,Substance-related disorders,Female,Agegroup:15–17years–Rate,513.0,,,ED
2018–2019,Substance-related disorders,Male,Agegroup:15–17years–Rate,539.0,,,ED
2018–2019,Substance-related disorders,Total,Agegroup:15–17years–Rate,526.0,,,ED
2018–2019,Schizophrenic and psychotic disorders,Female,Agegroup:15–17years–Rate,67.0,,,ED
2018–2019,Schizophrenic and psychotic disorders,Male,Agegroup:15–17years–Rate,93.0,,,ED
2018–2019,Schizophrenic and psychotic disorders,Total,Agegroup:15–17years–Rate,81.0,,,ED
2018–2019,Mood disorders,Female,Agegroup:15–17years–Rate,1149.0,,,ED
2018–2019,Mood disorders,Male,Agegroup:15–17years–Rate,514.0,,,ED
2018–2019,Mood disorders,Total,Agegroup:15–17years–Rate,824.0,,,ED
2018–2019,Anxiety disorders,Female,Agegroup:15–17years–Rate,784.0,,,ED
2018–2019,Anxiety disorders,Male,Agegroup:15–17years–Rate,390.0,,,ED
2018–2019,Anxiety disorders,Total,Agegroup:15–17years–Rate,583.0,,,ED
2018–2019,Personality disorders,Female,Agegroup:15–17years–Rate,98.0,,,ED
2018–2019,Personality disorders,Male,Agegroup:15–17years–Rate,18.0,,,ED
2018–2019,Personality disorders,Total,Agegroup:15–17years–Rate,57.0,,,ED
2018–2019,Other disorders,Female,Agegroup:15–17years–Rate,1102.0,,,ED
2018–2019,Other disorders,Male,Agegroup:15–17years–Rate,636.0,,,ED
2018–2019,Other disorders,Total,Agegroup:15–17years–Rate,864.0,,,ED
2018–2019,   Trauma- and stressor-related disorders,Female,Agegroup:15–17years–Rate,926.0,,,ED
2018–2019,   Trauma- and stressor-related disorders,Male,Agegroup:15–17years–Rate,475.0,,,ED
2018–2019,   Trauma- and stressor-related disorders,Total,Agegroup:15–17years–Rate,695.0,,,ED
2018–2019,"   Disruptive, impulse control and conduct disorders",Female,Agegroup:15–17years–Rate,49.0,,,ED
2018–2019,"   Disruptive, impulse control and conduct disorders",Male,Agegroup:15–17years–Rate,73.0,,,ED
2018–2019,"   Disruptive, impulse control and conduct disorders",Total,Agegroup:15–17years–Rate,62.0,,,ED
2018–2019,   Eating and feeding disorders,Female,Agegroup:15–17years–Rate,54.0,,,ED
2018–2019,   Eating and feeding disorders,Male,Agegroup:15–17years–Rate,4.0,,,ED
2018–2019,   Eating and feeding disorders,Total,Agegroup:15–17years–Rate,29.0,,,ED
2018–2019,   Tic disorders,Female,Agegroup:15–17years–Rate,4.0,,,ED
2018–2019,   Tic disorders,Male,Agegroup:15–17years–Rate,2.0,,,ED
2018–2019,   Tic disorders,Total,Agegroup:15–17years–Rate,3.0,,,ED
2018–2019,   ADHD,Female,Agegroup:15–17years–Rate,18.0,,,ED
2018–2019,   ADHD,Male,Agegroup:15–17years–Rate,32.0,,,ED
2018–2019,   ADHD,Total,Agegroup:15–17years–Rate,25.0,,,ED
2019–2020,Neurocognitive disorders,Female,Agegroup:15–17years–Rate,42.0,,,ED
2019–2020,Neurocognitive disorders,Male,Agegroup:15–17years–Rate,27.0,,,ED
2019–2020,Neurocognitive disorders,Total,Agegroup:15–17years–Rate,34.0,,,ED
2019–2020,Substance-related disorders,Female,Agegroup:15–17years–Rate,472.0,,,ED
2019–2020,Substance-related disorders,Male,Agegroup:15–17years–Rate,527.0,,,ED
2019–2020,Substance-related disorders,Total,Agegroup:15–17years–Rate,500.0,,,ED
2019–2020,Schizophrenic and psychotic disorders,Female,Agegroup:15–17years–Rate,56.0,,,ED
2019–2020,Schizophrenic and psychotic disorders,Male,Agegroup:15–17years–Rate,77.0,,,ED
2019–2020,Schizophrenic and psychotic disorders,Total,Agegroup:15–17years–Rate,67.0,,,ED
2019–2020,Mood disorders,Female,Agegroup:15–17years–Rate,1023.0,,,ED
2019–2020,Mood disorders,Male,Agegroup:15–17years–Rate,492.0,,,ED
2019–2020,Mood disorders,Total,Agegroup:15–17years–Rate,751.0,,,ED
2019–2020,Anxiety disorders,Female,Agegroup:15–17years–Rate,798.0,,,ED
2019–2020,Anxiety disorders,Male,Agegroup:15–17years–Rate,378.0,,,ED
2019–2020,Anxiety disorders,Total,Agegroup:15–17years–Rate,583.0,,,ED
2019–2020,Personality disorders,Female,Agegroup:15–17years–Rate,78.0,,,ED
2019–2020,Personality disorders,Male,Agegroup:15–17years–Rate,16.0,,,ED
2019–2020,Personality disorders,Total,Agegroup:15–17years–Rate,46.0,,,ED
2019–2020,Other disorders,Female,Agegroup:15–17years–Rate,1027.0,,,ED
2019–2020,Other disorders,Male,Agegroup:15–17years–Rate,611.0,,,ED
2019–2020,Other disorders,Total,Agegroup:15–17years–Rate,814.0,,,ED
2019–2020,   Trauma- and stressor-related disorders,Female,Agegroup:15–17years–Rate,843.0,,,ED
2019–2020,   Trauma- and stressor-related disorders,Male,Agegroup:15–17years–Rate,463.0,,,ED
2019–2020,   Trauma- and stressor-related disorders,Total,Agegroup:15–17years–Rate,648.0,,,ED
2019–2020,"   Disruptive, impulse control and conduct disorders",Female,Agegroup:15–17years–Rate,42.0,,,ED
2019–2020,"   Disruptive, impulse control and conduct disorders",Male,Agegroup:15–17years–Rate,64.0,,,ED
2019–2020,"   Disruptive, impulse control and conduct disorders",Total,Agegroup:15–17years–Rate,53.0,,,ED
2019–2020,   Eating and feeding disorders,Female,Agegroup:15–17years–Rate,53.0,,,ED
2019–2020,   Eating and feeding disorders,Male,Agegroup:15–17years–Rate,6.0,,,ED
2019–2020,   Eating and feeding disorders,Total,Agegroup:15–17years–Rate,29.0,,,ED
2019–2020,   Tic disorders,Female,Agegroup:15–17years–Rate,9.0,,,ED
2019–2020,   Tic disorders,Male,Agegroup:15–17years–Rate,4.0,,,ED
2019–2020,   Tic disorders,Total,Agegroup:15–17years–Rate,6.0,,,ED
2019–2020,   ADHD,Female,Agegroup:15–17years–Rate,20.0,,,ED
2019–2020,   ADHD,Male,Agegroup:15–17years–Rate,36.0,,,ED
2019–2020,   ADHD,Total,Agegroup:15–17years–Rate,28.0,,,ED
2020–2021,Neurocognitive disorders,Female,Agegroup:15–17years–Rate,18.0,,,ED
2020–2021,Neurocognitive disorders,Male,Agegroup:15–17years–Rate,11.0,,,ED
2020–2021,Neurocognitive disorders,Total,Agegroup:15–17years–Rate,14.0,,,ED
2020–2021,Substance-related disorders,Female,Agegroup:15–17years–Rate,326.0,,,ED
2020–2021,Substance-related disorders,Male,Agegroup:15–17years–Rate,331.0,,,ED
2020–2021,Substance-related disorders,Total,Agegroup:15–17years–Rate,329.0,,,ED
2020–2021,Schizophrenic and psychotic disorders,Female,Agegroup:15–17years–Rate,61.0,,,ED
2020–2021,Schizophrenic and psychotic disorders,Male,Agegroup:15–17years–Rate,84.0,,,ED
2020–2021,Schizophrenic and psychotic disorders,Total,Agegroup:15–17years–Rate,73.0,,,ED
2020–2021,Mood disorders,Female,Agegroup:15–17years–Rate,797.0,,,ED
2020–2021,Mood disorders,Male,Agegroup:15–17years–Rate,326.0,,,ED
2020–2021,Mood disorders,Total,Agegroup:15–17years–Rate,555.0,,,ED
2020–2021,Anxiety disorders,Female,Agegroup:15–17years–Rate,679.0,,,ED
2020–2021,Anxiety disorders,Male,Agegroup:15–17years–Rate,315.0,,,ED
2020–2021,Anxiety disorders,Total,Agegroup:15–17years–Rate,492.0,,,ED
2020–2021,Personality disorders,Female,Agegroup:15–17years–Rate,66.0,,,ED
2020–2021,Personality disorders,Male,Agegroup:15–17years–Rate,14.0,,,ED
2020–2021,Personality disorders,Total,Agegroup:15–17years–Rate,39.0,,,ED
2020–2021,Other disorders,Female,Agegroup:15–17years–Rate,849.0,,,ED
2020–2021,Other disorders,Male,Agegroup:15–17years–Rate,432.0,,,ED
2020–2021,Other disorders,Total,Agegroup:15–17years–Rate,635.0,,,ED
2020–2021,   Trauma- and stressor-related disorders,Female,Agegroup:15–17years–Rate,616.0,,,ED
2020–2021,   Trauma- and stressor-related disorders,Male,Agegroup:15–17years–Rate,306.0,,,ED
2020–2021,   Trauma- and stressor-related disorders,Total,Agegroup:15–17years–Rate,457.0,,,ED
2020–2021,"   Disruptive, impulse control and conduct disorders",Female,Agegroup:15–17years–Rate,32.0,,,ED
2020–2021,"   Disruptive, impulse control and conduct disorders",Male,Agegroup:15–17years–Rate,43.0,,,ED
2020–2021,"   Disruptive, impulse control and conduct disorders",Total,Agegroup:15–17years–Rate,38.0,,,ED
2020–2021,   Eating and feeding disorders,Female,Agegroup:15–17years–Rate,107.0,,,ED
2020–2021,   Eating and feeding disorders,Male,Agegroup:15–17years–Rate,8.0,,,ED
2020–2021,   Eating and feeding disorders,Total,Agegroup:15–17years–Rate,56.0,,,ED
2020–2021,   Tic disorders,Female,Agegroup:15–17years–Rate,25.0,,,ED
2020–2021,   Tic disorders,Male,Agegroup:15–17years–Rate,4.0,,,ED
2020–2021,   Tic disorders,Total,Agegroup:15–17years–Rate,14.0,,,ED
2020–2021,   ADHD,Female,Agegroup:15–17years–Rate,21.0,,,ED
2020–2021,   ADHD,Male,Agegroup:15–17years–Rate,30.0,,,ED
2020–2021,   ADHD,Total,Agegroup:15–17years–Rate,25.0,,,ED
2021–2022,Neurocognitive disorders,Female,Agegroup:15–17years–Rate,19.0,,,ED
2021–2022,Neurocognitive disorders,Male,Agegroup:15–17years–Rate,11.0,,,ED
2021–2022,Neurocognitive disorders,Total,Agegroup:15–17years–Rate,15.0,,,ED
2021–2022,Substance-related disorders,Female,Agegroup:15–17years–Rate,363.0,,,ED
2021–2022,Substance-related disorders,Male,Agegroup:15–17years–Rate,316.0,,,ED
2021–2022,Substance-related disorders,Total,Agegroup:15–17years–Rate,338.0,,,ED
2021–2022,Schizophrenic and psychotic disorders,Female,Agegroup:15–17years–Rate,65.0,,,ED
2021–2022,Schizophrenic and psychotic disorders,Male,Agegroup:15–17years–Rate,87.0,,,ED
2021–2022,Schizophrenic and psychotic disorders,Total,Agegroup:15–17years–Rate,77.0,,,ED
2021–2022,Mood disorders,Female,Agegroup:15–17years–Rate,1035.0,,,ED
2021–2022,Mood disorders,Male,Agegroup:15–17years–Rate,398.0,,,ED
2021–2022,Mood disorders,Total,Agegroup:15–17years–Rate,706.0,,,ED
2021–2022,Anxiety disorders,Female,Agegroup:15–17years–Rate,807.0,,,ED
2021–2022,Anxiety disorders,Male,Agegroup:15–17years–Rate,337.0,,,ED
2021–2022,Anxiety disorders,Total,Agegroup:15–17years–Rate,564.0,,,ED
2021–2022,Personality disorders,Female,Agegroup:15–17years–Rate,107.0,,,ED
2021–2022,Personality disorders,Male,Agegroup:15–17years–Rate,15.0,,,ED
2021–2022,Personality disorders,Total,Agegroup:15–17years–Rate,59.0,,,ED
2021–2022,Other disorders,Female,Agegroup:15–17years–Rate,1080.0,,,ED
2021–2022,Other disorders,Male,Agegroup:15–17years–Rate,505.0,,,ED
2021–2022,Other disorders,Total,Agegroup:15–17years–Rate,783.0,,,ED
2021–2022,   Trauma- and stressor-related disorders,Female,Agegroup:15–17years–Rate,788.0,,,ED
2021–2022,   Trauma- and stressor-related disorders,Male,Agegroup:15–17years–Rate,374.0,,,ED
2021–2022,   Trauma- and stressor-related disorders,Total,Agegroup:15–17years–Rate,574.0,,,ED
2021–2022,"   Disruptive, impulse control and conduct disorders",Female,Agegroup:15–17years–Rate,41.0,,,ED
2021–2022,"   Disruptive, impulse control and conduct disorders",Male,Agegroup:15–17years–Rate,40.0,,,ED
2021–2022,"   Disruptive, impulse control and conduct disorders",Total,Agegroup:15–17years–Rate,40.0,,,ED
2021–2022,   Eating and feeding disorders,Female,Agegroup:15–17years–Rate,139.0,,,ED
2021–2022,   Eating and feeding disorders,Male,Agegroup:15–17years–Rate,11.0,,,ED
2021–2022,   Eating and feeding disorders,Total,Agegroup:15–17years–Rate,73.0,,,ED
2021–2022,   Tic disorders,Female,Agegroup:15–17years–Rate,26.0,,,ED
2021–2022,   Tic disorders,Male,Agegroup:15–17years–Rate,5.0,,,ED
2021–2022,   Tic disorders,Total,Agegroup:15–17years–Rate,15.0,,,ED
2021–2022,   ADHD,Female,Agegroup:15–17years–Rate,22.0,,,ED
2021–2022,   ADHD,Male,Agegroup:15–17years–Rate,28.0,,,ED
2021–2022,   ADHD,Total,Agegroup:15–17years–Rate,25.0,,,ED
2022–2023,Neurocognitive disorders,Female,Agegroup:15–17years–Rate,19.0,,,ED
2022–2023,Neurocognitive disorders,Male,Agegroup:15–17years–Rate,9.0,,,ED
2022–2023,Neurocognitive disorders,Total,Agegroup:15–17years–Rate,14.0,,,ED
2022–2023,Substance-related disorders,Female,Agegroup:15–17years–Rate,378.0,,,ED
2022–2023,Substance-related disorders,Male,Agegroup:15–17years–Rate,318.0,,,ED
2022–2023,Substance-related disorders,Total,Agegroup:15–17years–Rate,347.0,,,ED
2022–2023,Schizophrenic and psychotic disorders,Female,Agegroup:15–17years–Rate,60.0,,,ED
2022–2023,Schizophrenic and psychotic disorders,Male,Agegroup:15–17years–Rate,75.0,,,ED
2022–2023,Schizophrenic and psychotic disorders,Total,Agegroup:15–17years–Rate,68.0,,,ED
2022–2023,Mood disorders,Female,Agegroup:15–17years–Rate,832.0,,,ED
2022–2023,Mood disorders,Male,Agegroup:15–17years–Rate,352.0,,,ED
2022–2023,Mood disorders,Total,Agegroup:15–17years–Rate,584.0,,,ED
2022–2023,Anxiety disorders,Female,Agegroup:15–17years–Rate,698.0,,,ED
2022–2023,Anxiety disorders,Male,Agegroup:15–17years–Rate,289.0,,,ED
2022–2023,Anxiety disorders,Total,Agegroup:15–17years–Rate,487.0,,,ED
2022–2023,Personality disorders,Female,Agegroup:15–17years–Rate,86.0,,,ED
2022–2023,Personality disorders,Male,Agegroup:15–17years–Rate,16.0,,,ED
2022–2023,Personality disorders,Total,Agegroup:15–17years–Rate,50.0,,,ED
2022–2023,Other disorders,Female,Agegroup:15–17years–Rate,902.0,,,ED
2022–2023,Other disorders,Male,Agegroup:15–17years–Rate,454.0,,,ED
2022–2023,Other disorders,Total,Agegroup:15–17years–Rate,671.0,,,ED
2022–2023,   Trauma- and stressor-related disorders,Female,Agegroup:15–17years–Rate,688.0,,,ED
2022–2023,   Trauma- and stressor-related disorders,Male,Agegroup:15–17years–Rate,332.0,,,ED
2022–2023,   Trauma- and stressor-related disorders,Total,Agegroup:15–17years–Rate,504.0,,,ED
2022–2023,"   Disruptive, impulse control and conduct disorders",Female,Agegroup:15–17years–Rate,31.0,,,ED
2022–2023,"   Disruptive, impulse control and conduct disorders",Male,Agegroup:15–17years–Rate,39.0,,,ED
2022–2023,"   Disruptive, impulse control and conduct disorders",Total,Agegroup:15–17years–Rate,35.0,,,ED
2022–2023,   Eating and feeding disorders,Female,Agegroup:15–17years–Rate,78.0,,,ED
2022–2023,   Eating and feeding disorders,Male,Agegroup:15–17years–Rate,9.0,,,ED
2022–2023,   Eating and feeding disorders,Total,Agegroup:15–17years–Rate,42.0,,,ED
2022–2023,   Tic disorders,Female,Agegroup:15–17years–Rate,10.0,,,ED
2022–2023,   Tic disorders,Male,Agegroup:15–17years–Rate,2.0,,,ED
2022–2023,   Tic disorders,Total,Agegroup:15–17years–Rate,6.0,,,ED
2022–2023,   ADHD,Female,Agegroup:15–17years–Rate,20.0,,,ED
2022–2023,   ADHD,Male,Agegroup:15–17years–Rate,25.0,,,ED
2022–2023,   ADHD,Total,Agegroup:15–17years–Rate,23.0,,,ED
2023–2024,Neurocognitive disorders,Female,Agegroup:15–17years–Rate,20.0,,,ED
2023–2024,Neurocognitive disorders,Male,Agegroup:15–17years–Rate,18.0,,,ED
2023–2024,Neurocognitive disorders,Total,Agegroup:15–17years–Rate,19.0,,,ED
2023–2024,Substance-related disorders,Female,Agegroup:15–17years–Rate,392.0,,,ED
2023–2024,Substance-related disorders,Male,Agegroup:15–17years–Rate,339.0,,,ED
2023–2024,Substance-related disorders,Total,Agegroup:15–17years–Rate,365.0,,,ED
2023–2024,Schizophrenic and psychotic disorders,Female,Agegroup:15–17years–Rate,56.0,,,ED
2023–2024,Schizophrenic and psychotic disorders,Male,Agegroup:15–17years–Rate,84.0,,,ED
2023–2024,Schizophrenic and psychotic disorders,Total,Agegroup:15–17years–Rate,70.0,,,ED
2023–2024,Mood disorders,Female,Agegroup:15–17years–Rate,663.0,,,ED
2023–2024,Mood disorders,Male,Agegroup:15–17years–Rate,306.0,,,ED
2023–2024,Mood disorders,Total,Agegroup:15–17years–Rate,479.0,,,ED
2023–2024,Anxiety disorders,Female,Agegroup:15–17years–Rate,582.0,,,ED
2023–2024,Anxiety disorders,Male,Agegroup:15–17years–Rate,255.0,,,ED
2023–2024,Anxiety disorders,Total,Agegroup:15–17years–Rate,413.0,,,ED
2023–2024,Personality disorders,Female,Agegroup:15–17years–Rate,84.0,,,ED
2023–2024,Personality disorders,Male,Agegroup:15–17years–Rate,16.0,,,ED
2023–2024,Personality disorders,Total,Agegroup:15–17years–Rate,48.0,,,ED
2023–2024,Other disorders,Female,Agegroup:15–17years–Rate,824.0,,,ED
2023–2024,Other disorders,Male,Agegroup:15–17years–Rate,428.0,,,ED
2023–2024,Other disorders,Total,Agegroup:15–17years–Rate,619.0,,,ED
2023–2024,   Trauma- and stressor-related disorders,Female,Agegroup:15–17years–Rate,628.0,,,ED
2023–2024,   Trauma- and stressor-related disorders,Male,Agegroup:15–17years–Rate,298.0,,,ED
2023–2024,   Trauma- and stressor-related disorders,Total,Agegroup:15–17years–Rate,458.0,,,ED
2023–2024,"   Disruptive, impulse control and conduct disorders",Female,Agegroup:15–17years–Rate,33.0,,,ED
2023–2024,"   Disruptive, impulse control and conduct disorders",Male,Agegroup:15–17years–Rate,39.0,,,ED
2023–2024,"   Disruptive, impulse control and conduct disorders",Total,Agegroup:15–17years–Rate,36.0,,,ED
2023–2024,   Eating and feeding disorders,Female,Agegroup:15–17years–Rate,80.0,,,ED
2023–2024,   Eating and feeding disorders,Male,Agegroup:15–17years–Rate,8.0,,,ED
2023–2024,   Eating and feeding disorders,Total,Agegroup:15–17years–Rate,43.0,,,ED
2023–2024,   Tic disorders,Female,Agegroup:15–17years–Rate,8.0,,,ED
2023–2024,   Tic disorders,Male,Agegroup:15–17years–Rate,3.0,,,ED
2023–2024,   Tic disorders,Total,Agegroup:15–17years–Rate,6.0,,,ED
2023–2024,   ADHD,Female,Agegroup:15–17years–Rate,22.0,,,ED
2023–2024,   ADHD,Male,Agegroup:15–17years–Rate,31.0,,,ED
2023–2024,   ADHD,Total,Agegroup:15–17years–Rate,27.0,,,ED
2018–2019,Neurocognitive disorders,Female,Agegroup:15–17years–95%CI,,,,ED
2018–2019,Neurocognitive disorders,Male,Agegroup:15–17years–95%CI,,,,ED
2018–2019,Neurocognitive disorders,Total,Agegroup:15–17years–95%CI,,,,ED
2018–2019,Substance-related disorders,Female,Agegroup:15–17years–95%CI,,,,ED
2018–2019,Substance-related disorders,Male,Agegroup:15–17years–95%CI,,,,ED
2018–2019,Substance-related disorders,Total,Agegroup:15–17years–95%CI,,,,ED
2018–2019,Schizophrenic and psychotic disorders,Female,Agegroup:15–17years–95%CI,,,,ED
2018–2019,Schizophrenic and psychotic disorders,Male,Agegroup:15–17years–95%CI,,,,ED
2018–2019,Schizophrenic and psychotic disorders,Total,Agegroup:15–17years–95%CI,,,,ED
2018–2019,Mood disorders,Female,Agegroup:15–17years–95%CI,,,,ED
2018–2019,Mood disorders,Male,Agegroup:15–17years–95%CI,,,,ED
2018–2019,Mood disorders,Total,Agegroup:15–17years–95%CI,,,,ED
2018–2019,Anxiety disorders,Female,Agegroup:15–17years–95%CI,,,,ED
2018–2019,Anxiety disorders,Male,Agegroup:15–17years–95%CI,,,,ED
2018–2019,Anxiety disorders,Total,Agegroup:15–17years–95%CI,,,,ED
2018–2019,Personality disorders,Female,Agegroup:15–17years–95%CI,,,,ED
2018–2019,Personality disorders,Male,Agegroup:15–17years–95%CI,,,,ED
2018–2019,Personality disorders,Total,Agegroup:15–17years–95%CI,,,,ED
2018–2019,Other disorders,Female,Agegroup:15–17years–95%CI,,,,ED
2018–2019,Other disorders,Male,Agegroup:15–17years–95%CI,,,,ED
2018–2019,Other disorders,Total,Agegroup:15–17years–95%CI,,,,ED
2018–2019,   Trauma- and stressor-related disorders,Female,Agegroup:15–17years–95%CI,,,,ED
2018–2019,   Trauma- and stressor-related disorders,Male,Agegroup:15–17years–95%CI,,,,ED
2018–2019,   Trauma- and stressor-related disorders,Total,Agegroup:15–17years–95%CI,,,,ED
2018–2019,"   Disruptive, impulse control and conduct disorders",Female,Agegroup:15–17years–95%CI,,,,ED
2018–2019,"   Disruptive, impulse control and conduct disorders",Male,Agegroup:15–17years–95%CI,,,,ED
2018–2019,"   Disruptive, impulse control and conduct disorders",Total,Agegroup:15–17years–95%CI,,,,ED
2018–2019,   Eating and feeding disorders,Female,Agegroup:15–17years–95%CI,,,,ED
2018–2019,   Eating and feeding disorders,Male,Agegroup:15–17years–95%CI,,,,ED
2018–2019,   Eating and feeding disorders,Total,Agegroup:15–17years–95%CI,,,,ED
2018–2019,   Tic disorders,Female,Agegroup:15–17years–95%CI,,,,ED
2018–2019,   Tic disorders,Male,Agegroup:15–17years–95%CI,,,,ED
2018–2019,   Tic disorders,Total,Agegroup:15–17years–95%CI,,,,ED
2018–2019,   ADHD,Female,Agegroup:15–17years–95%CI,,,,ED
2018–2019,   ADHD,Male,Agegroup:15–17years–95%CI,,,,ED
2018–2019,   ADHD,Total,Agegroup:15–17years–95%CI,,,,ED
2019–2020,Neurocognitive disorders,Female,Agegroup:15–17years–95%CI,,,,ED
2019–2020,Neurocognitive disorders,Male,Agegroup:15–17years–95%CI,,,,ED
2019–2020,Neurocognitive disorders,Total,Agegroup:15–17years–95%CI,,,,ED
2019–2020,Substance-related disorders,Female,Agegroup:15–17years–95%CI,,,,ED
2019–2020,Substance-related disorders,Male,Agegroup:15–17years–95%CI,,,,ED
2019–2020,Substance-related disorders,Total,Agegroup:15–17years–95%CI,,,,ED
2019–2020,Schizophrenic and psychotic disorders,Female,Agegroup:15–17years–95%CI,,,,ED
2019–2020,Schizophrenic and psychotic disorders,Male,Agegroup:15–17years–95%CI,,,,ED
2019–2020,Schizophrenic and psychotic disorders,Total,Agegroup:15–17years–95%CI,,,,ED
2019–2020,Mood disorders,Female,Agegroup:15–17years–95%CI,,,,ED
2019–2020,Mood disorders,Male,Agegroup:15–17years–95%CI,,,,ED
2019–2020,Mood disorders,Total,Agegroup:15–17years–95%CI,,,,ED
2019–2020,Anxiety disorders,Female,Agegroup:15–17years–95%CI,,,,ED
2019–2020,Anxiety disorders,Male,Agegroup:15–17years–95%CI,,,,ED
2019–2020,Anxiety disorders,Total,Agegroup:15–17years–95%CI,,,,ED
2019–2020,Personality disorders,Female,Agegroup:15–17years–95%CI,,,,ED
2019–2020,Personality disorders,Male,Agegroup:15–17years–95%CI,,,,ED
2019–2020,Personality disorders,Total,Agegroup:15–17years–95%CI,,,,ED
2019–2020,Other disorders,Female,Agegroup:15–17years–95%CI,,,,ED
2019–2020,Other disorders,Male,Agegroup:15–17years–95%CI,,,,ED
2019–2020,Other disorders,Total,Agegroup:15–17years–95%CI,,,,ED
2019–2020,   Trauma- and stressor-related disorders,Female,Agegroup:15–17years–95%CI,,,,ED
2019–2020,   Trauma- and stressor-related disorders,Male,Agegroup:15–17years–95%CI,,,,ED
2019–2020,   Trauma- and stressor-related disorders,Total,Agegroup:15–17years–95%CI,,,,ED
2019–2020,"   Disruptive, impulse control and conduct disorders",Female,Agegroup:15–17years–95%CI,,,,ED
2019–2020,"   Disruptive, impulse control and conduct disorders",Male,Agegroup:15–17years–95%CI,,,,ED
2019–2020,"   Disruptive, impulse control and conduct disorders",Total,Agegroup:15–17years–95%CI,,,,ED
2019–2020,   Eating and feeding disorders,Female,Agegroup:15–17years–95%CI,,,,ED
2019–2020,   Eating and feeding disorders,Male,Agegroup:15–17years–95%CI,,,,ED
2019–2020,   Eating and feeding disorders,Total,Agegroup:15–17years–95%CI,,,,ED
2019–2020,   Tic disorders,Female,Agegroup:15–17years–95%CI,,,,ED
2019–2020,   Tic disorders,Male,Agegroup:15–17years–95%CI,,,,ED
2019–2020,   Tic disorders,Total,Agegroup:15–17years–95%CI,,,,ED
2019–2020,   ADHD,Female,Agegroup:15–17years–95%CI,,,,ED
2019–2020,   ADHD,Male,Agegroup:15–17years–95%CI,,,,ED
2019–2020,   ADHD,Total,Agegroup:15–17years–95%CI,,,,ED
2020–2021,Neurocognitive disorders,Female,Agegroup:15–17years–95%CI,,,,ED
2020–2021,Neurocognitive disorders,Male,Agegroup:15–17years–95%CI,,,,ED
2020–2021,Neurocognitive disorders,Total,Agegroup:15–17years–95%CI,,,,ED
2020–2021,Substance-related disorders,Female,Agegroup:15–17years–95%CI,,,,ED
2020–2021,Substance-related disorders,Male,Agegroup:15–17years–95%CI,,,,ED
2020–2021,Substance-related disorders,Total,Agegroup:15–17years–95%CI,,,,ED
2020–2021,Schizophrenic and psychotic disorders,Female,Agegroup:15–17years–95%CI,,,,ED
2020–2021,Schizophrenic and psychotic disorders,Male,Agegroup:15–17years–95%CI,,,,ED
2020–2021,Schizophrenic and psychotic disorders,Total,Agegroup:15–17years–95%CI,,,,ED
2020–2021,Mood disorders,Female,Agegroup:15–17years–95%CI,,,,ED
2020–2021,Mood disorders,Male,Agegroup:15–17years–95%CI,,,,ED
2020–2021,Mood disorders,Total,Agegroup:15–17years–95%CI,,,,ED
2020–2021,Anxiety disorders,Female,Agegroup:15–17years–95%CI,,,,ED
2020–2021,Anxiety disorders,Male,Agegroup:15–17years–95%CI,,,,ED
2020–2021,Anxiety disorders,Total,Agegroup:15–17years–95%CI,,,,ED
2020–2021,Personality disorders,Female,Agegroup:15–17years–95%CI,,,,ED
2020–2021,Personality disorders,Male,Agegroup:15–17years–95%CI,,,,ED
2020–2021,Personality disorders,Total,Agegroup:15–17years–95%CI,,,,ED
2020–2021,Other disorders,Female,Agegroup:15–17years–95%CI,,,,ED
2020–2021,Other disorders,Male,Agegroup:15–17years–95%CI,,,,ED
2020–2021,Other disorders,Total,Agegroup:15–17years–95%CI,,,,ED
2020–2021,   Trauma- and stressor-related disorders,Female,Agegroup:15–17years–95%CI,,,,ED
2020–2021,   Trauma- and stressor-related disorders,Male,Agegroup:15–17years–95%CI,,,,ED
2020–2021,   Trauma- and stressor-related disorders,Total,Agegroup:15–17years–95%CI,,,,ED
2020–2021,"   Disruptive, impulse control and conduct disorders",Female,Agegroup:15–17years–95%CI,,,,ED
2020–2021,"   Disruptive, impulse control and conduct disorders",Male,Agegroup:15–17years–95%CI,,,,ED
2020–2021,"   Disruptive, impulse control and conduct disorders",Total,Agegroup:15–17years–95%CI,,,,ED
2020–2021,   Eating and feeding disorders,Female,Agegroup:15–17years–95%CI,,,,ED
2020–2021,   Eating and feeding disorders,Male,Agegroup:15–17years–95%CI,,,,ED
2020–2021,   Eating and feeding disorders,Total,Agegroup:15–17years–95%CI,,,,ED
2020–2021,   Tic disorders,Female,Agegroup:15–17years–95%CI,,,,ED
2020–2021,   Tic disorders,Male,Agegroup:15–17years–95%CI,,,,ED
2020–2021,   Tic disorders,Total,Agegroup:15–17years–95%CI,,,,ED
2020–2021,   ADHD,Female,Agegroup:15–17years–95%CI,,,,ED
2020–2021,   ADHD,Male,Agegroup:15–17years–95%CI,,,,ED
2020–2021,   ADHD,Total,Agegroup:15–17years–95%CI,,,,ED
2021–2022,Neurocognitive disorders,Female,Agegroup:15–17years–95%CI,,,,ED
2021–2022,Neurocognitive disorders,Male,Agegroup:15–17years–95%CI,,,,ED
2021–2022,Neurocognitive disorders,Total,Agegroup:15–17years–95%CI,,,,ED
2021–2022,Substance-related disorders,Female,Agegroup:15–17years–95%CI,,,,ED
2021–2022,Substance-related disorders,Male,Agegroup:15–17years–95%CI,,,,ED
2021–2022,Substance-related disorders,Total,Agegroup:15–17years–95%CI,,,,ED
2021–2022,Schizophrenic and psychotic disorders,Female,Agegroup:15–17years–95%CI,,,,ED
2021–2022,Schizophrenic and psychotic disorders,Male,Agegroup:15–17years–95%CI,,,,ED
2021–2022,Schizophrenic and psychotic disorders,Total,Agegroup:15–17years–95%CI,,,,ED
2021–2022,Mood disorders,Female,Agegroup:15–17years–95%CI,,,,ED
2021–2022,Mood disorders,Male,Agegroup:15–17years–95%CI,,,,ED
2021–2022,Mood disorders,Total,Agegroup:15–17years–95%CI,,,,ED
2021–2022,Anxiety disorders,Female,Agegroup:15–17years–95%CI,,,,ED
2021–2022,Anxiety disorders,Male,Agegroup:15–17years–95%CI,,,,ED
2021–2022,Anxiety disorders,Total,Agegroup:15–17years–95%CI,,,,ED
2021–2022,Personality disorders,Female,Agegroup:15–17years–95%CI,,,,ED
2021–2022,Personality disorders,Male,Agegroup:15–17years–95%CI,,,,ED
2021–2022,Personality disorders,Total,Agegroup:15–17years–95%CI,,,,ED
2021–2022,Other disorders,Female,Agegroup:15–17years–95%CI,,,,ED
2021–2022,Other disorders,Male,Agegroup:15–17years–95%CI,,,,ED
2021–2022,Other disorders,Total,Agegroup:15–17years–95%CI,,,,ED
2021–2022,   Trauma- and stressor-related disorders,Female,Agegroup:15–17years–95%CI,,,,ED
2021–2022,   Trauma- and stressor-related disorders,Male,Agegroup:15–17years–95%CI,,,,ED
2021–2022,   Trauma- and stressor-related disorders,Total,Agegroup:15–17years–95%CI,,,,ED
2021–2022,"   Disruptive, impulse control and conduct disorders",Female,Agegroup:15–17years–95%CI,,,,ED
2021–2022,"   Disruptive, impulse control and conduct disorders",Male,Agegroup:15–17years–95%CI,,,,ED
2021–2022,"   Disruptive, impulse control and conduct disorders",Total,Agegroup:15–17years–95%CI,,,,ED
2021–2022,   Eating and feeding disorders,Female,Agegroup:15–17years–95%CI,,,,ED
2021–2022,   Eating and feeding disorders,Male,Agegroup:15–17years–95%CI,,,,ED
2021–2022,   Eating and feeding disorders,Total,Agegroup:15–17years–95%CI,,,,ED
2021–2022,   Tic disorders,Female,Agegroup:15–17years–95%CI,,,,ED
2021–2022,   Tic disorders,Male,Agegroup:15–17years–95%CI,,,,ED
2021–2022,   Tic disorders,Total,Agegroup:15–17years–95%CI,,,,ED
2021–2022,   ADHD,Female,Agegroup:15–17years–95%CI,,,,ED
2021–2022,   ADHD,Male,Agegroup:15–17years–95%CI,,,,ED
2021–2022,   ADHD,Total,Agegroup:15–17years–95%CI,,,,ED
2022–2023,Neurocognitive disorders,Female,Agegroup:15–17years–95%CI,,,,ED
2022–2023,Neurocognitive disorders,Male,Agegroup:15–17years–95%CI,,,,ED
2022–2023,Neurocognitive disorders,Total,Agegroup:15–17years–95%CI,,,,ED
2022–2023,Substance-related disorders,Female,Agegroup:15–17years–95%CI,,,,ED
2022–2023,Substance-related disorders,Male,Agegroup:15–17years–95%CI,,,,ED
2022–2023,Substance-related disorders,Total,Agegroup:15–17years–95%CI,,,,ED
2022–2023,Schizophrenic and psychotic disorders,Female,Agegroup:15–17years–95%CI,,,,ED
2022–2023,Schizophrenic and psychotic disorders,Male,Agegroup:15–17years–95%CI,,,,ED
2022–2023,Schizophrenic and psychotic disorders,Total,Agegroup:15–17years–95%CI,,,,ED
2022–2023,Mood disorders,Female,Agegroup:15–17years–95%CI,,,,ED
2022–2023,Mood disorders,Male,Agegroup:15–17years–95%CI,,,,ED
2022–2023,Mood disorders,Total,Agegroup:15–17years–95%CI,,,,ED
2022–2023,Anxiety disorders,Female,Agegroup:15–17years–95%CI,,,,ED
2022–2023,Anxiety disorders,Male,Agegroup:15–17years–95%CI,,,,ED
2022–2023,Anxiety disorders,Total,Agegroup:15–17years–95%CI,,,,ED
2022–2023,Personality disorders,Female,Agegroup:15–17years–95%CI,,,,ED
2022–2023,Personality disorders,Male,Agegroup:15–17years–95%CI,,,,ED
2022–2023,Personality disorders,Total,Agegroup:15–17years–95%CI,,,,ED
2022–2023,Other disorders,Female,Agegroup:15–17years–95%CI,,,,ED
2022–2023,Other disorders,Male,Agegroup:15–17years–95%CI,,,,ED
2022–2023,Other disorders,Total,Agegroup:15–17years–95%CI,,,,ED
2022–2023,   Trauma- and stressor-related disorders,Female,Agegroup:15–17years–95%CI,,,,ED
2022–2023,   Trauma- and stressor-related disorders,Male,Agegroup:15–17years–95%CI,,,,ED
2022–2023,   Trauma- and stressor-related disorders,Total,Agegroup:15–17years–95%CI,,,,ED
2022–2023,"   Disruptive, impulse control and conduct disorders",Female,Agegroup:15–17years–95%CI,,,,ED
2022–2023,"   Disruptive, impulse control and conduct disorders",Male,Agegroup:15–17years–95%CI,,,,ED
2022–2023,"   Disruptive, impulse control and conduct disorders",Total,Agegroup:15–17years–95%CI,,,,ED
2022–2023,   Eating and feeding disorders,Female,Agegroup:15–17years–95%CI,,,,ED
2022–2023,   Eating and feeding disorders,Male,Agegroup:15–17years–95%CI,,,,ED
2022–2023,   Eating and feeding disorders,Total,Agegroup:15–17years–95%CI,,,,ED
2022–2023,   Tic disorders,Female,Agegroup:15–17years–95%CI,,,,ED
2022–2023,   Tic disorders,Male,Agegroup:15–17years–95%CI,,,,ED
2022–2023,   Tic disorders,Total,Agegroup:15–17years–95%CI,,,,ED
2022–2023,   ADHD,Female,Agegroup:15–17years–95%CI,,,,ED
2022–2023,   ADHD,Male,Agegroup:15–17years–95%CI,,,,ED
2022–2023,   ADHD,Total,Agegroup:15–17years–95%CI,,,,ED
2023–2024,Neurocognitive disorders,Female,Agegroup:15–17years–95%CI,,,,ED
2023–2024,Neurocognitive disorders,Male,Agegroup:15–17years–95%CI,,,,ED
2023–2024,Neurocognitive disorders,Total,Agegroup:15–17years–95%CI,,,,ED
2023–2024,Substance-related disorders,Female,Agegroup:15–17years–95%CI,,,,ED
2023–2024,Substance-related disorders,Male,Agegroup:15–17years–95%CI,,,,ED
2023–2024,Substance-related disorders,Total,Agegroup:15–17years–95%CI,,,,ED
2023–2024,Schizophrenic and psychotic disorders,Female,Agegroup:15–17years–95%CI,,,,ED
2023–2024,Schizophrenic and psychotic disorders,Male,Agegroup:15–17years–95%CI,,,,ED
2023–2024,Schizophrenic and psychotic disorders,Total,Agegroup:15–17years–95%CI,,,,ED
2023–2024,Mood disorders,Female,Agegroup:15–17years–95%CI,,,,ED
2023–2024,Mood disorders,Male,Agegroup:15–17years–95%CI,,,,ED
2023–2024,Mood disorders,Total,Agegroup:15–17years–95%CI,,,,ED
2023–2024,Anxiety disorders,Female,Agegroup:15–17years–95%CI,,,,ED
2023–2024,Anxiety disorders,Male,Agegroup:15–17years–95%CI,,,,ED
2023–2024,Anxiety disorders,Total,Agegroup:15–17years–95%CI,,,,ED
2023–2024,Personality disorders,Female,Agegroup:15–17years–95%CI,,,,ED
2023–2024,Personality disorders,Male,Agegroup:15–17years–95%CI,,,,ED
2023–2024,Personality disorders,Total,Agegroup:15–17years–95%CI,,,,ED
2023–2024,Other disorders,Female,Agegroup:15–17years–95%CI,,,,ED
2023–2024,Other disorders,Male,Agegroup:15–17years–95%CI,,,,ED
2023–2024,Other disorders,Total,Agegroup:15–17years–95%CI,,,,ED
2023–2024,   Trauma- and stressor-related disorders,Female,Agegroup:15–17years–95%CI,,,,ED
2023–2024,   Trauma- and stressor-related disorders,Male,Agegroup:15–17years–95%CI,,,,ED
2023–2024,   Trauma- and stressor-related disorders,Total,Agegroup:15–17years–95%CI,,,,ED
2023–2024,"   Disruptive, impulse control and conduct disorders",Female,Agegroup:15–17years–95%CI,,,,ED
2023–2024,"   Disruptive, impulse control and conduct disorders",Male,Agegroup:15–17years–95%CI,,,,ED
2023–2024,"   Disruptive, impulse control and conduct disorders",Total,Agegroup:15–17years–95%CI,,,,ED
2023–2024,   Eating and feeding disorders,Female,Agegroup:15–17years–95%CI,,,,ED
2023–2024,   Eating and feeding disorders,Male,Agegroup:15–17years–95%CI,,,,ED
2023–2024,   Eating and feeding disorders,Total,Agegroup:15–17years–95%CI,,,,ED
2023–2024,   Tic disorders,Female,Agegroup:15–17years–95%CI,,,,ED
2023–2024,   Tic disorders,Male,Agegroup:15–17years–95%CI,,,,ED
2023–2024,   Tic disorders,Total,Agegroup:15–17years–95%CI,,,,ED
2023–2024,   ADHD,Female,Agegroup:15–17years–95%CI,,,,ED
2023–2024,   ADHD,Male,Agegroup:15–17years–95%CI,,,,ED
2023–2024,   ADHD,Total,Agegroup:15–17years–95%CI,,,,ED
2018–2019,Neurocognitive disorders,Female,Agegroup:18–24years–Rate,35.0,,,ED
2018–2019,Neurocognitive disorders,Male,Agegroup:18–24years–Rate,23.0,,,ED
2018–2019,Neurocognitive disorders,Total,Agegroup:18–24years–Rate,29.0,,,ED
2018–2019,Substance-related disorders,Female,Agegroup:18–24years–Rate,738.0,,,ED
2018–2019,Substance-related disorders,Male,Agegroup:18–24years–Rate,892.0,,,ED
2018–2019,Substance-related disorders,Total,Agegroup:18–24years–Rate,818.0,,,ED
2018–2019,Schizophrenic and psychotic disorders,Female,Agegroup:18–24years–Rate,117.0,,,ED
2018–2019,Schizophrenic and psychotic disorders,Male,Agegroup:18–24years–Rate,289.0,,,ED
2018–2019,Schizophrenic and psychotic disorders,Total,Agegroup:18–24years–Rate,207.0,,,ED
2018–2019,Mood disorders,Female,Agegroup:18–24years–Rate,764.0,,,ED
2018–2019,Mood disorders,Male,Agegroup:18–24years–Rate,503.0,,,ED
2018–2019,Mood disorders,Total,Agegroup:18–24years–Rate,628.0,,,ED
2018–2019,Anxiety disorders,Female,Agegroup:18–24years–Rate,807.0,,,ED
2018–2019,Anxiety disorders,Male,Agegroup:18–24years–Rate,528.0,,,ED
2018–2019,Anxiety disorders,Total,Agegroup:18–24years–Rate,662.0,,,ED
2018–2019,Personality disorders,Female,Agegroup:18–24years–Rate,161.0,,,ED
2018–2019,Personality disorders,Male,Agegroup:18–24years–Rate,49.0,,,ED
2018–2019,Personality disorders,Total,Agegroup:18–24years–Rate,102.0,,,ED
2018–2019,Other disorders,Female,Agegroup:18–24years–Rate,702.0,,,ED
2018–2019,Other disorders,Male,Agegroup:18–24years–Rate,488.0,,,ED
2018–2019,Other disorders,Total,Agegroup:18–24years–Rate,590.0,,,ED
2018–2019,   Trauma- and stressor-related disorders,Female,Agegroup:18–24years–Rate,607.0,,,ED
2018–2019,   Trauma- and stressor-related disorders,Male,Agegroup:18–24years–Rate,409.0,,,ED
2018–2019,   Trauma- and stressor-related disorders,Total,Agegroup:18–24years–Rate,504.0,,,ED
2018–2019,"   Disruptive, impulse control and conduct disorders",Female,Agegroup:18–24years–Rate,11.0,,,ED
2018–2019,"   Disruptive, impulse control and conduct disorders",Male,Agegroup:18–24years–Rate,14.0,,,ED
2018–2019,"   Disruptive, impulse control and conduct disorders",Total,Agegroup:18–24years–Rate,13.0,,,ED
2018–2019,   Eating and feeding disorders,Female,Agegroup:18–24years–Rate,19.0,,,ED
2018–2019,   Eating and feeding disorders,Male,Agegroup:18–24years–Rate,2.0,,,ED
2018–2019,   Eating and feeding disorders,Total,Agegroup:18–24years–Rate,10.0,,,ED
2018–2019,   Tic disorders,Female,Agegroup:18–24years–Rate,1.0,,,ED
2018–2019,   Tic disorders,Male,Agegroup:18–24years–Rate,1.0,,,ED
2018–2019,   Tic disorders,Total,Agegroup:18–24years–Rate,1.0,,,ED
2018–2019,   ADHD,Female,Agegroup:18–24years–Rate,6.0,,,ED
2018–2019,   ADHD,Male,Agegroup:18–24years–Rate,11.0,,,ED
2018–2019,   ADHD,Total,Agegroup:18–24years–Rate,9.0,,,ED
2019–2020,Neurocognitive disorders,Female,Agegroup:18–24years–Rate,29.0,,,ED
2019–2020,Neurocognitive disorders,Male,Agegroup:18–24years–Rate,20.0,,,ED
2019–2020,Neurocognitive disorders,Total,Agegroup:18–24years–Rate,24.0,,,ED
2019–2020,Substance-related disorders,Female,Agegroup:18–24years–Rate,699.0,,,ED
2019–2020,Substance-related disorders,Male,Agegroup:18–24years–Rate,810.0,,,ED
2019–2020,Substance-related disorders,Total,Agegroup:18–24years–Rate,757.0,,,ED
2019–2020,Schizophrenic and psychotic disorders,Female,Agegroup:18–24years–Rate,114.0,,,ED
2019–2020,Schizophrenic and psychotic disorders,Male,Agegroup:18–24years–Rate,272.0,,,ED
2019–2020,Schizophrenic and psychotic disorders,Total,Agegroup:18–24years–Rate,197.0,,,ED
2019–2020,Mood disorders,Female,Agegroup:18–24years–Rate,702.0,,,ED
2019–2020,Mood disorders,Male,Agegroup:18–24years–Rate,444.0,,,ED
2019–2020,Mood disorders,Total,Agegroup:18–24years–Rate,567.0,,,ED
2019–2020,Anxiety disorders,Female,Agegroup:18–24years–Rate,749.0,,,ED
2019–2020,Anxiety disorders,Male,Agegroup:18–24years–Rate,506.0,,,ED
2019–2020,Anxiety disorders,Total,Agegroup:18–24years–Rate,622.0,,,ED
2019–2020,Personality disorders,Female,Agegroup:18–24years–Rate,165.0,,,ED
2019–2020,Personality disorders,Male,Agegroup:18–24years–Rate,45.0,,,ED
2019–2020,Personality disorders,Total,Agegroup:18–24years–Rate,102.0,,,ED
2019–2020,Other disorders,Female,Agegroup:18–24years–Rate,686.0,,,ED
2019–2020,Other disorders,Male,Agegroup:18–24years–Rate,468.0,,,ED
2019–2020,Other disorders,Total,Agegroup:18–24years–Rate,572.0,,,ED
2019–2020,   Trauma- and stressor-related disorders,Female,Agegroup:18–24years–Rate,591.0,,,ED
2019–2020,   Trauma- and stressor-related disorders,Male,Agegroup:18–24years–Rate,395.0,,,ED
2019–2020,   Trauma- and stressor-related disorders,Total,Agegroup:18–24years–Rate,489.0,,,ED
2019–2020,"   Disruptive, impulse control and conduct disorders",Female,Agegroup:18–24years–Rate,8.0,,,ED
2019–2020,"   Disruptive, impulse control and conduct disorders",Male,Agegroup:18–24years–Rate,15.0,,,ED
2019–2020,"   Disruptive, impulse control and conduct disorders",Total,Agegroup:18–24years–Rate,11.0,,,ED
2019–2020,   Eating and feeding disorders,Female,Agegroup:18–24years–Rate,18.0,,,ED
2019–2020,   Eating and feeding disorders,Male,Agegroup:18–24years–Rate,2.0,,,ED
2019–2020,   Eating and feeding disorders,Total,Agegroup:18–24years–Rate,9.0,,,ED
2019–2020,   Tic disorders,Female,Agegroup:18–24years–Rate,1.0,,,ED
2019–2020,   Tic disorders,Male,Agegroup:18–24years–Rate,1.0,,,ED
2019–2020,   Tic disorders,Total,Agegroup:18–24years–Rate,1.0,,,ED
2019–2020,   ADHD,Female,Agegroup:18–24years–Rate,6.0,,,ED
2019–2020,   ADHD,Male,Agegroup:18–24years–Rate,11.0,,,ED
2019–2020,   ADHD,Total,Agegroup:18–24years–Rate,9.0,,,ED
2020–2021,Neurocognitive disorders,Female,Agegroup:18–24years–Rate,21.0,,,ED
2020–2021,Neurocognitive disorders,Male,Agegroup:18–24years–Rate,15.0,,,ED
2020–2021,Neurocognitive disorders,Total,Agegroup:18–24years–Rate,18.0,,,ED
2020–2021,Substance-related disorders,Female,Agegroup:18–24years–Rate,502.0,,,ED
2020–2021,Substance-related disorders,Male,Agegroup:18–24years–Rate,639.0,,,ED
2020–2021,Substance-related disorders,Total,Agegroup:18–24years–Rate,573.0,,,ED
2020–2021,Schizophrenic and psychotic disorders,Female,Agegroup:18–24years–Rate,133.0,,,ED
2020–2021,Schizophrenic and psychotic disorders,Male,Agegroup:18–24years–Rate,273.0,,,ED
2020–2021,Schizophrenic and psychotic disorders,Total,Agegroup:18–24years–Rate,206.0,,,ED
2020–2021,Mood disorders,Female,Agegroup:18–24years–Rate,546.0,,,ED
2020–2021,Mood disorders,Male,Agegroup:18–24years–Rate,340.0,,,ED
2020–2021,Mood disorders,Total,Agegroup:18–24years–Rate,439.0,,,ED
2020–2021,Anxiety disorders,Female,Agegroup:18–24years–Rate,656.0,,,ED
2020–2021,Anxiety disorders,Male,Agegroup:18–24years–Rate,442.0,,,ED
2020–2021,Anxiety disorders,Total,Agegroup:18–24years–Rate,544.0,,,ED
2020–2021,Personality disorders,Female,Agegroup:18–24years–Rate,143.0,,,ED
2020–2021,Personality disorders,Male,Agegroup:18–24years–Rate,40.0,,,ED
2020–2021,Personality disorders,Total,Agegroup:18–24years–Rate,90.0,,,ED
2020–2021,Other disorders,Female,Agegroup:18–24years–Rate,583.0,,,ED
2020–2021,Other disorders,Male,Agegroup:18–24years–Rate,405.0,,,ED
2020–2021,Other disorders,Total,Agegroup:18–24years–Rate,490.0,,,ED
2020–2021,   Trauma- and stressor-related disorders,Female,Agegroup:18–24years–Rate,497.0,,,ED
2020–2021,   Trauma- and stressor-related disorders,Male,Agegroup:18–24years–Rate,337.0,,,ED
2020–2021,   Trauma- and stressor-related disorders,Total,Agegroup:18–24years–Rate,414.0,,,ED
2020–2021,"   Disruptive, impulse control and conduct disorders",Female,Agegroup:18–24years–Rate,8.0,,,ED
2020–2021,"   Disruptive, impulse control and conduct disorders",Male,Agegroup:18–24years–Rate,13.0,,,ED
2020–2021,"   Disruptive, impulse control and conduct disorders",Total,Agegroup:18–24years–Rate,10.0,,,ED
2020–2021,   Eating and feeding disorders,Female,Agegroup:18–24years–Rate,21.0,,,ED
2020–2021,   Eating and feeding disorders,Male,Agegroup:18–24years–Rate,1.0,,,ED
2020–2021,   Eating and feeding disorders,Total,Agegroup:18–24years–Rate,11.0,,,ED
2020–2021,   Tic disorders,Female,Agegroup:18–24years–Rate,3.0,,,ED
2020–2021,   Tic disorders,Male,Agegroup:18–24years–Rate,1.0,,,ED
2020–2021,   Tic disorders,Total,Agegroup:18–24years–Rate,2.0,,,ED
2020–2021,   ADHD,Female,Agegroup:18–24years–Rate,5.0,,,ED
2020–2021,   ADHD,Male,Agegroup:18–24years–Rate,10.0,,,ED
2020–2021,   ADHD,Total,Agegroup:18–24years–Rate,8.0,,,ED
2021–2022,Neurocognitive disorders,Female,Agegroup:18–24years–Rate,25.0,,,ED
2021–2022,Neurocognitive disorders,Male,Agegroup:18–24years–Rate,16.0,,,ED
2021–2022,Neurocognitive disorders,Total,Agegroup:18–24years–Rate,20.0,,,ED
2021–2022,Substance-related disorders,Female,Agegroup:18–24years–Rate,622.0,,,ED
2021–2022,Substance-related disorders,Male,Agegroup:18–24years–Rate,655.0,,,ED
2021–2022,Substance-related disorders,Total,Agegroup:18–24years–Rate,639.0,,,ED
2021–2022,Schizophrenic and psychotic disorders,Female,Agegroup:18–24years–Rate,134.0,,,ED
2021–2022,Schizophrenic and psychotic disorders,Male,Agegroup:18–24years–Rate,265.0,,,ED
2021–2022,Schizophrenic and psychotic disorders,Total,Agegroup:18–24years–Rate,202.0,,,ED
2021–2022,Mood disorders,Female,Agegroup:18–24years–Rate,672.0,,,ED
2021–2022,Mood disorders,Male,Agegroup:18–24years–Rate,383.0,,,ED
2021–2022,Mood disorders,Total,Agegroup:18–24years–Rate,522.0,,,ED
2021–2022,Anxiety disorders,Female,Agegroup:18–24years–Rate,755.0,,,ED
2021–2022,Anxiety disorders,Male,Agegroup:18–24years–Rate,437.0,,,ED
2021–2022,Anxiety disorders,Total,Agegroup:18–24years–Rate,590.0,,,ED
2021–2022,Personality disorders,Female,Agegroup:18–24years–Rate,173.0,,,ED
2021–2022,Personality disorders,Male,Agegroup:18–24years–Rate,43.0,,,ED
2021–2022,Personality disorders,Total,Agegroup:18–24years–Rate,105.0,,,ED
2021–2022,Other disorders,Female,Agegroup:18–24years–Rate,671.0,,,ED
2021–2022,Other disorders,Male,Agegroup:18–24years–Rate,422.0,,,ED
2021–2022,Other disorders,Total,Agegroup:18–24years–Rate,542.0,,,ED
2021–2022,   Trauma- and stressor-related disorders,Female,Agegroup:18–24years–Rate,569.0,,,ED
2021–2022,   Trauma- and stressor-related disorders,Male,Agegroup:18–24years–Rate,340.0,,,ED
2021–2022,   Trauma- and stressor-related disorders,Total,Agegroup:18–24years–Rate,450.0,,,ED
2021–2022,"   Disruptive, impulse control and conduct disorders",Female,Agegroup:18–24years–Rate,8.0,,,ED
2021–2022,"   Disruptive, impulse control and conduct disorders",Male,Agegroup:18–24years–Rate,11.0,,,ED
2021–2022,"   Disruptive, impulse control and conduct disorders",Total,Agegroup:18–24years–Rate,10.0,,,ED
2021–2022,   Eating and feeding disorders,Female,Agegroup:18–24years–Rate,25.0,,,ED
2021–2022,   Eating and feeding disorders,Male,Agegroup:18–24years–Rate,2.0,,,ED
2021–2022,   Eating and feeding disorders,Total,Agegroup:18–24years–Rate,13.0,,,ED
2021–2022,   Tic disorders,Female,Agegroup:18–24years–Rate,2.0,,,ED
2021–2022,   Tic disorders,Male,Agegroup:18–24years–Rate,1.0,,,ED
2021–2022,   Tic disorders,Total,Agegroup:18–24years–Rate,1.0,,,ED
2021–2022,   ADHD,Female,Agegroup:18–24years–Rate,9.0,,,ED
2021–2022,   ADHD,Male,Agegroup:18–24years–Rate,11.0,,,ED
2021–2022,   ADHD,Total,Agegroup:18–24years–Rate,10.0,,,ED
2022–2023,Neurocognitive disorders,Female,Agegroup:18–24years–Rate,17.0,,,ED
2022–2023,Neurocognitive disorders,Male,Agegroup:18–24years–Rate,13.0,,,ED
2022–2023,Neurocognitive disorders,Total,Agegroup:18–24years–Rate,15.0,,,ED
2022–2023,Substance-related disorders,Female,Agegroup:18–24years–Rate,552.0,,,ED
2022–2023,Substance-related disorders,Male,Agegroup:18–24years–Rate,591.0,,,ED
2022–2023,Substance-related disorders,Total,Agegroup:18–24years–Rate,573.0,,,ED
2022–2023,Schizophrenic and psychotic disorders,Female,Agegroup:18–24years–Rate,124.0,,,ED
2022–2023,Schizophrenic and psychotic disorders,Male,Agegroup:18–24years–Rate,232.0,,,ED
2022–2023,Schizophrenic and psychotic disorders,Total,Agegroup:18–24years–Rate,180.0,,,ED
2022–2023,Mood disorders,Female,Agegroup:18–24years–Rate,562.0,,,ED
2022–2023,Mood disorders,Male,Agegroup:18–24years–Rate,346.0,,,ED
2022–2023,Mood disorders,Total,Agegroup:18–24years–Rate,449.0,,,ED
2022–2023,Anxiety disorders,Female,Agegroup:18–24years–Rate,620.0,,,ED
2022–2023,Anxiety disorders,Male,Agegroup:18–24years–Rate,368.0,,,ED
2022–2023,Anxiety disorders,Total,Agegroup:18–24years–Rate,489.0,,,ED
2022–2023,Personality disorders,Female,Agegroup:18–24years–Rate,150.0,,,ED
2022–2023,Personality disorders,Male,Agegroup:18–24years–Rate,39.0,,,ED
2022–2023,Personality disorders,Total,Agegroup:18–24years–Rate,92.0,,,ED
2022–2023,Other disorders,Female,Agegroup:18–24years–Rate,573.0,,,ED
2022–2023,Other disorders,Male,Agegroup:18–24years–Rate,358.0,,,ED
2022–2023,Other disorders,Total,Agegroup:18–24years–Rate,461.0,,,ED
2022–2023,   Trauma- and stressor-related disorders,Female,Agegroup:18–24years–Rate,480.0,,,ED
2022–2023,   Trauma- and stressor-related disorders,Male,Agegroup:18–24years–Rate,286.0,,,ED
2022–2023,   Trauma- and stressor-related disorders,Total,Agegroup:18–24years–Rate,379.0,,,ED
2022–2023,"   Disruptive, impulse control and conduct disorders",Female,Agegroup:18–24years–Rate,7.0,,,ED
2022–2023,"   Disruptive, impulse control and conduct disorders",Male,Agegroup:18–24years–Rate,10.0,,,ED
2022–2023,"   Disruptive, impulse control and conduct disorders",Total,Agegroup:18–24years–Rate,9.0,,,ED
2022–2023,   Eating and feeding disorders,Female,Agegroup:18–24years–Rate,19.0,,,ED
2022–2023,   Eating and feeding disorders,Male,Agegroup:18–24years–Rate,2.0,,,ED
2022–2023,   Eating and feeding disorders,Total,Agegroup:18–24years–Rate,10.0,,,ED
2022–2023,   Tic disorders,Female,Agegroup:18–24years–Rate,2.0,,,ED
2022–2023,   Tic disorders,Male,Agegroup:18–24years–Rate,1.0,,,ED
2022–2023,   Tic disorders,Total,Agegroup:18–24years–Rate,1.0,,,ED
2022–2023,   ADHD,Female,Agegroup:18–24years–Rate,8.0,,,ED
2022–2023,   ADHD,Male,Agegroup:18–24years–Rate,12.0,,,ED
2022–2023,   ADHD,Total,Agegroup:18–24years–Rate,10.0,,,ED
2023–2024,Neurocognitive disorders,Female,Agegroup:18–24years–Rate,16.0,,,ED
2023–2024,Neurocognitive disorders,Male,Agegroup:18–24years–Rate,11.0,,,ED
2023–2024,Neurocognitive disorders,Total,Agegroup:18–24years–Rate,13.0,,,ED
2023–2024,Substance-related disorders,Female,Agegroup:18–24years–Rate,520.0,,,ED
2023–2024,Substance-related disorders,Male,Agegroup:18–24years–Rate,522.0,,,ED
2023–2024,Substance-related disorders,Total,Agegroup:18–24years–Rate,521.0,,,ED
2023–2024,Schizophrenic and psychotic disorders,Female,Agegroup:18–24years–Rate,115.0,,,ED
2023–2024,Schizophrenic and psychotic disorders,Male,Agegroup:18–24years–Rate,203.0,,,ED
2023–2024,Schizophrenic and psychotic disorders,Total,Agegroup:18–24years–Rate,161.0,,,ED
2023–2024,Mood disorders,Female,Agegroup:18–24years–Rate,461.0,,,ED
2023–2024,Mood disorders,Male,Agegroup:18–24years–Rate,285.0,,,ED
2023–2024,Mood disorders,Total,Agegroup:18–24years–Rate,369.0,,,ED
2023–2024,Anxiety disorders,Female,Agegroup:18–24years–Rate,523.0,,,ED
2023–2024,Anxiety disorders,Male,Agegroup:18–24years–Rate,315.0,,,ED
2023–2024,Anxiety disorders,Total,Agegroup:18–24years–Rate,414.0,,,ED
2023–2024,Personality disorders,Female,Agegroup:18–24years–Rate,133.0,,,ED
2023–2024,Personality disorders,Male,Agegroup:18–24years–Rate,36.0,,,ED
2023–2024,Personality disorders,Total,Agegroup:18–24years–Rate,82.0,,,ED
2023–2024,Other disorders,Female,Agegroup:18–24years–Rate,490.0,,,ED
2023–2024,Other disorders,Male,Agegroup:18–24years–Rate,310.0,,,ED
2023–2024,Other disorders,Total,Agegroup:18–24years–Rate,396.0,,,ED
2023–2024,   Trauma- and stressor-related disorders,Female,Agegroup:18–24years–Rate,402.0,,,ED
2023–2024,   Trauma- and stressor-related disorders,Male,Agegroup:18–24years–Rate,242.0,,,ED
2023–2024,   Trauma- and stressor-related disorders,Total,Agegroup:18–24years–Rate,318.0,,,ED
2023–2024,"   Disruptive, impulse control and conduct disorders",Female,Agegroup:18–24years–Rate,4.0,,,ED
2023–2024,"   Disruptive, impulse control and conduct disorders",Male,Agegroup:18–24years–Rate,8.0,,,ED
2023–2024,"   Disruptive, impulse control and conduct disorders",Total,Agegroup:18–24years–Rate,6.0,,,ED
2023–2024,   Eating and feeding disorders,Female,Agegroup:18–24years–Rate,18.0,,,ED
2023–2024,   Eating and feeding disorders,Male,Agegroup:18–24years–Rate,2.0,,,ED
2023–2024,   Eating and feeding disorders,Total,Agegroup:18–24years–Rate,10.0,,,ED
2023–2024,   Tic disorders,Female,Agegroup:18–24years–Rate,3.0,,,ED
2023–2024,   Tic disorders,Male,Agegroup:18–24years–Rate,1.0,,,ED
2023–2024,   Tic disorders,Total,Agegroup:18–24years–Rate,2.0,,,ED
2023–2024,   ADHD,Female,Agegroup:18–24years–Rate,7.0,,,ED
2023–2024,   ADHD,Male,Agegroup:18–24years–Rate,10.0,,,ED
2023–2024,   ADHD,Total,Agegroup:18–24years–Rate,9.0,,,ED
2018–2019,Neurocognitive disorders,Female,Agegroup:18–24years–95%CI,,,,ED
2018–2019,Neurocognitive disorders,Male,Agegroup:18–24years–95%CI,,,,ED
2018–2019,Neurocognitive disorders,Total,Agegroup:18–24years–95%CI,,,,ED
2018–2019,Substance-related disorders,Female,Agegroup:18–24years–95%CI,,,,ED
2018–2019,Substance-related disorders,Male,Agegroup:18–24years–95%CI,,,,ED
2018–2019,Substance-related disorders,Total,Agegroup:18–24years–95%CI,,,,ED
2018–2019,Schizophrenic and psychotic disorders,Female,Agegroup:18–24years–95%CI,,,,ED
2018–2019,Schizophrenic and psychotic disorders,Male,Agegroup:18–24years–95%CI,,,,ED
2018–2019,Schizophrenic and psychotic disorders,Total,Agegroup:18–24years–95%CI,,,,ED
2018–2019,Mood disorders,Female,Agegroup:18–24years–95%CI,,,,ED
2018–2019,Mood disorders,Male,Agegroup:18–24years–95%CI,,,,ED
2018–2019,Mood disorders,Total,Agegroup:18–24years–95%CI,,,,ED
2018–2019,Anxiety disorders,Female,Agegroup:18–24years–95%CI,,,,ED
2018–2019,Anxiety disorders,Male,Agegroup:18–24years–95%CI,,,,ED
2018–2019,Anxiety disorders,Total,Agegroup:18–24years–95%CI,,,,ED
2018–2019,Personality disorders,Female,Agegroup:18–24years–95%CI,,,,ED
2018–2019,Personality disorders,Male,Agegroup:18–24years–95%CI,,,,ED
2018–2019,Personality disorders,Total,Agegroup:18–24years–95%CI,,,,ED
2018–2019,Other disorders,Female,Agegroup:18–24years–95%CI,,,,ED
2018–2019,Other disorders,Male,Agegroup:18–24years–95%CI,,,,ED
2018–2019,Other disorders,Total,Agegroup:18–24years–95%CI,,,,ED
2018–2019,   Trauma- and stressor-related disorders,Female,Agegroup:18–24years–95%CI,,,,ED
2018–2019,   Trauma- and stressor-related disorders,Male,Agegroup:18–24years–95%CI,,,,ED
2018–2019,   Trauma- and stressor-related disorders,Total,Agegroup:18–24years–95%CI,,,,ED
2018–2019,"   Disruptive, impulse control and conduct disorders",Female,Agegroup:18–24years–95%CI,,,,ED
2018–2019,"   Disruptive, impulse control and conduct disorders",Male,Agegroup:18–24years–95%CI,,,,ED
2018–2019,"   Disruptive, impulse control and conduct disorders",Total,Agegroup:18–24years–95%CI,,,,ED
2018–2019,   Eating and feeding disorders,Female,Agegroup:18–24years–95%CI,,,,ED
2018–2019,   Eating and feeding disorders,Male,Agegroup:18–24years–95%CI,,,,ED
2018–2019,   Eating and feeding disorders,Total,Agegroup:18–24years–95%CI,,,,ED
2018–2019,   Tic disorders,Female,Agegroup:18–24years–95%CI,,,,ED
2018–2019,   Tic disorders,Male,Agegroup:18–24years–95%CI,,,,ED
2018–2019,   Tic disorders,Total,Agegroup:18–24years–95%CI,,,,ED
2018–2019,   ADHD,Female,Agegroup:18–24years–95%CI,,,,ED
2018–2019,   ADHD,Male,Agegroup:18–24years–95%CI,,,,ED
2018–2019,   ADHD,Total,Agegroup:18–24years–95%CI,,,,ED
2019–2020,Neurocognitive disorders,Female,Agegroup:18–24years–95%CI,,,,ED
2019–2020,Neurocognitive disorders,Male,Agegroup:18–24years–95%CI,,,,ED
2019–2020,Neurocognitive disorders,Total,Agegroup:18–24years–95%CI,,,,ED
2019–2020,Substance-related disorders,Female,Agegroup:18–24years–95%CI,,,,ED
2019–2020,Substance-related disorders,Male,Agegroup:18–24years–95%CI,,,,ED
2019–2020,Substance-related disorders,Total,Agegroup:18–24years–95%CI,,,,ED
2019–2020,Schizophrenic and psychotic disorders,Female,Agegroup:18–24years–95%CI,,,,ED
2019–2020,Schizophrenic and psychotic disorders,Male,Agegroup:18–24years–95%CI,,,,ED
2019–2020,Schizophrenic and psychotic disorders,Total,Agegroup:18–24years–95%CI,,,,ED
2019–2020,Mood disorders,Female,Agegroup:18–24years–95%CI,,,,ED
2019–2020,Mood disorders,Male,Agegroup:18–24years–95%CI,,,,ED
2019–2020,Mood disorders,Total,Agegroup:18–24years–95%CI,,,,ED
2019–2020,Anxiety disorders,Female,Agegroup:18–24years–95%CI,,,,ED
2019–2020,Anxiety disorders,Male,Agegroup:18–24years–95%CI,,,,ED
2019–2020,Anxiety disorders,Total,Agegroup:18–24years–95%CI,,,,ED
2019–2020,Personality disorders,Female,Agegroup:18–24years–95%CI,,,,ED
2019–2020,Personality disorders,Male,Agegroup:18–24years–95%CI,,,,ED
2019–2020,Personality disorders,Total,Agegroup:18–24years–95%CI,,,,ED
2019–2020,Other disorders,Female,Agegroup:18–24years–95%CI,,,,ED
2019–2020,Other disorders,Male,Agegroup:18–24years–95%CI,,,,ED
2019–2020,Other disorders,Total,Agegroup:18–24years–95%CI,,,,ED
2019–2020,   Trauma- and stressor-related disorders,Female,Agegroup:18–24years–95%CI,,,,ED
2019–2020,   Trauma- and stressor-related disorders,Male,Agegroup:18–24years–95%CI,,,,ED
2019–2020,   Trauma- and stressor-related disorders,Total,Agegroup:18–24years–95%CI,,,,ED
2019–2020,"   Disruptive, impulse control and conduct disorders",Female,Agegroup:18–24years–95%CI,,,,ED
2019–2020,"   Disruptive, impulse control and conduct disorders",Male,Agegroup:18–24years–95%CI,,,,ED
2019–2020,"   Disruptive, impulse control and conduct disorders",Total,Agegroup:18–24years–95%CI,,,,ED
2019–2020,   Eating and feeding disorders,Female,Agegroup:18–24years–95%CI,,,,ED
2019–2020,   Eating and feeding disorders,Male,Agegroup:18–24years–95%CI,,,,ED
2019–2020,   Eating and feeding disorders,Total,Agegroup:18–24years–95%CI,,,,ED
2019–2020,   Tic disorders,Female,Agegroup:18–24years–95%CI,,,,ED
2019–2020,   Tic disorders,Male,Agegroup:18–24years–95%CI,,,,ED
2019–2020,   Tic disorders,Total,Agegroup:18–24years–95%CI,,,,ED
2019–2020,   ADHD,Female,Agegroup:18–24years–95%CI,,,,ED
2019–2020,   ADHD,Male,Agegroup:18–24years–95%CI,,,,ED
2019–2020,   ADHD,Total,Agegroup:18–24years–95%CI,,,,ED
2020–2021,Neurocognitive disorders,Female,Agegroup:18–24years–95%CI,,,,ED
2020–2021,Neurocognitive disorders,Male,Agegroup:18–24years–95%CI,,,,ED
2020–2021,Neurocognitive disorders,Total,Agegroup:18–24years–95%CI,,,,ED
2020–2021,Substance-related disorders,Female,Agegroup:18–24years–95%CI,,,,ED
2020–2021,Substance-related disorders,Male,Agegroup:18–24years–95%CI,,,,ED
2020–2021,Substance-related disorders,Total,Agegroup:18–24years–95%CI,,,,ED
2020–2021,Schizophrenic and psychotic disorders,Female,Agegroup:18–24years–95%CI,,,,ED
2020–2021,Schizophrenic and psychotic disorders,Male,Agegroup:18–24years–95%CI,,,,ED
2020–2021,Schizophrenic and psychotic disorders,Total,Agegroup:18–24years–95%CI,,,,ED
2020–2021,Mood disorders,Female,Agegroup:18–24years–95%CI,,,,ED
2020–2021,Mood disorders,Male,Agegroup:18–24years–95%CI,,,,ED
2020–2021,Mood disorders,Total,Agegroup:18–24years–95%CI,,,,ED
2020–2021,Anxiety disorders,Female,Agegroup:18–24years–95%CI,,,,ED
2020–2021,Anxiety disorders,Male,Agegroup:18–24years–95%CI,,,,ED
2020–2021,Anxiety disorders,Total,Agegroup:18–24years–95%CI,,,,ED
2020–2021,Personality disorders,Female,Agegroup:18–24years–95%CI,,,,ED
2020–2021,Personality disorders,Male,Agegroup:18–24years–95%CI,,,,ED
2020–2021,Personality disorders,Total,Agegroup:18–24years–95%CI,,,,ED
2020–2021,Other disorders,Female,Agegroup:18–24years–95%CI,,,,ED
2020–2021,Other disorders,Male,Agegroup:18–24years–95%CI,,,,ED
2020–2021,Other disorders,Total,Agegroup:18–24years–95%CI,,,,ED
2020–2021,   Trauma- and stressor-related disorders,Female,Agegroup:18–24years–95%CI,,,,ED
2020–2021,   Trauma- and stressor-related disorders,Male,Agegroup:18–24years–95%CI,,,,ED
2020–2021,   Trauma- and stressor-related disorders,Total,Agegroup:18–24years–95%CI,,,,ED
2020–2021,"   Disruptive, impulse control and conduct disorders",Female,Agegroup:18–24years–95%CI,,,,ED
2020–2021,"   Disruptive, impulse control and conduct disorders",Male,Agegroup:18–24years–95%CI,,,,ED
2020–2021,"   Disruptive, impulse control and conduct disorders",Total,Agegroup:18–24years–95%CI,,,,ED
2020–2021,   Eating and feeding disorders,Female,Agegroup:18–24years–95%CI,,,,ED
2020–2021,   Eating and feeding disorders,Male,Agegroup:18–24years–95%CI,,,,ED
2020–2021,   Eating and feeding disorders,Total,Agegroup:18–24years–95%CI,,,,ED
2020–2021,   Tic disorders,Female,Agegroup:18–24years–95%CI,,,,ED
2020–2021,   Tic disorders,Male,Agegroup:18–24years–95%CI,,,,ED
2020–2021,   Tic disorders,Total,Agegroup:18–24years–95%CI,,,,ED
2020–2021,   ADHD,Female,Agegroup:18–24years–95%CI,,,,ED
2020–2021,   ADHD,Male,Agegroup:18–24years–95%CI,,,,ED
2020–2021,   ADHD,Total,Agegroup:18–24years–95%CI,,,,ED
2021–2022,Neurocognitive disorders,Female,Agegroup:18–24years–95%CI,,,,ED
2021–2022,Neurocognitive disorders,Male,Agegroup:18–24years–95%CI,,,,ED
2021–2022,Neurocognitive disorders,Total,Agegroup:18–24years–95%CI,,,,ED
2021–2022,Substance-related disorders,Female,Agegroup:18–24years–95%CI,,,,ED
2021–2022,Substance-related disorders,Male,Agegroup:18–24years–95%CI,,,,ED
2021–2022,Substance-related disorders,Total,Agegroup:18–24years–95%CI,,,,ED
2021–2022,Schizophrenic and psychotic disorders,Female,Agegroup:18–24years–95%CI,,,,ED
2021–2022,Schizophrenic and psychotic disorders,Male,Agegroup:18–24years–95%CI,,,,ED
2021–2022,Schizophrenic and psychotic disorders,Total,Agegroup:18–24years–95%CI,,,,ED
2021–2022,Mood disorders,Female,Agegroup:18–24years–95%CI,,,,ED
2021–2022,Mood disorders,Male,Agegroup:18–24years–95%CI,,,,ED
2021–2022,Mood disorders,Total,Agegroup:18–24years–95%CI,,,,ED
2021–2022,Anxiety disorders,Female,Agegroup:18–24years–95%CI,,,,ED
2021–2022,Anxiety disorders,Male,Agegroup:18–24years–95%CI,,,,ED
2021–2022,Anxiety disorders,Total,Agegroup:18–24years–95%CI,,,,ED
2021–2022,Personality disorders,Female,Agegroup:18–24years–95%CI,,,,ED
2021–2022,Personality disorders,Male,Agegroup:18–24years–95%CI,,,,ED
2021–2022,Personality disorders,Total,Agegroup:18–24years–95%CI,,,,ED
2021–2022,Other disorders,Female,Agegroup:18–24years–95%CI,,,,ED
2021–2022,Other disorders,Male,Agegroup:18–24years–95%CI,,,,ED
2021–2022,Other disorders,Total,Agegroup:18–24years–95%CI,,,,ED
2021–2022,   Trauma- and stressor-related disorders,Female,Agegroup:18–24years–95%CI,,,,ED
2021–2022,   Trauma- and stressor-related disorders,Male,Agegroup:18–24years–95%CI,,,,ED
2021–2022,   Trauma- and stressor-related disorders,Total,Agegroup:18–24years–95%CI,,,,ED
2021–2022,"   Disruptive, impulse control and conduct disorders",Female,Agegroup:18–24years–95%CI,,,,ED
2021–2022,"   Disruptive, impulse control and conduct disorders",Male,Agegroup:18–24years–95%CI,,,,ED
2021–2022,"   Disruptive, impulse control and conduct disorders",Total,Agegroup:18–24years–95%CI,,,,ED
2021–2022,   Eating and feeding disorders,Female,Agegroup:18–24years–95%CI,,,,ED
2021–2022,   Eating and feeding disorders,Male,Agegroup:18–24years–95%CI,,,,ED
2021–2022,   Eating and feeding disorders,Total,Agegroup:18–24years–95%CI,,,,ED
2021–2022,   Tic disorders,Female,Agegroup:18–24years–95%CI,,,,ED
2021–2022,   Tic disorders,Male,Agegroup:18–24years–95%CI,,,,ED
2021–2022,   Tic disorders,Total,Agegroup:18–24years–95%CI,,,,ED
2021–2022,   ADHD,Female,Agegroup:18–24years–95%CI,,,,ED
2021–2022,   ADHD,Male,Agegroup:18–24years–95%CI,,,,ED
2021–2022,   ADHD,Total,Agegroup:18–24years–95%CI,,,,ED
2022–2023,Neurocognitive disorders,Female,Agegroup:18–24years–95%CI,,,,ED
2022–2023,Neurocognitive disorders,Male,Agegroup:18–24years–95%CI,,,,ED
2022–2023,Neurocognitive disorders,Total,Agegroup:18–24years–95%CI,,,,ED
2022–2023,Substance-related disorders,Female,Agegroup:18–24years–95%CI,,,,ED
2022–2023,Substance-related disorders,Male,Agegroup:18–24years–95%CI,,,,ED
2022–2023,Substance-related disorders,Total,Agegroup:18–24years–95%CI,,,,ED
2022–2023,Schizophrenic and psychotic disorders,Female,Agegroup:18–24years–95%CI,,,,ED
2022–2023,Schizophrenic and psychotic disorders,Male,Agegroup:18–24years–95%CI,,,,ED
2022–2023,Schizophrenic and psychotic disorders,Total,Agegroup:18–24years–95%CI,,,,ED
2022–2023,Mood disorders,Female,Agegroup:18–24years–95%CI,,,,ED
2022–2023,Mood disorders,Male,Agegroup:18–24years–95%CI,,,,ED
2022–2023,Mood disorders,Total,Agegroup:18–24years–95%CI,,,,ED
2022–2023,Anxiety disorders,Female,Agegroup:18–24years–95%CI,,,,ED
2022–2023,Anxiety disorders,Male,Agegroup:18–24years–95%CI,,,,ED
2022–2023,Anxiety disorders,Total,Agegroup:18–24years–95%CI,,,,ED
2022–2023,Personality disorders,Female,Agegroup:18–24years–95%CI,,,,ED
2022–2023,Personality disorders,Male,Agegroup:18–24years–95%CI,,,,ED
2022–2023,Personality disorders,Total,Agegroup:18–24years–95%CI,,,,ED
2022–2023,Other disorders,Female,Agegroup:18–24years–95%CI,,,,ED
2022–2023,Other disorders,Male,Agegroup:18–24years–95%CI,,,,ED
2022–2023,Other disorders,Total,Agegroup:18–24years–95%CI,,,,ED
2022–2023,   Trauma- and stressor-related disorders,Female,Agegroup:18–24years–95%CI,,,,ED
2022–2023,   Trauma- and stressor-related disorders,Male,Agegroup:18–24years–95%CI,,,,ED
2022–2023,   Trauma- and stressor-related disorders,Total,Agegroup:18–24years–95%CI,,,,ED
2022–2023,"   Disruptive, impulse control and conduct disorders",Female,Agegroup:18–24years–95%CI,,,,ED
2022–2023,"   Disruptive, impulse control and conduct disorders",Male,Agegroup:18–24years–95%CI,,,,ED
2022–2023,"   Disruptive, impulse control and conduct disorders",Total,Agegroup:18–24years–95%CI,,,,ED
2022–2023,   Eating and feeding disorders,Female,Agegroup:18–24years–95%CI,,,,ED
2022–2023,   Eating and feeding disorders,Male,Agegroup:18–24years–95%CI,,,,ED
2022–2023,   Eating and feeding disorders,Total,Agegroup:18–24years–95%CI,,,,ED
2022–2023,   Tic disorders,Female,Agegroup:18–24years–95%CI,,,,ED
2022–2023,   Tic disorders,Male,Agegroup:18–24years–95%CI,,,,ED
2022–2023,   Tic disorders,Total,Agegroup:18–24years–95%CI,,,,ED
2022–2023,   ADHD,Female,Agegroup:18–24years–95%CI,,,,ED
2022–2023,   ADHD,Male,Agegroup:18–24years–95%CI,,,,ED
2022–2023,   ADHD,Total,Agegroup:18–24years–95%CI,,,,ED
2023–2024,Neurocognitive disorders,Female,Agegroup:18–24years–95%CI,,,,ED
2023–2024,Neurocognitive disorders,Male,Agegroup:18–24years–95%CI,,,,ED
2023–2024,Neurocognitive disorders,Total,Agegroup:18–24years–95%CI,,,,ED
2023–2024,Substance-related disorders,Female,Agegroup:18–24years–95%CI,,,,ED
2023–2024,Substance-related disorders,Male,Agegroup:18–24years–95%CI,,,,ED
2023–2024,Substance-related disorders,Total,Agegroup:18–24years–95%CI,,,,ED
2023–2024,Schizophrenic and psychotic disorders,Female,Agegroup:18–24years–95%CI,,,,ED
2023–2024,Schizophrenic and psychotic disorders,Male,Agegroup:18–24years–95%CI,,,,ED
2023–2024,Schizophrenic and psychotic disorders,Total,Agegroup:18–24years–95%CI,,,,ED
2023–2024,Mood disorders,Female,Agegroup:18–24years–95%CI,,,,ED
2023–2024,Mood disorders,Male,Agegroup:18–24years–95%CI,,,,ED
2023–2024,Mood disorders,Total,Agegroup:18–24years–95%CI,,,,ED
2023–2024,Anxiety disorders,Female,Agegroup:18–24years–95%CI,,,,ED
2023–2024,Anxiety disorders,Male,Agegroup:18–24years–95%CI,,,,ED
2023–2024,Anxiety disorders,Total,Agegroup:18–24years–95%CI,,,,ED
2023–2024,Personality disorders,Female,Agegroup:18–24years–95%CI,,,,ED
2023–2024,Personality disorders,Male,Agegroup:18–24years–95%CI,,,,ED
2023–2024,Personality disorders,Total,Agegroup:18–24years–95%CI,,,,ED
2023–2024,Other disorders,Female,Agegroup:18–24years–95%CI,,,,ED
2023–2024,Other disorders,Male,Agegroup:18–24years–95%CI,,,,ED
2023–2024,Other disorders,Total,Agegroup:18–24years–95%CI,,,,ED
2023–2024,   Trauma- and stressor-related disorders,Female,Agegroup:18–24years–95%CI,,,,ED
2023–2024,   Trauma- and stressor-related disorders,Male,Agegroup:18–24years–95%CI,,,,ED
2023–2024,   Trauma- and stressor-related disorders,Total,Agegroup:18–24years–95%CI,,,,ED
2023–2024,"   Disruptive, impulse control and conduct disorders",Female,Agegroup:18–24years–95%CI,,,,ED
2023–2024,"   Disruptive, impulse control and conduct disorders",Male,Agegroup:18–24years–95%CI,,,,ED
2023–2024,"   Disruptive, impulse control and conduct disorders",Total,Agegroup:18–24years–95%CI,,,,ED
2023–2024,   Eating and feeding disorders,Female,Agegroup:18–24years–95%CI,,,,ED
2023–2024,   Eating and feeding disorders,Male,Agegroup:18–24years–95%CI,,,,ED
2023–2024,   Eating and feeding disorders,Total,Agegroup:18–24years–95%CI,,,,ED
2023–2024,   Tic disorders,Female,Agegroup:18–24years–95%CI,,,,ED
2023–2024,   Tic disorders,Male,Agegroup:18–24years–95%CI,,,,ED
2023–2024,   Tic disorders,Total,Agegroup:18–24years–95%CI,,,,ED
2023–2024,   ADHD,Female,Agegroup:18–24years–95%CI,,,,ED
2023–2024,   ADHD,Male,Agegroup:18–24years–95%CI,,,,ED
2023–2024,   ADHD,Total,Agegroup:18–24years–95%CI,,,,ED
2018–2019,Neurocognitive disorders,Female,Agegroup:5–24years–Rate,27.0,,,ED
2018–2019,Neurocognitive disorders,Male,Agegroup:5–24years–Rate,20.0,,,ED
2018–2019,Neurocognitive disorders,Total,Agegroup:5–24years–Rate,23.0,,,ED
2018–2019,Substance-related disorders,Female,Agegroup:5–24years–Rate,376.0,,,ED
2018–2019,Substance-related disorders,Male,Agegroup:5–24years–Rate,445.0,,,ED
2018–2019,Substance-related disorders,Total,Agegroup:5–24years–Rate,412.0,,,ED
2018–2019,Schizophrenic and psychotic disorders,Female,Agegroup:5–24years–Rate,59.0,,,ED
2018–2019,Schizophrenic and psychotic disorders,Male,Agegroup:5–24years–Rate,131.0,,,ED
2018–2019,Schizophrenic and psychotic disorders,Total,Agegroup:5–24years–Rate,96.0,,,ED
2018–2019,Mood disorders,Female,Agegroup:5–24years–Rate,546.0,,,ED
2018–2019,Mood disorders,Male,Agegroup:5–24years–Rate,305.0,,,ED
2018–2019,Mood disorders,Total,Agegroup:5–24years–Rate,422.0,,,ED
2018–2019,Anxiety disorders,Female,Agegroup:5–24years–Rate,506.0,,,ED
2018–2019,Anxiety disorders,Male,Agegroup:5–24years–Rate,306.0,,,ED
2018–2019,Anxiety disorders,Total,Agegroup:5–24years–Rate,402.0,,,ED
2018–2019,Personality disorders,Female,Agegroup:5–24years–Rate,80.0,,,ED
2018–2019,Personality disorders,Male,Agegroup:5–24years–Rate,24.0,,,ED
2018–2019,Personality disorders,Total,Agegroup:5–24years–Rate,51.0,,,ED
2018–2019,Other disorders,Female,Agegroup:5–24years–Rate,573.0,,,ED
2018–2019,Other disorders,Male,Agegroup:5–24years–Rate,418.0,,,ED
2018–2019,Other disorders,Total,Agegroup:5–24years–Rate,493.0,,,ED
2018–2019,   Trauma- and stressor-related disorders,Female,Agegroup:5–24years–Rate,469.0,,,ED
2018–2019,   Trauma- and stressor-related disorders,Male,Agegroup:5–24years–Rate,295.0,,,ED
2018–2019,   Trauma- and stressor-related disorders,Total,Agegroup:5–24years–Rate,379.0,,,ED
2018–2019,"   Disruptive, impulse control and conduct disorders",Female,Agegroup:5–24years–Rate,28.0,,,ED
2018–2019,"   Disruptive, impulse control and conduct disorders",Male,Agegroup:5–24years–Rate,46.0,,,ED
2018–2019,"   Disruptive, impulse control and conduct disorders",Total,Agegroup:5–24years–Rate,37.0,,,ED
2018–2019,   Eating and feeding disorders,Female,Agegroup:5–24years–Rate,21.0,,,ED
2018–2019,   Eating and feeding disorders,Male,Agegroup:5–24years–Rate,3.0,,,ED
2018–2019,   Eating and feeding disorders,Total,Agegroup:5–24years–Rate,12.0,,,ED
2018–2019,   Tic disorders,Female,Agegroup:5–24years–Rate,4.0,,,ED
2018–2019,   Tic disorders,Male,Agegroup:5–24years–Rate,8.0,,,ED
2018–2019,   Tic disorders,Total,Agegroup:5–24years–Rate,6.0,,,ED
2018–2019,   ADHD,Female,Agegroup:5–24years–Rate,11.0,,,ED
2018–2019,   ADHD,Male,Agegroup:5–24years–Rate,28.0,,,ED
2018–2019,   ADHD,Total,Agegroup:5–24years–Rate,20.0,,,ED
2019–2020,Neurocognitive disorders,Female,Agegroup:5–24years–Rate,23.0,,,ED
2019–2020,Neurocognitive disorders,Male,Agegroup:5–24years–Rate,16.0,,,ED
2019–2020,Neurocognitive disorders,Total,Agegroup:5–24years–Rate,20.0,,,ED
2019–2020,Substance-related disorders,Female,Agegroup:5–24years–Rate,357.0,,,ED
2019–2020,Substance-related disorders,Male,Agegroup:5–24years–Rate,410.0,,,ED
2019–2020,Substance-related disorders,Total,Agegroup:5–24years–Rate,384.0,,,ED
2019–2020,Schizophrenic and psychotic disorders,Female,Agegroup:5–24years–Rate,55.0,,,ED
2019–2020,Schizophrenic and psychotic disorders,Male,Agegroup:5–24years–Rate,121.0,,,ED
2019–2020,Schizophrenic and psychotic disorders,Total,Agegroup:5–24years–Rate,89.0,,,ED
2019–2020,Mood disorders,Female,Agegroup:5–24years–Rate,502.0,,,ED
2019–2020,Mood disorders,Male,Agegroup:5–24years–Rate,276.0,,,ED
2019–2020,Mood disorders,Total,Agegroup:5–24years–Rate,385.0,,,ED
2019–2020,Anxiety disorders,Female,Agegroup:5–24years–Rate,484.0,,,ED
2019–2020,Anxiety disorders,Male,Agegroup:5–24years–Rate,294.0,,,ED
2019–2020,Anxiety disorders,Total,Agegroup:5–24years–Rate,386.0,,,ED
2019–2020,Personality disorders,Female,Agegroup:5–24years–Rate,79.0,,,ED
2019–2020,Personality disorders,Male,Agegroup:5–24years–Rate,22.0,,,ED
2019–2020,Personality disorders,Total,Agegroup:5–24years–Rate,50.0,,,ED
2019–2020,Other disorders,Female,Agegroup:5–24years–Rate,555.0,,,ED
2019–2020,Other disorders,Male,Agegroup:5–24years–Rate,403.0,,,ED
2019–2020,Other disorders,Total,Agegroup:5–24years–Rate,476.0,,,ED
2019–2020,   Trauma- and stressor-related disorders,Female,Agegroup:5–24years–Rate,450.0,,,ED
2019–2020,   Trauma- and stressor-related disorders,Male,Agegroup:5–24years–Rate,286.0,,,ED
2019–2020,   Trauma- and stressor-related disorders,Total,Agegroup:5–24years–Rate,365.0,,,ED
2019–2020,"   Disruptive, impulse control and conduct disorders",Female,Agegroup:5–24years–Rate,26.0,,,ED
2019–2020,"   Disruptive, impulse control and conduct disorders",Male,Agegroup:5–24years–Rate,45.0,,,ED
2019–2020,"   Disruptive, impulse control and conduct disorders",Total,Agegroup:5–24years–Rate,36.0,,,ED
2019–2020,   Eating and feeding disorders,Female,Agegroup:5–24years–Rate,21.0,,,ED
2019–2020,   Eating and feeding disorders,Male,Agegroup:5–24years–Rate,3.0,,,ED
2019–2020,   Eating and feeding disorders,Total,Agegroup:5–24years–Rate,11.0,,,ED
2019–2020,   Tic disorders,Female,Agegroup:5–24years–Rate,5.0,,,ED
2019–2020,   Tic disorders,Male,Agegroup:5–24years–Rate,9.0,,,ED
2019–2020,   Tic disorders,Total,Agegroup:5–24years–Rate,7.0,,,ED
2019–2020,   ADHD,Female,Agegroup:5–24years–Rate,12.0,,,ED
2019–2020,   ADHD,Male,Agegroup:5–24years–Rate,29.0,,,ED
2019–2020,   ADHD,Total,Agegroup:5–24years–Rate,21.0,,,ED
2020–2021,Neurocognitive disorders,Female,Agegroup:5–24years–Rate,13.0,,,ED
2020–2021,Neurocognitive disorders,Male,Agegroup:5–24years–Rate,9.0,,,ED
2020–2021,Neurocognitive disorders,Total,Agegroup:5–24years–Rate,11.0,,,ED
2020–2021,Substance-related disorders,Female,Agegroup:5–24years–Rate,253.0,,,ED
2020–2021,Substance-related disorders,Male,Agegroup:5–24years–Rate,306.0,,,ED
2020–2021,Substance-related disorders,Total,Agegroup:5–24years–Rate,280.0,,,ED
2020–2021,Schizophrenic and psychotic disorders,Female,Agegroup:5–24years–Rate,64.0,,,ED
2020–2021,Schizophrenic and psychotic disorders,Male,Agegroup:5–24years–Rate,121.0,,,ED
2020–2021,Schizophrenic and psychotic disorders,Total,Agegroup:5–24years–Rate,93.0,,,ED
2020–2021,Mood disorders,Female,Agegroup:5–24years–Rate,409.0,,,ED
2020–2021,Mood disorders,Male,Agegroup:5–24years–Rate,201.0,,,ED
2020–2021,Mood disorders,Total,Agegroup:5–24years–Rate,301.0,,,ED
2020–2021,Anxiety disorders,Female,Agegroup:5–24years–Rate,432.0,,,ED
2020–2021,Anxiety disorders,Male,Agegroup:5–24years–Rate,248.0,,,ED
2020–2021,Anxiety disorders,Total,Agegroup:5–24years–Rate,337.0,,,ED
2020–2021,Personality disorders,Female,Agegroup:5–24years–Rate,69.0,,,ED
2020–2021,Personality disorders,Male,Agegroup:5–24years–Rate,19.0,,,ED
2020–2021,Personality disorders,Total,Agegroup:5–24years–Rate,43.0,,,ED
2020–2021,Other disorders,Female,Agegroup:5–24years–Rate,479.0,,,ED
2020–2021,Other disorders,Male,Agegroup:5–24years–Rate,309.0,,,ED
2020–2021,Other disorders,Total,Agegroup:5–24years–Rate,391.0,,,ED
2020–2021,   Trauma- and stressor-related disorders,Female,Agegroup:5–24years–Rate,364.0,,,ED
2020–2021,   Trauma- and stressor-related disorders,Male,Agegroup:5–24years–Rate,217.0,,,ED
2020–2021,   Trauma- and stressor-related disorders,Total,Agegroup:5–24years–Rate,288.0,,,ED
2020–2021,"   Disruptive, impulse control and conduct disorders",Female,Agegroup:5–24years–Rate,20.0,,,ED
2020–2021,"   Disruptive, impulse control and conduct disorders",Male,Agegroup:5–24years–Rate,30.0,,,ED
2020–2021,"   Disruptive, impulse control and conduct disorders",Total,Agegroup:5–24years–Rate,25.0,,,ED
2020–2021,   Eating and feeding disorders,Female,Agegroup:5–24years–Rate,37.0,,,ED
2020–2021,   Eating and feeding disorders,Male,Agegroup:5–24years–Rate,3.0,,,ED
2020–2021,   Eating and feeding disorders,Total,Agegroup:5–24years–Rate,19.0,,,ED
2020–2021,   Tic disorders,Female,Agegroup:5–24years–Rate,15.0,,,ED
2020–2021,   Tic disorders,Male,Agegroup:5–24years–Rate,9.0,,,ED
2020–2021,   Tic disorders,Total,Agegroup:5–24years–Rate,12.0,,,ED
2020–2021,   ADHD,Female,Agegroup:5–24years–Rate,11.0,,,ED
2020–2021,   ADHD,Male,Agegroup:5–24years–Rate,20.0,,,ED
2020–2021,   ADHD,Total,Agegroup:5–24years–Rate,16.0,,,ED
2021–2022,Neurocognitive disorders,Female,Agegroup:5–24years–Rate,15.0,,,ED
2021–2022,Neurocognitive disorders,Male,Agegroup:5–24years–Rate,11.0,,,ED
2021–2022,Neurocognitive disorders,Total,Agegroup:5–24years–Rate,13.0,,,ED
2021–2022,Substance-related disorders,Female,Agegroup:5–24years–Rate,306.0,,,ED
2021–2022,Substance-related disorders,Male,Agegroup:5–24years–Rate,305.0,,,ED
2021–2022,Substance-related disorders,Total,Agegroup:5–24years–Rate,305.0,,,ED
2021–2022,Schizophrenic and psychotic disorders,Female,Agegroup:5–24years–Rate,64.0,,,ED
2021–2022,Schizophrenic and psychotic disorders,Male,Agegroup:5–24years–Rate,116.0,,,ED
2021–2022,Schizophrenic and psychotic disorders,Total,Agegroup:5–24years–Rate,90.0,,,ED
2021–2022,Mood disorders,Female,Agegroup:5–24years–Rate,509.0,,,ED
2021–2022,Mood disorders,Male,Agegroup:5–24years–Rate,231.0,,,ED
2021–2022,Mood disorders,Total,Agegroup:5–24years–Rate,365.0,,,ED
2021–2022,Anxiety disorders,Female,Agegroup:5–24years–Rate,503.0,,,ED
2021–2022,Anxiety disorders,Male,Agegroup:5–24years–Rate,250.0,,,ED
2021–2022,Anxiety disorders,Total,Agegroup:5–24years–Rate,372.0,,,ED
2021–2022,Personality disorders,Female,Agegroup:5–24years–Rate,87.0,,,ED
2021–2022,Personality disorders,Male,Agegroup:5–24years–Rate,20.0,,,ED
2021–2022,Personality disorders,Total,Agegroup:5–24years–Rate,52.0,,,ED
2021–2022,Other disorders,Female,Agegroup:5–24years–Rate,574.0,,,ED
2021–2022,Other disorders,Male,Agegroup:5–24years–Rate,342.0,,,ED
2021–2022,Other disorders,Total,Agegroup:5–24years–Rate,454.0,,,ED
2021–2022,   Trauma- and stressor-related disorders,Female,Agegroup:5–24years–Rate,434.0,,,ED
2021–2022,   Trauma- and stressor-related disorders,Male,Agegroup:5–24years–Rate,234.0,,,ED
2021–2022,   Trauma- and stressor-related disorders,Total,Agegroup:5–24years–Rate,331.0,,,ED
2021–2022,"   Disruptive, impulse control and conduct disorders",Female,Agegroup:5–24years–Rate,23.0,,,ED
2021–2022,"   Disruptive, impulse control and conduct disorders",Male,Agegroup:5–24years–Rate,32.0,,,ED
2021–2022,"   Disruptive, impulse control and conduct disorders",Total,Agegroup:5–24years–Rate,28.0,,,ED
2021–2022,   Eating and feeding disorders,Female,Agegroup:5–24years–Rate,48.0,,,ED
2021–2022,   Eating and feeding disorders,Male,Agegroup:5–24years–Rate,4.0,,,ED
2021–2022,   Eating and feeding disorders,Total,Agegroup:5–24years–Rate,26.0,,,ED
2021–2022,   Tic disorders,Female,Agegroup:5–24years–Rate,13.0,,,ED
2021–2022,   Tic disorders,Male,Agegroup:5–24years–Rate,11.0,,,ED
2021–2022,   Tic disorders,Total,Agegroup:5–24years–Rate,12.0,,,ED
2021–2022,   ADHD,Female,Agegroup:5–24years–Rate,15.0,,,ED
2021–2022,   ADHD,Male,Agegroup:5–24years–Rate,24.0,,,ED
2021–2022,   ADHD,Total,Agegroup:5–24years–Rate,20.0,,,ED
2022–2023,Neurocognitive disorders,Female,Agegroup:5–24years–Rate,12.0,,,ED
2022–2023,Neurocognitive disorders,Male,Agegroup:5–24years–Rate,9.0,,,ED
2022–2023,Neurocognitive disorders,Total,Agegroup:5–24years–Rate,11.0,,,ED
2022–2023,Substance-related disorders,Female,Agegroup:5–24years–Rate,288.0,,,ED
2022–2023,Substance-related disorders,Male,Agegroup:5–24years–Rate,287.0,,,ED
2022–2023,Substance-related disorders,Total,Agegroup:5–24years–Rate,287.0,,,ED
2022–2023,Schizophrenic and psychotic disorders,Female,Agegroup:5–24years–Rate,59.0,,,ED
2022–2023,Schizophrenic and psychotic disorders,Male,Agegroup:5–24years–Rate,104.0,,,ED
2022–2023,Schizophrenic and psychotic disorders,Total,Agegroup:5–24years–Rate,82.0,,,ED
2022–2023,Mood disorders,Female,Agegroup:5–24years–Rate,420.0,,,ED
2022–2023,Mood disorders,Male,Agegroup:5–24years–Rate,209.0,,,ED
2022–2023,Mood disorders,Total,Agegroup:5–24years–Rate,311.0,,,ED
2022–2023,Anxiety disorders,Female,Agegroup:5–24years–Rate,422.0,,,ED
2022–2023,Anxiety disorders,Male,Agegroup:5–24years–Rate,218.0,,,ED
2022–2023,Anxiety disorders,Total,Agegroup:5–24years–Rate,316.0,,,ED
2022–2023,Personality disorders,Female,Agegroup:5–24years–Rate,76.0,,,ED
2022–2023,Personality disorders,Male,Agegroup:5–24years–Rate,19.0,,,ED
2022–2023,Personality disorders,Total,Agegroup:5–24years–Rate,46.0,,,ED
2022–2023,Other disorders,Female,Agegroup:5–24years–Rate,489.0,,,ED
2022–2023,Other disorders,Male,Agegroup:5–24years–Rate,306.0,,,ED
2022–2023,Other disorders,Total,Agegroup:5–24years–Rate,394.0,,,ED
2022–2023,   Trauma- and stressor-related disorders,Female,Agegroup:5–24years–Rate,375.0,,,ED
2022–2023,   Trauma- and stressor-related disorders,Male,Agegroup:5–24years–Rate,204.0,,,ED
2022–2023,   Trauma- and stressor-related disorders,Total,Agegroup:5–24years–Rate,287.0,,,ED
2022–2023,"   Disruptive, impulse control and conduct disorders",Female,Agegroup:5–24years–Rate,21.0,,,ED
2022–2023,"   Disruptive, impulse control and conduct disorders",Male,Agegroup:5–24years–Rate,29.0,,,ED
2022–2023,"   Disruptive, impulse control and conduct disorders",Total,Agegroup:5–24years–Rate,25.0,,,ED
2022–2023,   Eating and feeding disorders,Female,Agegroup:5–24years–Rate,32.0,,,ED
2022–2023,   Eating and feeding disorders,Male,Agegroup:5–24years–Rate,4.0,,,ED
2022–2023,   Eating and feeding disorders,Total,Agegroup:5–24years–Rate,17.0,,,ED
2022–2023,   Tic disorders,Female,Agegroup:5–24years–Rate,7.0,,,ED
2022–2023,   Tic disorders,Male,Agegroup:5–24years–Rate,8.0,,,ED
2022–2023,   Tic disorders,Total,Agegroup:5–24years–Rate,8.0,,,ED
2022–2023,   ADHD,Female,Agegroup:5–24years–Rate,13.0,,,ED
2022–2023,   ADHD,Male,Agegroup:5–24years–Rate,22.0,,,ED
2022–2023,   ADHD,Total,Agegroup:5–24years–Rate,17.0,,,ED
2023–2024,Neurocognitive disorders,Female,Agegroup:5–24years–Rate,12.0,,,ED
2023–2024,Neurocognitive disorders,Male,Agegroup:5–24years–Rate,10.0,,,ED
2023–2024,Neurocognitive disorders,Total,Agegroup:5–24years–Rate,11.0,,,ED
2023–2024,Substance-related disorders,Female,Agegroup:5–24years–Rate,282.0,,,ED
2023–2024,Substance-related disorders,Male,Agegroup:5–24years–Rate,270.0,,,ED
2023–2024,Substance-related disorders,Total,Agegroup:5–24years–Rate,276.0,,,ED
2023–2024,Schizophrenic and psychotic disorders,Female,Agegroup:5–24years–Rate,56.0,,,ED
2023–2024,Schizophrenic and psychotic disorders,Male,Agegroup:5–24years–Rate,96.0,,,ED
2023–2024,Schizophrenic and psychotic disorders,Total,Agegroup:5–24years–Rate,77.0,,,ED
2023–2024,Mood disorders,Female,Agegroup:5–24years–Rate,342.0,,,ED
2023–2024,Mood disorders,Male,Agegroup:5–24years–Rate,179.0,,,ED
2023–2024,Mood disorders,Total,Agegroup:5–24years–Rate,258.0,,,ED
2023–2024,Anxiety disorders,Female,Agegroup:5–24years–Rate,358.0,,,ED
2023–2024,Anxiety disorders,Male,Agegroup:5–24years–Rate,193.0,,,ED
2023–2024,Anxiety disorders,Total,Agegroup:5–24years–Rate,272.0,,,ED
2023–2024,Personality disorders,Female,Agegroup:5–24years–Rate,69.0,,,ED
2023–2024,Personality disorders,Male,Agegroup:5–24years–Rate,19.0,,,ED
2023–2024,Personality disorders,Total,Agegroup:5–24years–Rate,43.0,,,ED
2023–2024,Other disorders,Female,Agegroup:5–24years–Rate,428.0,,,ED
2023–2024,Other disorders,Male,Agegroup:5–24years–Rate,278.0,,,ED
2023–2024,Other disorders,Total,Agegroup:5–24years–Rate,350.0,,,ED
2023–2024,   Trauma- and stressor-related disorders,Female,Agegroup:5–24years–Rate,325.0,,,ED
2023–2024,   Trauma- and stressor-related disorders,Male,Agegroup:5–24years–Rate,182.0,,,ED
2023–2024,   Trauma- and stressor-related disorders,Total,Agegroup:5–24years–Rate,251.0,,,ED
2023–2024,"   Disruptive, impulse control and conduct disorders",Female,Agegroup:5–24years–Rate,19.0,,,ED
2023–2024,"   Disruptive, impulse control and conduct disorders",Male,Agegroup:5–24years–Rate,26.0,,,ED
2023–2024,"   Disruptive, impulse control and conduct disorders",Total,Agegroup:5–24years–Rate,23.0,,,ED
2023–2024,   Eating and feeding disorders,Female,Agegroup:5–24years–Rate,29.0,,,ED
2023–2024,   Eating and feeding disorders,Male,Agegroup:5–24years–Rate,3.0,,,ED
2023–2024,   Eating and feeding disorders,Total,Agegroup:5–24years–Rate,16.0,,,ED
2023–2024,   Tic disorders,Female,Agegroup:5–24years–Rate,6.0,,,ED
2023–2024,   Tic disorders,Male,Agegroup:5–24years–Rate,7.0,,,ED
2023–2024,   Tic disorders,Total,Agegroup:5–24years–Rate,7.0,,,ED
2023–2024,   ADHD,Female,Agegroup:5–24years–Rate,12.0,,,ED
2023–2024,   ADHD,Male,Agegroup:5–24years–Rate,21.0,,,ED
2023–2024,   ADHD,Total,Agegroup:5–24years–Rate,16.0,,,ED
2018–2019,Neurocognitive disorders,Female,Agegroup:5–24years–95%CI,,,,ED
2018–2019,Neurocognitive disorders,Male,Agegroup:5–24years–95%CI,,,,ED
2018–2019,Neurocognitive disorders,Total,Agegroup:5–24years–95%CI,,,,ED
2018–2019,Substance-related disorders,Female,Agegroup:5–24years–95%CI,,,,ED
2018–2019,Substance-related disorders,Male,Agegroup:5–24years–95%CI,,,,ED
2018–2019,Substance-related disorders,Total,Agegroup:5–24years–95%CI,,,,ED
2018–2019,Schizophrenic and psychotic disorders,Female,Agegroup:5–24years–95%CI,,,,ED
2018–2019,Schizophrenic and psychotic disorders,Male,Agegroup:5–24years–95%CI,,,,ED
2018–2019,Schizophrenic and psychotic disorders,Total,Agegroup:5–24years–95%CI,,,,ED
2018–2019,Mood disorders,Female,Agegroup:5–24years–95%CI,,,,ED
2018–2019,Mood disorders,Male,Agegroup:5–24years–95%CI,,,,ED
2018–2019,Mood disorders,Total,Agegroup:5–24years–95%CI,,,,ED
2018–2019,Anxiety disorders,Female,Agegroup:5–24years–95%CI,,,,ED
2018–2019,Anxiety disorders,Male,Agegroup:5–24years–95%CI,,,,ED
2018–2019,Anxiety disorders,Total,Agegroup:5–24years–95%CI,,,,ED
2018–2019,Personality disorders,Female,Agegroup:5–24years–95%CI,,,,ED
2018–2019,Personality disorders,Male,Agegroup:5–24years–95%CI,,,,ED
2018–2019,Personality disorders,Total,Agegroup:5–24years–95%CI,,,,ED
2018–2019,Other disorders,Female,Agegroup:5–24years–95%CI,,,,ED
2018–2019,Other disorders,Male,Agegroup:5–24years–95%CI,,,,ED
2018–2019,Other disorders,Total,Agegroup:5–24years–95%CI,,,,ED
2018–2019,   Trauma- and stressor-related disorders,Female,Agegroup:5–24years–95%CI,,,,ED
2018–2019,   Trauma- and stressor-related disorders,Male,Agegroup:5–24years–95%CI,,,,ED
2018–2019,   Trauma- and stressor-related disorders,Total,Agegroup:5–24years–95%CI,,,,ED
2018–2019,"   Disruptive, impulse control and conduct disorders",Female,Agegroup:5–24years–95%CI,,,,ED
2018–2019,"   Disruptive, impulse control and conduct disorders",Male,Agegroup:5–24years–95%CI,,,,ED
2018–2019,"   Disruptive, impulse control and conduct disorders",Total,Agegroup:5–24years–95%CI,,,,ED
2018–2019,   Eating and feeding disorders,Female,Agegroup:5–24years–95%CI,,,,ED
2018–2019,   Eating and feeding disorders,Male,Agegroup:5–24years–95%CI,,,,ED
2018–2019,   Eating and feeding disorders,Total,Agegroup:5–24years–95%CI,,,,ED
2018–2019,   Tic disorders,Female,Agegroup:5–24years–95%CI,,,,ED
2018–2019,   Tic disorders,Male,Agegroup:5–24years–95%CI,,,,ED
2018–2019,   Tic disorders,Total,Agegroup:5–24years–95%CI,,,,ED
2018–2019,   ADHD,Female,Agegroup:5–24years–95%CI,,,,ED
2018–2019,   ADHD,Male,Agegroup:5–24years–95%CI,,,,ED
2018–2019,   ADHD,Total,Agegroup:5–24years–95%CI,,,,ED
2019–2020,Neurocognitive disorders,Female,Agegroup:5–24years–95%CI,,,,ED
2019–2020,Neurocognitive disorders,Male,Agegroup:5–24years–95%CI,,,,ED
2019–2020,Neurocognitive disorders,Total,Agegroup:5–24years–95%CI,,,,ED
2019–2020,Substance-related disorders,Female,Agegroup:5–24years–95%CI,,,,ED
2019–2020,Substance-related disorders,Male,Agegroup:5–24years–95%CI,,,,ED
2019–2020,Substance-related disorders,Total,Agegroup:5–24years–95%CI,,,,ED
2019–2020,Schizophrenic and psychotic disorders,Female,Agegroup:5–24years–95%CI,,,,ED
2019–2020,Schizophrenic and psychotic disorders,Male,Agegroup:5–24years–95%CI,,,,ED
2019–2020,Schizophrenic and psychotic disorders,Total,Agegroup:5–24years–95%CI,,,,ED
2019–2020,Mood disorders,Female,Agegroup:5–24years–95%CI,,,,ED
2019–2020,Mood disorders,Male,Agegroup:5–24years–95%CI,,,,ED
2019–2020,Mood disorders,Total,Agegroup:5–24years–95%CI,,,,ED
2019–2020,Anxiety disorders,Female,Agegroup:5–24years–95%CI,,,,ED
2019–2020,Anxiety disorders,Male,Agegroup:5–24years–95%CI,,,,ED
2019–2020,Anxiety disorders,Total,Agegroup:5–24years–95%CI,,,,ED
2019–2020,Personality disorders,Female,Agegroup:5–24years–95%CI,,,,ED
2019–2020,Personality disorders,Male,Agegroup:5–24years–95%CI,,,,ED
2019–2020,Personality disorders,Total,Agegroup:5–24years–95%CI,,,,ED
2019–2020,Other disorders,Female,Agegroup:5–24years–95%CI,,,,ED
2019–2020,Other disorders,Male,Agegroup:5–24years–95%CI,,,,ED
2019–2020,Other disorders,Total,Agegroup:5–24years–95%CI,,,,ED
2019–2020,   Trauma- and stressor-related disorders,Female,Agegroup:5–24years–95%CI,,,,ED
2019–2020,   Trauma- and stressor-related disorders,Male,Agegroup:5–24years–95%CI,,,,ED
2019–2020,   Trauma- and stressor-related disorders,Total,Agegroup:5–24years–95%CI,,,,ED
2019–2020,"   Disruptive, impulse control and conduct disorders",Female,Agegroup:5–24years–95%CI,,,,ED
2019–2020,"   Disruptive, impulse control and conduct disorders",Male,Agegroup:5–24years–95%CI,,,,ED
2019–2020,"   Disruptive, impulse control and conduct disorders",Total,Agegroup:5–24years–95%CI,,,,ED
2019–2020,   Eating and feeding disorders,Female,Agegroup:5–24years–95%CI,,,,ED
2019–2020,   Eating and feeding disorders,Male,Agegroup:5–24years–95%CI,,,,ED
2019–2020,   Eating and feeding disorders,Total,Agegroup:5–24years–95%CI,,,,ED
2019–2020,   Tic disorders,Female,Agegroup:5–24years–95%CI,,,,ED
2019–2020,   Tic disorders,Male,Agegroup:5–24years–95%CI,,,,ED
2019–2020,   Tic disorders,Total,Agegroup:5–24years–95%CI,,,,ED
2019–2020,   ADHD,Female,Agegroup:5–24years–95%CI,,,,ED
2019–2020,   ADHD,Male,Agegroup:5–24years–95%CI,,,,ED
2019–2020,   ADHD,Total,Agegroup:5–24years–95%CI,,,,ED
2020–2021,Neurocognitive disorders,Female,Agegroup:5–24years–95%CI,,,,ED
2020–2021,Neurocognitive disorders,Male,Agegroup:5–24years–95%CI,,,,ED
2020–2021,Neurocognitive disorders,Total,Agegroup:5–24years–95%CI,,,,ED
2020–2021,Substance-related disorders,Female,Agegroup:5–24years–95%CI,,,,ED
2020–2021,Substance-related disorders,Male,Agegroup:5–24years–95%CI,,,,ED
2020–2021,Substance-related disorders,Total,Agegroup:5–24years–95%CI,,,,ED
2020–2021,Schizophrenic and psychotic disorders,Female,Agegroup:5–24years–95%CI,,,,ED
2020–2021,Schizophrenic and psychotic disorders,Male,Agegroup:5–24years–95%CI,,,,ED
2020–2021,Schizophrenic and psychotic disorders,Total,Agegroup:5–24years–95%CI,,,,ED
2020–2021,Mood disorders,Female,Agegroup:5–24years–95%CI,,,,ED
2020–2021,Mood disorders,Male,Agegroup:5–24years–95%CI,,,,ED
2020–2021,Mood disorders,Total,Agegroup:5–24years–95%CI,,,,ED
2020–2021,Anxiety disorders,Female,Agegroup:5–24years–95%CI,,,,ED
2020–2021,Anxiety disorders,Male,Agegroup:5–24years–95%CI,,,,ED
2020–2021,Anxiety disorders,Total,Agegroup:5–24years–95%CI,,,,ED
2020–2021,Personality disorders,Female,Agegroup:5–24years–95%CI,,,,ED
2020–2021,Personality disorders,Male,Agegroup:5–24years–95%CI,,,,ED
2020–2021,Personality disorders,Total,Agegroup:5–24years–95%CI,,,,ED
2020–2021,Other disorders,Female,Agegroup:5–24years–95%CI,,,,ED
2020–2021,Other disorders,Male,Agegroup:5–24years–95%CI,,,,ED
2020–2021,Other disorders,Total,Agegroup:5–24years–95%CI,,,,ED
2020–2021,   Trauma- and stressor-related disorders,Female,Agegroup:5–24years–95%CI,,,,ED
2020–2021,   Trauma- and stressor-related disorders,Male,Agegroup:5–24years–95%CI,,,,ED
2020–2021,   Trauma- and stressor-related disorders,Total,Agegroup:5–24years–95%CI,,,,ED
2020–2021,"   Disruptive, impulse control and conduct disorders",Female,Agegroup:5–24years–95%CI,,,,ED
2020–2021,"   Disruptive, impulse control and conduct disorders",Male,Agegroup:5–24years–95%CI,,,,ED
2020–2021,"   Disruptive, impulse control and conduct disorders",Total,Agegroup:5–24years–95%CI,,,,ED
2020–2021,   Eating and feeding disorders,Female,Agegroup:5–24years–95%CI,,,,ED
2020–2021,   Eating and feeding disorders,Male,Agegroup:5–24years–95%CI,,,,ED
2020–2021,   Eating and feeding disorders,Total,Agegroup:5–24years–95%CI,,,,ED
2020–2021,   Tic disorders,Female,Agegroup:5–24years–95%CI,,,,ED
2020–2021,   Tic disorders,Male,Agegroup:5–24years–95%CI,,,,ED
2020–2021,   Tic disorders,Total,Agegroup:5–24years–95%CI,,,,ED
2020–2021,   ADHD,Female,Agegroup:5–24years–95%CI,,,,ED
2020–2021,   ADHD,Male,Agegroup:5–24years–95%CI,,,,ED
2020–2021,   ADHD,Total,Agegroup:5–24years–95%CI,,,,ED
2021–2022,Neurocognitive disorders,Female,Agegroup:5–24years–95%CI,,,,ED
2021–2022,Neurocognitive disorders,Male,Agegroup:5–24years–95%CI,,,,ED
2021–2022,Neurocognitive disorders,Total,Agegroup:5–24years–95%CI,,,,ED
2021–2022,Substance-related disorders,Female,Agegroup:5–24years–95%CI,,,,ED
2021–2022,Substance-related disorders,Male,Agegroup:5–24years–95%CI,,,,ED
2021–2022,Substance-related disorders,Total,Agegroup:5–24years–95%CI,,,,ED
2021–2022,Schizophrenic and psychotic disorders,Female,Agegroup:5–24years–95%CI,,,,ED
2021–2022,Schizophrenic and psychotic disorders,Male,Agegroup:5–24years–95%CI,,,,ED
2021–2022,Schizophrenic and psychotic disorders,Total,Agegroup:5–24years–95%CI,,,,ED
2021–2022,Mood disorders,Female,Agegroup:5–24years–95%CI,,,,ED
2021–2022,Mood disorders,Male,Agegroup:5–24years–95%CI,,,,ED
2021–2022,Mood disorders,Total,Agegroup:5–24years–95%CI,,,,ED
2021–2022,Anxiety disorders,Female,Agegroup:5–24years–95%CI,,,,ED
2021–2022,Anxiety disorders,Male,Agegroup:5–24years–95%CI,,,,ED
2021–2022,Anxiety disorders,Total,Agegroup:5–24years–95%CI,,,,ED
2021–2022,Personality disorders,Female,Agegroup:5–24years–95%CI,,,,ED
2021–2022,Personality disorders,Male,Agegroup:5–24years–95%CI,,,,ED
2021–2022,Personality disorders,Total,Agegroup:5–24years–95%CI,,,,ED
2021–2022,Other disorders,Female,Agegroup:5–24years–95%CI,,,,ED
2021–2022,Other disorders,Male,Agegroup:5–24years–95%CI,,,,ED
2021–2022,Other disorders,Total,Agegroup:5–24years–95%CI,,,,ED
2021–2022,   Trauma- and stressor-related disorders,Female,Agegroup:5–24years–95%CI,,,,ED
2021–2022,   Trauma- and stressor-related disorders,Male,Agegroup:5–24years–95%CI,,,,ED
2021–2022,   Trauma- and stressor-related disorders,Total,Agegroup:5–24years–95%CI,,,,ED
2021–2022,"   Disruptive, impulse control and conduct disorders",Female,Agegroup:5–24years–95%CI,,,,ED
2021–2022,"   Disruptive, impulse control and conduct disorders",Male,Agegroup:5–24years–95%CI,,,,ED
2021–2022,"   Disruptive, impulse control and conduct disorders",Total,Agegroup:5–24years–95%CI,,,,ED
2021–2022,   Eating and feeding disorders,Female,Agegroup:5–24years–95%CI,,,,ED
2021–2022,   Eating and feeding disorders,Male,Agegroup:5–24years–95%CI,,,,ED
2021–2022,   Eating and feeding disorders,Total,Agegroup:5–24years–95%CI,,,,ED
2021–2022,   Tic disorders,Female,Agegroup:5–24years–95%CI,,,,ED
2021–2022,   Tic disorders,Male,Agegroup:5–24years–95%CI,,,,ED
2021–2022,   Tic disorders,Total,Agegroup:5–24years–95%CI,,,,ED
2021–2022,   ADHD,Female,Agegroup:5–24years–95%CI,,,,ED
2021–2022,   ADHD,Male,Agegroup:5–24years–95%CI,,,,ED
2021–2022,   ADHD,Total,Agegroup:5–24years–95%CI,,,,ED
2022–2023,Neurocognitive disorders,Female,Agegroup:5–24years–95%CI,,,,ED
2022–2023,Neurocognitive disorders,Male,Agegroup:5–24years–95%CI,,,,ED
2022–2023,Neurocognitive disorders,Total,Agegroup:5–24years–95%CI,,,,ED
2022–2023,Substance-related disorders,Female,Agegroup:5–24years–95%CI,,,,ED
2022–2023,Substance-related disorders,Male,Agegroup:5–24years–95%CI,,,,ED
2022–2023,Substance-related disorders,Total,Agegroup:5–24years–95%CI,,,,ED
2022–2023,Schizophrenic and psychotic disorders,Female,Agegroup:5–24years–95%CI,,,,ED
2022–2023,Schizophrenic and psychotic disorders,Male,Agegroup:5–24years–95%CI,,,,ED
2022–2023,Schizophrenic and psychotic disorders,Total,Agegroup:5–24years–95%CI,,,,ED
2022–2023,Mood disorders,Female,Agegroup:5–24years–95%CI,,,,ED
2022–2023,Mood disorders,Male,Agegroup:5–24years–95%CI,,,,ED
2022–2023,Mood disorders,Total,Agegroup:5–24years–95%CI,,,,ED
2022–2023,Anxiety disorders,Female,Agegroup:5–24years–95%CI,,,,ED
2022–2023,Anxiety disorders,Male,Agegroup:5–24years–95%CI,,,,ED
2022–2023,Anxiety disorders,Total,Agegroup:5–24years–95%CI,,,,ED
2022–2023,Personality disorders,Female,Agegroup:5–24years–95%CI,,,,ED
2022–2023,Personality disorders,Male,Agegroup:5–24years–95%CI,,,,ED
2022–2023,Personality disorders,Total,Agegroup:5–24years–95%CI,,,,ED
2022–2023,Other disorders,Female,Agegroup:5–24years–95%CI,,,,ED
2022–2023,Other disorders,Male,Agegroup:5–24years–95%CI,,,,ED
2022–2023,Other disorders,Total,Agegroup:5–24years–95%CI,,,,ED
2022–2023,   Trauma- and stressor-related disorders,Female,Agegroup:5–24years–95%CI,,,,ED
2022–2023,   Trauma- and stressor-related disorders,Male,Agegroup:5–24years–95%CI,,,,ED
2022–2023,   Trauma- and stressor-related disorders,Total,Agegroup:5–24years–95%CI,,,,ED
2022–2023,"   Disruptive, impulse control and conduct disorders",Female,Agegroup:5–24years–95%CI,,,,ED
2022–2023,"   Disruptive, impulse control and conduct disorders",Male,Agegroup:5–24years–95%CI,,,,ED
2022–2023,"   Disruptive, impulse control and conduct disorders",Total,Agegroup:5–24years–95%CI,,,,ED
2022–2023,   Eating and feeding disorders,Female,Agegroup:5–24years–95%CI,,,,ED
2022–2023,   Eating and feeding disorders,Male,Agegroup:5–24years–95%CI,,,,ED
2022–2023,   Eating and feeding disorders,Total,Agegroup:5–24years–95%CI,,,,ED
2022–2023,   Tic disorders,Female,Agegroup:5–24years–95%CI,,,,ED
2022–2023,   Tic disorders,Male,Agegroup:5–24years–95%CI,,,,ED
2022–2023,   Tic disorders,Total,Agegroup:5–24years–95%CI,,,,ED
2022–2023,   ADHD,Female,Agegroup:5–24years–95%CI,,,,ED
2022–2023,   ADHD,Male,Agegroup:5–24years–95%CI,,,,ED
2022–2023,   ADHD,Total,Agegroup:5–24years–95%CI,,,,ED
2023–2024,Neurocognitive disorders,Female,Agegroup:5–24years–95%CI,,,,ED
2023–2024,Neurocognitive disorders,Male,Agegroup:5–24years–95%CI,,,,ED
2023–2024,Neurocognitive disorders,Total,Agegroup:5–24years–95%CI,,,,ED
2023–2024,Substance-related disorders,Female,Agegroup:5–24years–95%CI,,,,ED
2023–2024,Substance-related disorders,Male,Agegroup:5–24years–95%CI,,,,ED
2023–2024,Substance-related disorders,Total,Agegroup:5–24years–95%CI,,,,ED
2023–2024,Schizophrenic and psychotic disorders,Female,Agegroup:5–24years–95%CI,,,,ED
2023–2024,Schizophrenic and psychotic disorders,Male,Agegroup:5–24years–95%CI,,,,ED
2023–2024,Schizophrenic and psychotic disorders,Total,Agegroup:5–24years–95%CI,,,,ED
2023–2024,Mood disorders,Female,Agegroup:5–24years–95%CI,,,,ED
2023–2024,Mood disorders,Male,Agegroup:5–24years–95%CI,,,,ED
2023–2024,Mood disorders,Total,Agegroup:5–24years–95%CI,,,,ED
2023–2024,Anxiety disorders,Female,Agegroup:5–24years–95%CI,,,,ED
2023–2024,Anxiety disorders,Male,Agegroup:5–24years–95%CI,,,,ED
2023–2024,Anxiety disorders,Total,Agegroup:5–24years–95%CI,,,,ED
2023–2024,Personality disorders,Female,Agegroup:5–24years–95%CI,,,,ED
2023–2024,Personality disorders,Male,Agegroup:5–24years–95%CI,,,,ED
2023–2024,Personality disorders,Total,Agegroup:5–24years–95%CI,,,,ED
2023–2024,Other disorders,Female,Agegroup:5–24years–95%CI,,,,ED
2023–2024,Other disorders,Male,Agegroup:5–24years–95%CI,,,,ED
2023–2024,Other disorders,Total,Agegroup:5–24years–95%CI,,,,ED
2023–2024,   Trauma- and stressor-related disorders,Female,Agegroup:5–24years–95%CI,,,,ED
2023–2024,   Trauma- and stressor-related disorders,Male,Agegroup:5–24years–95%CI,,,,ED
2023–2024,   Trauma- and stressor-related disorders,Total,Agegroup:5–24years–95%CI,,,,ED
2023–2024,"   Disruptive, impulse control and conduct disorders",Female,Agegroup:5–24years–95%CI,,,,ED
2023–2024,"   Disruptive, impulse control and conduct disorders",Male,Agegroup:5–24years–95%CI,,,,ED
2023–2024,"   Disruptive, impulse control and conduct disorders",Total,Agegroup:5–24years–95%CI,,,,ED
2023–2024,   Eating and feeding disorders,Female,Agegroup:5–24years–95%CI,,,,ED
2023–2024,   Eating and feeding disorders,Male,Agegroup:5–24years–95%CI,,,,ED
2023–2024,   Eating and feeding disorders,Total,Agegroup:5–24years–95%CI,,,,ED
2023–2024,   Tic disorders,Female,Agegroup:5–24years–95%CI,,,,ED
2023–2024,   Tic disorders,Male,Agegroup:5–24years–95%CI,,,,ED
2023–2024,   Tic disorders,Total,Agegroup:5–24years–95%CI,,,,ED
2023–2024,   ADHD,Female,Agegroup:5–24years–95%CI,,,,ED
2023–2024,   ADHD,Male,Agegroup:5–24years–95%CI,,,,ED
2023–2024,   ADHD,Total,Agegroup:5–24years–95%CI,,,,ED
2018–2019,Neurocognitive disorders,Female,Agegroup:5–9years–Rate,0.3,,,Hospitalization
2018–2019,Neurocognitive disorders,Male,Agegroup:5–9years–Rate,0.3,,,Hospitalization
2018–2019,Neurocognitive disorders,Total,Agegroup:5–9years–Rate,0.3,,,Hospitalization
2018–2019,Substance-related disorders,Female,Agegroup:5–9years–Rate,0.1,,,Hospitalization
2018–2019,Substance-related disorders,Male,Agegroup:5–9years–Rate,0.1,,,Hospitalization
2018–2019,Substance-related disorders,Total,Agegroup:5–9years–Rate,0.1,,,Hospitalization
2018–2019,Schizophrenic and psychotic disorders,Female,Agegroup:5–9years–Rate,0.1,,,Hospitalization
2018–2019,Schizophrenic and psychotic disorders,Male,Agegroup:5–9years–Rate,0.5,,,Hospitalization
2018–2019,Schizophrenic and psychotic disorders,Total,Agegroup:5–9years–Rate,0.3,,,Hospitalization
2018–2019,Mood disorders,Female,Agegroup:5–9years–Rate,1.1,,,Hospitalization
2018–2019,Mood disorders,Male,Agegroup:5–9years–Rate,3.2,,,Hospitalization
2018–2019,Mood disorders,Total,Agegroup:5–9years–Rate,2.2,,,Hospitalization
2018–2019,Anxiety disorders,Female,Agegroup:5–9years–Rate,3.4,,,Hospitalization
2018–2019,Anxiety disorders,Male,Agegroup:5–9years–Rate,4.1,,,Hospitalization
2018–2019,Anxiety disorders,Total,Agegroup:5–9years–Rate,3.8,,,Hospitalization
2018–2019,Personality disorders,Female,Agegroup:5–9years–Rate,0.0,,,Hospitalization
2018–2019,Personality disorders,Male,Agegroup:5–9years–Rate,0.3,,,Hospitalization
2018–2019,Personality disorders,Total,Agegroup:5–9years–Rate,0.1,,,Hospitalization
2018–2019,Other disorders,Female,Agegroup:5–9years–Rate,19.1,,,Hospitalization
2018–2019,Other disorders,Male,Agegroup:5–9years–Rate,45.5,,,Hospitalization
2018–2019,Other disorders,Total,Agegroup:5–9years–Rate,32.6,,,Hospitalization
2018–2019,   Trauma- and stressor-related disorders,Female,Agegroup:5–9years–Rate,3.7,,,Hospitalization
2018–2019,   Trauma- and stressor-related disorders,Male,Agegroup:5–9years–Rate,7.5,,,Hospitalization
2018–2019,   Trauma- and stressor-related disorders,Total,Agegroup:5–9years–Rate,5.7,,,Hospitalization
2018–2019,"   Disruptive, impulse control and conduct disorders",Female,Agegroup:5–9years–Rate,4.4,,,Hospitalization
2018–2019,"   Disruptive, impulse control and conduct disorders",Male,Agegroup:5–9years–Rate,12.1,,,Hospitalization
2018–2019,"   Disruptive, impulse control and conduct disorders",Total,Agegroup:5–9years–Rate,8.4,,,Hospitalization
2018–2019,   Eating and feeding disorders,Female,Agegroup:5–9years–Rate,1.5,,,Hospitalization
2018–2019,   Eating and feeding disorders,Male,Agegroup:5–9years–Rate,1.3,,,Hospitalization
2018–2019,   Eating and feeding disorders,Total,Agegroup:5–9years–Rate,1.4,,,Hospitalization
2018–2019,   Tic disorders,Female,Agegroup:5–9years–Rate,0.5,,,Hospitalization
2018–2019,   Tic disorders,Male,Agegroup:5–9years–Rate,1.4,,,Hospitalization
2018–2019,   Tic disorders,Total,Agegroup:5–9years–Rate,1.0,,,Hospitalization
2018–2019,   ADHD,Female,Agegroup:5–9years–Rate,4.4,,,Hospitalization
2018–2019,   ADHD,Male,Agegroup:5–9years–Rate,16.0,,,Hospitalization
2018–2019,   ADHD,Total,Agegroup:5–9years–Rate,10.4,,,Hospitalization
2019–2020,Neurocognitive disorders,Female,Agegroup:5–9years–Rate,0.4,,,Hospitalization
2019–2020,Neurocognitive disorders,Male,Agegroup:5–9years–Rate,0.3,,,Hospitalization
2019–2020,Neurocognitive disorders,Total,Agegroup:5–9years–Rate,0.3,,,Hospitalization
2019–2020,Substance-related disorders,Female,Agegroup:5–9years–Rate,0.1,,,Hospitalization
2019–2020,Substance-related disorders,Male,Agegroup:5–9years–Rate,0.2,,,Hospitalization
2019–2020,Substance-related disorders,Total,Agegroup:5–9years–Rate,0.1,,,Hospitalization
2019–2020,Schizophrenic and psychotic disorders,Female,Agegroup:5–9years–Rate,0.3,,,Hospitalization
2019–2020,Schizophrenic and psychotic disorders,Male,Agegroup:5–9years–Rate,0.4,,,Hospitalization
2019–2020,Schizophrenic and psychotic disorders,Total,Agegroup:5–9years–Rate,0.3,,,Hospitalization
2019–2020,Mood disorders,Female,Agegroup:5–9years–Rate,1.5,,,Hospitalization
2019–2020,Mood disorders,Male,Agegroup:5–9years–Rate,2.5,,,Hospitalization
2019–2020,Mood disorders,Total,Agegroup:5–9years–Rate,2.0,,,Hospitalization
2019–2020,Anxiety disorders,Female,Agegroup:5–9years–Rate,3.4,,,Hospitalization
2019–2020,Anxiety disorders,Male,Agegroup:5–9years–Rate,3.6,,,Hospitalization
2019–2020,Anxiety disorders,Total,Agegroup:5–9years–Rate,3.5,,,Hospitalization
2019–2020,Personality disorders,Female,Agegroup:5–9years–Rate,0.2,,,Hospitalization
2019–2020,Personality disorders,Male,Agegroup:5–9years–Rate,0.1,,,Hospitalization
2019–2020,Personality disorders,Total,Agegroup:5–9years–Rate,0.1,,,Hospitalization
2019–2020,Other disorders,Female,Agegroup:5–9years–Rate,17.8,,,Hospitalization
2019–2020,Other disorders,Male,Agegroup:5–9years–Rate,42.1,,,Hospitalization
2019–2020,Other disorders,Total,Agegroup:5–9years–Rate,30.2,,,Hospitalization
2019–2020,   Trauma- and stressor-related disorders,Female,Agegroup:5–9years–Rate,3.6,,,Hospitalization
2019–2020,   Trauma- and stressor-related disorders,Male,Agegroup:5–9years–Rate,5.7,,,Hospitalization
2019–2020,   Trauma- and stressor-related disorders,Total,Agegroup:5–9years–Rate,4.7,,,Hospitalization
2019–2020,"   Disruptive, impulse control and conduct disorders",Female,Agegroup:5–9years–Rate,2.6,,,Hospitalization
2019–2020,"   Disruptive, impulse control and conduct disorders",Male,Agegroup:5–9years–Rate,11.0,,,Hospitalization
2019–2020,"   Disruptive, impulse control and conduct disorders",Total,Agegroup:5–9years–Rate,6.9,,,Hospitalization
2019–2020,   Eating and feeding disorders,Female,Agegroup:5–9years–Rate,2.0,,,Hospitalization
2019–2020,   Eating and feeding disorders,Male,Agegroup:5–9years–Rate,1.1,,,Hospitalization
2019–2020,   Eating and feeding disorders,Total,Agegroup:5–9years–Rate,1.6,,,Hospitalization
2019–2020,   Tic disorders,Female,Agegroup:5–9years–Rate,0.3,,,Hospitalization
2019–2020,   Tic disorders,Male,Agegroup:5–9years–Rate,1.5,,,Hospitalization
2019–2020,   Tic disorders,Total,Agegroup:5–9years–Rate,0.9,,,Hospitalization
2019–2020,   ADHD,Female,Agegroup:5–9years–Rate,4.1,,,Hospitalization
2019–2020,   ADHD,Male,Agegroup:5–9years–Rate,15.0,,,Hospitalization
2019–2020,   ADHD,Total,Agegroup:5–9years–Rate,9.7,,,Hospitalization
2020–2021,Neurocognitive disorders,Female,Agegroup:5–9years–Rate,0.1,,,Hospitalization
2020–2021,Neurocognitive disorders,Male,Agegroup:5–9years–Rate,0.0,,,Hospitalization
2020–2021,Neurocognitive disorders,Total,Agegroup:5–9years–Rate,0.0,,,Hospitalization
2020–2021,Substance-related disorders,Female,Agegroup:5–9years–Rate,0.2,,,Hospitalization
2020–2021,Substance-related disorders,Male,Agegroup:5–9years–Rate,0.7,,,Hospitalization
2020–2021,Substance-related disorders,Total,Agegroup:5–9years–Rate,0.4,,,Hospitalization
2020–2021,Schizophrenic and psychotic disorders,Female,Agegroup:5–9years–Rate,0.1,,,Hospitalization
2020–2021,Schizophrenic and psychotic disorders,Male,Agegroup:5–9years–Rate,0.2,,,Hospitalization
2020–2021,Schizophrenic and psychotic disorders,Total,Agegroup:5–9years–Rate,0.1,,,Hospitalization
2020–2021,Mood disorders,Female,Agegroup:5–9years–Rate,0.9,,,Hospitalization
2020–2021,Mood disorders,Male,Agegroup:5–9years–Rate,1.0,,,Hospitalization
2020–2021,Mood disorders,Total,Agegroup:5–9years–Rate,1.0,,,Hospitalization
2020–2021,Anxiety disorders,Female,Agegroup:5–9years–Rate,1.4,,,Hospitalization
2020–2021,Anxiety disorders,Male,Agegroup:5–9years–Rate,1.2,,,Hospitalization
2020–2021,Anxiety disorders,Total,Agegroup:5–9years–Rate,1.3,,,Hospitalization
2020–2021,Personality disorders,Female,Agegroup:5–9years–Rate,0.3,,,Hospitalization
2020–2021,Personality disorders,Male,Agegroup:5–9years–Rate,0.3,,,Hospitalization
2020–2021,Personality disorders,Total,Agegroup:5–9years–Rate,0.3,,,Hospitalization
2020–2021,Other disorders,Female,Agegroup:5–9years–Rate,11.9,,,Hospitalization
2020–2021,Other disorders,Male,Agegroup:5–9years–Rate,26.5,,,Hospitalization
2020–2021,Other disorders,Total,Agegroup:5–9years–Rate,19.4,,,Hospitalization
2020–2021,   Trauma- and stressor-related disorders,Female,Agegroup:5–9years–Rate,2.5,,,Hospitalization
2020–2021,   Trauma- and stressor-related disorders,Male,Agegroup:5–9years–Rate,2.8,,,Hospitalization
2020–2021,   Trauma- and stressor-related disorders,Total,Agegroup:5–9years–Rate,2.7,,,Hospitalization
2020–2021,"   Disruptive, impulse control and conduct disorders",Female,Agegroup:5–9years–Rate,2.4,,,Hospitalization
2020–2021,"   Disruptive, impulse control and conduct disorders",Male,Agegroup:5–9years–Rate,7.9,,,Hospitalization
2020–2021,"   Disruptive, impulse control and conduct disorders",Total,Agegroup:5–9years–Rate,5.2,,,Hospitalization
2020–2021,   Eating and feeding disorders,Female,Agegroup:5–9years–Rate,1.7,,,Hospitalization
2020–2021,   Eating and feeding disorders,Male,Agegroup:5–9years–Rate,0.7,,,Hospitalization
2020–2021,   Eating and feeding disorders,Total,Agegroup:5–9years–Rate,1.2,,,Hospitalization
2020–2021,   Tic disorders,Female,Agegroup:5–9years–Rate,0.0,,,Hospitalization
2020–2021,   Tic disorders,Male,Agegroup:5–9years–Rate,0.9,,,Hospitalization
2020–2021,   Tic disorders,Total,Agegroup:5–9years–Rate,0.5,,,Hospitalization
2020–2021,   ADHD,Female,Agegroup:5–9years–Rate,2.2,,,Hospitalization
2020–2021,   ADHD,Male,Agegroup:5–9years–Rate,9.3,,,Hospitalization
2020–2021,   ADHD,Total,Agegroup:5–9years–Rate,5.9,,,Hospitalization
2021–2022,Neurocognitive disorders,Female,Agegroup:5–9years–Rate,0.0,,,Hospitalization
2021–2022,Neurocognitive disorders,Male,Agegroup:5–9years–Rate,0.2,,,Hospitalization
2021–2022,Neurocognitive disorders,Total,Agegroup:5–9years–Rate,0.1,,,Hospitalization
2021–2022,Substance-related disorders,Female,Agegroup:5–9years–Rate,0.3,,,Hospitalization
2021–2022,Substance-related disorders,Male,Agegroup:5–9years–Rate,0.2,,,Hospitalization
2021–2022,Substance-related disorders,Total,Agegroup:5–9years–Rate,0.2,,,Hospitalization
2021–2022,Schizophrenic and psychotic disorders,Female,Agegroup:5–9years–Rate,0.1,,,Hospitalization
2021–2022,Schizophrenic and psychotic disorders,Male,Agegroup:5–9years–Rate,0.3,,,Hospitalization
2021–2022,Schizophrenic and psychotic disorders,Total,Agegroup:5–9years–Rate,0.2,,,Hospitalization
2021–2022,Mood disorders,Female,Agegroup:5–9years–Rate,0.8,,,Hospitalization
2021–2022,Mood disorders,Male,Agegroup:5–9years–Rate,1.5,,,Hospitalization
2021–2022,Mood disorders,Total,Agegroup:5–9years–Rate,1.2,,,Hospitalization
2021–2022,Anxiety disorders,Female,Agegroup:5–9years–Rate,1.6,,,Hospitalization
2021–2022,Anxiety disorders,Male,Agegroup:5–9years–Rate,1.7,,,Hospitalization
2021–2022,Anxiety disorders,Total,Agegroup:5–9years–Rate,1.6,,,Hospitalization
2021–2022,Personality disorders,Female,Agegroup:5–9years–Rate,0.3,,,Hospitalization
2021–2022,Personality disorders,Male,Agegroup:5–9years–Rate,0.1,,,Hospitalization
2021–2022,Personality disorders,Total,Agegroup:5–9years–Rate,0.2,,,Hospitalization
2021–2022,Other disorders,Female,Agegroup:5–9years–Rate,12.4,,,Hospitalization
2021–2022,Other disorders,Male,Agegroup:5–9years–Rate,28.0,,,Hospitalization
2021–2022,Other disorders,Total,Agegroup:5–9years–Rate,20.4,,,Hospitalization
2021–2022,   Trauma- and stressor-related disorders,Female,Agegroup:5–9years–Rate,2.2,,,Hospitalization
2021–2022,   Trauma- and stressor-related disorders,Male,Agegroup:5–9years–Rate,3.9,,,Hospitalization
2021–2022,   Trauma- and stressor-related disorders,Total,Agegroup:5–9years–Rate,3.0,,,Hospitalization
2021–2022,"   Disruptive, impulse control and conduct disorders",Female,Agegroup:5–9years–Rate,2.0,,,Hospitalization
2021–2022,"   Disruptive, impulse control and conduct disorders",Male,Agegroup:5–9years–Rate,6.4,,,Hospitalization
2021–2022,"   Disruptive, impulse control and conduct disorders",Total,Agegroup:5–9years–Rate,4.2,,,Hospitalization
2021–2022,   Eating and feeding disorders,Female,Agegroup:5–9years–Rate,1.9,,,Hospitalization
2021–2022,   Eating and feeding disorders,Male,Agegroup:5–9years–Rate,0.8,,,Hospitalization
2021–2022,   Eating and feeding disorders,Total,Agegroup:5–9years–Rate,1.4,,,Hospitalization
2021–2022,   Tic disorders,Female,Agegroup:5–9years–Rate,0.2,,,Hospitalization
2021–2022,   Tic disorders,Male,Agegroup:5–9years–Rate,0.8,,,Hospitalization
2021–2022,   Tic disorders,Total,Agegroup:5–9years–Rate,0.5,,,Hospitalization
2021–2022,   ADHD,Female,Agegroup:5–9years–Rate,2.6,,,Hospitalization
2021–2022,   ADHD,Male,Agegroup:5–9years–Rate,9.7,,,Hospitalization
2021–2022,   ADHD,Total,Agegroup:5–9years–Rate,6.2,,,Hospitalization
2022–2023,Neurocognitive disorders,Female,Agegroup:5–9years–Rate,0.1,,,Hospitalization
2022–2023,Neurocognitive disorders,Male,Agegroup:5–9years–Rate,0.3,,,Hospitalization
2022–2023,Neurocognitive disorders,Total,Agegroup:5–9years–Rate,0.2,,,Hospitalization
2022–2023,Substance-related disorders,Female,Agegroup:5–9years–Rate,0.2,,,Hospitalization
2022–2023,Substance-related disorders,Male,Agegroup:5–9years–Rate,0.4,,,Hospitalization
2022–2023,Substance-related disorders,Total,Agegroup:5–9years–Rate,0.3,,,Hospitalization
2022–2023,Schizophrenic and psychotic disorders,Female,Agegroup:5–9years–Rate,0.1,,,Hospitalization
2022–2023,Schizophrenic and psychotic disorders,Male,Agegroup:5–9years–Rate,0.2,,,Hospitalization
2022–2023,Schizophrenic and psychotic disorders,Total,Agegroup:5–9years–Rate,0.1,,,Hospitalization
2022–2023,Mood disorders,Female,Agegroup:5–9years–Rate,0.4,,,Hospitalization
2022–2023,Mood disorders,Male,Agegroup:5–9years–Rate,1.2,,,Hospitalization
2022–2023,Mood disorders,Total,Agegroup:5–9years–Rate,0.8,,,Hospitalization
2022–2023,Anxiety disorders,Female,Agegroup:5–9years–Rate,0.7,,,Hospitalization
2022–2023,Anxiety disorders,Male,Agegroup:5–9years–Rate,1.3,,,Hospitalization
2022–2023,Anxiety disorders,Total,Agegroup:5–9years–Rate,1.0,,,Hospitalization
2022–2023,Personality disorders,Female,Agegroup:5–9years–Rate,0.1,,,Hospitalization
2022–2023,Personality disorders,Male,Agegroup:5–9years–Rate,0.3,,,Hospitalization
2022–2023,Personality disorders,Total,Agegroup:5–9years–Rate,0.2,,,Hospitalization
2022–2023,Other disorders,Female,Agegroup:5–9years–Rate,12.3,,,Hospitalization
2022–2023,Other disorders,Male,Agegroup:5–9years–Rate,24.9,,,Hospitalization
2022–2023,Other disorders,Total,Agegroup:5–9years–Rate,18.7,,,Hospitalization
2022–2023,   Trauma- and stressor-related disorders,Female,Agegroup:5–9years–Rate,2.3,,,Hospitalization
2022–2023,   Trauma- and stressor-related disorders,Male,Agegroup:5–9years–Rate,3.0,,,Hospitalization
2022–2023,   Trauma- and stressor-related disorders,Total,Agegroup:5–9years–Rate,2.6,,,Hospitalization
2022–2023,"   Disruptive, impulse control and conduct disorders",Female,Agegroup:5–9years–Rate,1.8,,,Hospitalization
2022–2023,"   Disruptive, impulse control and conduct disorders",Male,Agegroup:5–9years–Rate,5.6,,,Hospitalization
2022–2023,"   Disruptive, impulse control and conduct disorders",Total,Agegroup:5–9years–Rate,3.7,,,Hospitalization
2022–2023,   Eating and feeding disorders,Female,Agegroup:5–9years–Rate,1.9,,,Hospitalization
2022–2023,   Eating and feeding disorders,Male,Agegroup:5–9years–Rate,1.4,,,Hospitalization
2022–2023,   Eating and feeding disorders,Total,Agegroup:5–9years–Rate,1.6,,,Hospitalization
2022–2023,   Tic disorders,Female,Agegroup:5–9years–Rate,0.0,,,Hospitalization
2022–2023,   Tic disorders,Male,Agegroup:5–9years–Rate,0.7,,,Hospitalization
2022–2023,   Tic disorders,Total,Agegroup:5–9years–Rate,0.3,,,Hospitalization
2022–2023,   ADHD,Female,Agegroup:5–9years–Rate,3.1,,,Hospitalization
2022–2023,   ADHD,Male,Agegroup:5–9years–Rate,8.8,,,Hospitalization
2022–2023,   ADHD,Total,Agegroup:5–9years–Rate,6.1,,,Hospitalization
2023–2024,Neurocognitive disorders,Female,Agegroup:5–9years–Rate,0.0,,,Hospitalization
2023–2024,Neurocognitive disorders,Male,Agegroup:5–9years–Rate,0.1,,,Hospitalization
2023–2024,Neurocognitive disorders,Total,Agegroup:5–9years–Rate,0.0,,,Hospitalization
2023–2024,Substance-related disorders,Female,Agegroup:5–9years–Rate,0.0,,,Hospitalization
2023–2024,Substance-related disorders,Male,Agegroup:5–9years–Rate,0.3,,,Hospitalization
2023–2024,Substance-related disorders,Total,Agegroup:5–9years–Rate,0.1,,,Hospitalization
2023–2024,Schizophrenic and psychotic disorders,Female,Agegroup:5–9years–Rate,0.1,,,Hospitalization
2023–2024,Schizophrenic and psychotic disorders,Male,Agegroup:5–9years–Rate,0.2,,,Hospitalization
2023–2024,Schizophrenic and psychotic disorders,Total,Agegroup:5–9years–Rate,0.1,,,Hospitalization
2023–2024,Mood disorders,Female,Agegroup:5–9years–Rate,0.7,,,Hospitalization
2023–2024,Mood disorders,Male,Agegroup:5–9years–Rate,0.7,,,Hospitalization
2023–2024,Mood disorders,Total,Agegroup:5–9years–Rate,0.7,,,Hospitalization
2023–2024,Anxiety disorders,Female,Agegroup:5–9years–Rate,1.5,,,Hospitalization
2023–2024,Anxiety disorders,Male,Agegroup:5–9years–Rate,2.2,,,Hospitalization
2023–2024,Anxiety disorders,Total,Agegroup:5–9years–Rate,1.9,,,Hospitalization
2023–2024,Personality disorders,Female,Agegroup:5–9years–Rate,0.4,,,Hospitalization
2023–2024,Personality disorders,Male,Agegroup:5–9years–Rate,0.2,,,Hospitalization
2023–2024,Personality disorders,Total,Agegroup:5–9years–Rate,0.3,,,Hospitalization
2023–2024,Other disorders,Female,Agegroup:5–9years–Rate,14.1,,,Hospitalization
2023–2024,Other disorders,Male,Agegroup:5–9years–Rate,26.9,,,Hospitalization
2023–2024,Other disorders,Total,Agegroup:5–9years–Rate,20.7,,,Hospitalization
2023–2024,   Trauma- and stressor-related disorders,Female,Agegroup:5–9years–Rate,1.6,,,Hospitalization
2023–2024,   Trauma- and stressor-related disorders,Male,Agegroup:5–9years–Rate,3.3,,,Hospitalization
2023–2024,   Trauma- and stressor-related disorders,Total,Agegroup:5–9years–Rate,2.5,,,Hospitalization
2023–2024,"   Disruptive, impulse control and conduct disorders",Female,Agegroup:5–9years–Rate,1.5,,,Hospitalization
2023–2024,"   Disruptive, impulse control and conduct disorders",Male,Agegroup:5–9years–Rate,6.0,,,Hospitalization
2023–2024,"   Disruptive, impulse control and conduct disorders",Total,Agegroup:5–9years–Rate,3.8,,,Hospitalization
2023–2024,   Eating and feeding disorders,Female,Agegroup:5–9years–Rate,2.7,,,Hospitalization
2023–2024,   Eating and feeding disorders,Male,Agegroup:5–9years–Rate,1.1,,,Hospitalization
2023–2024,   Eating and feeding disorders,Total,Agegroup:5–9years–Rate,1.9,,,Hospitalization
2023–2024,   Tic disorders,Female,Agegroup:5–9years–Rate,0.4,,,Hospitalization
2023–2024,   Tic disorders,Male,Agegroup:5–9years–Rate,0.6,,,Hospitalization
2023–2024,   Tic disorders,Total,Agegroup:5–9years–Rate,0.5,,,Hospitalization
2023–2024,   ADHD,Female,Agegroup:5–9years–Rate,3.0,,,Hospitalization
2023–2024,   ADHD,Male,Agegroup:5–9years–Rate,9.3,,,Hospitalization
2023–2024,   ADHD,Total,Agegroup:5–9years–Rate,6.2,,,Hospitalization
2018–2019,Neurocognitive disorders,Female,Agegroup:5–9years–95%CI,,,,Hospitalization
2018–2019,Neurocognitive disorders,Male,Agegroup:5–9years–95%CI,,,,Hospitalization
2018–2019,Neurocognitive disorders,Total,Agegroup:5–9years–95%CI,,,,Hospitalization
2018–2019,Substance-related disorders,Female,Agegroup:5–9years–95%CI,,,,Hospitalization
2018–2019,Substance-related disorders,Male,Agegroup:5–9years–95%CI,,,,Hospitalization
2018–2019,Substance-related disorders,Total,Agegroup:5–9years–95%CI,,,,Hospitalization
2018–2019,Schizophrenic and psychotic disorders,Female,Agegroup:5–9years–95%CI,,,,Hospitalization
2018–2019,Schizophrenic and psychotic disorders,Male,Agegroup:5–9years–95%CI,,,,Hospitalization
2018–2019,Schizophrenic and psychotic disorders,Total,Agegroup:5–9years–95%CI,,,,Hospitalization
2018–2019,Mood disorders,Female,Agegroup:5–9years–95%CI,,,,Hospitalization
2018–2019,Mood disorders,Male,Agegroup:5–9years–95%CI,,,,Hospitalization
2018–2019,Mood disorders,Total,Agegroup:5–9years–95%CI,,,,Hospitalization
2018–2019,Anxiety disorders,Female,Agegroup:5–9years–95%CI,,,,Hospitalization
2018–2019,Anxiety disorders,Male,Agegroup:5–9years–95%CI,,,,Hospitalization
2018–2019,Anxiety disorders,Total,Agegroup:5–9years–95%CI,,,,Hospitalization
2018–2019,Personality disorders,Female,Agegroup:5–9years–95%CI,,,,Hospitalization
2018–2019,Personality disorders,Male,Agegroup:5–9years–95%CI,,,,Hospitalization
2018–2019,Personality disorders,Total,Agegroup:5–9years–95%CI,,,,Hospitalization
2018–2019,Other disorders,Female,Agegroup:5–9years–95%CI,,,,Hospitalization
2018–2019,Other disorders,Male,Agegroup:5–9years–95%CI,,,,Hospitalization
2018–2019,Other disorders,Total,Agegroup:5–9years–95%CI,,,,Hospitalization
2018–2019,   Trauma- and stressor-related disorders,Female,Agegroup:5–9years–95%CI,,,,Hospitalization
2018–2019,   Trauma- and stressor-related disorders,Male,Agegroup:5–9years–95%CI,,,,Hospitalization
2018–2019,   Trauma- and stressor-related disorders,Total,Agegroup:5–9years–95%CI,,,,Hospitalization
2018–2019,"   Disruptive, impulse control and conduct disorders",Female,Agegroup:5–9years–95%CI,,,,Hospitalization
2018–2019,"   Disruptive, impulse control and conduct disorders",Male,Agegroup:5–9years–95%CI,,,,Hospitalization
2018–2019,"   Disruptive, impulse control and conduct disorders",Total,Agegroup:5–9years–95%CI,,,,Hospitalization
2018–2019,   Eating and feeding disorders,Female,Agegroup:5–9years–95%CI,,,,Hospitalization
2018–2019,   Eating and feeding disorders,Male,Agegroup:5–9years–95%CI,,,,Hospitalization
2018–2019,   Eating and feeding disorders,Total,Agegroup:5–9years–95%CI,,,,Hospitalization
2018–2019,   Tic disorders,Female,Agegroup:5–9years–95%CI,,,,Hospitalization
2018–2019,   Tic disorders,Male,Agegroup:5–9years–95%CI,,,,Hospitalization
2018–2019,   Tic disorders,Total,Agegroup:5–9years–95%CI,,,,Hospitalization
2018–2019,   ADHD,Female,Agegroup:5–9years–95%CI,,,,Hospitalization
2018–2019,   ADHD,Male,Agegroup:5–9years–95%CI,,,,Hospitalization
2018–2019,   ADHD,Total,Agegroup:5–9years–95%CI,,,,Hospitalization
2019–2020,Neurocognitive disorders,Female,Agegroup:5–9years–95%CI,,,,Hospitalization
2019–2020,Neurocognitive disorders,Male,Agegroup:5–9years–95%CI,,,,Hospitalization
2019–2020,Neurocognitive disorders,Total,Agegroup:5–9years–95%CI,,,,Hospitalization
2019–2020,Substance-related disorders,Female,Agegroup:5–9years–95%CI,,,,Hospitalization
2019–2020,Substance-related disorders,Male,Agegroup:5–9years–95%CI,,,,Hospitalization
2019–2020,Substance-related disorders,Total,Agegroup:5–9years–95%CI,,,,Hospitalization
2019–2020,Schizophrenic and psychotic disorders,Female,Agegroup:5–9years–95%CI,,,,Hospitalization
2019–2020,Schizophrenic and psychotic disorders,Male,Agegroup:5–9years–95%CI,,,,Hospitalization
2019–2020,Schizophrenic and psychotic disorders,Total,Agegroup:5–9years–95%CI,,,,Hospitalization
2019–2020,Mood disorders,Female,Agegroup:5–9years–95%CI,,,,Hospitalization
2019–2020,Mood disorders,Male,Agegroup:5–9years–95%CI,,,,Hospitalization
2019–2020,Mood disorders,Total,Agegroup:5–9years–95%CI,,,,Hospitalization
2019–2020,Anxiety disorders,Female,Agegroup:5–9years–95%CI,,,,Hospitalization
2019–2020,Anxiety disorders,Male,Agegroup:5–9years–95%CI,,,,Hospitalization
2019–2020,Anxiety disorders,Total,Agegroup:5–9years–95%CI,,,,Hospitalization
2019–2020,Personality disorders,Female,Agegroup:5–9years–95%CI,,,,Hospitalization
2019–2020,Personality disorders,Male,Agegroup:5–9years–95%CI,,,,Hospitalization
2019–2020,Personality disorders,Total,Agegroup:5–9years–95%CI,,,,Hospitalization
2019–2020,Other disorders,Female,Agegroup:5–9years–95%CI,,,,Hospitalization
2019–2020,Other disorders,Male,Agegroup:5–9years–95%CI,,,,Hospitalization
2019–2020,Other disorders,Total,Agegroup:5–9years–95%CI,,,,Hospitalization
2019–2020,   Trauma- and stressor-related disorders,Female,Agegroup:5–9years–95%CI,,,,Hospitalization
2019–2020,   Trauma- and stressor-related disorders,Male,Agegroup:5–9years–95%CI,,,,Hospitalization
2019–2020,   Trauma- and stressor-related disorders,Total,Agegroup:5–9years–95%CI,,,,Hospitalization
2019–2020,"   Disruptive, impulse control and conduct disorders",Female,Agegroup:5–9years–95%CI,,,,Hospitalization
2019–2020,"   Disruptive, impulse control and conduct disorders",Male,Agegroup:5–9years–95%CI,,,,Hospitalization
2019–2020,"   Disruptive, impulse control and conduct disorders",Total,Agegroup:5–9years–95%CI,,,,Hospitalization
2019–2020,   Eating and feeding disorders,Female,Agegroup:5–9years–95%CI,,,,Hospitalization
2019–2020,   Eating and feeding disorders,Male,Agegroup:5–9years–95%CI,,,,Hospitalization
2019–2020,   Eating and feeding disorders,Total,Agegroup:5–9years–95%CI,,,,Hospitalization
2019–2020,   Tic disorders,Female,Agegroup:5–9years–95%CI,,,,Hospitalization
2019–2020,   Tic disorders,Male,Agegroup:5–9years–95%CI,,,,Hospitalization
2019–2020,   Tic disorders,Total,Agegroup:5–9years–95%CI,,,,Hospitalization
2019–2020,   ADHD,Female,Agegroup:5–9years–95%CI,,,,Hospitalization
2019–2020,   ADHD,Male,Agegroup:5–9years–95%CI,,,,Hospitalization
2019–2020,   ADHD,Total,Agegroup:5–9years–95%CI,,,,Hospitalization
2020–2021,Neurocognitive disorders,Female,Agegroup:5–9years–95%CI,,,,Hospitalization
2020–2021,Neurocognitive disorders,Male,Agegroup:5–9years–95%CI,,,,Hospitalization
2020–2021,Neurocognitive disorders,Total,Agegroup:5–9years–95%CI,,,,Hospitalization
2020–2021,Substance-related disorders,Female,Agegroup:5–9years–95%CI,,,,Hospitalization
2020–2021,Substance-related disorders,Male,Agegroup:5–9years–95%CI,,,,Hospitalization
2020–2021,Substance-related disorders,Total,Agegroup:5–9years–95%CI,,,,Hospitalization
2020–2021,Schizophrenic and psychotic disorders,Female,Agegroup:5–9years–95%CI,,,,Hospitalization
2020–2021,Schizophrenic and psychotic disorders,Male,Agegroup:5–9years–95%CI,,,,Hospitalization
2020–2021,Schizophrenic and psychotic disorders,Total,Agegroup:5–9years–95%CI,,,,Hospitalization
2020–2021,Mood disorders,Female,Agegroup:5–9years–95%CI,,,,Hospitalization
2020–2021,Mood disorders,Male,Agegroup:5–9years–95%CI,,,,Hospitalization
2020–2021,Mood disorders,Total,Agegroup:5–9years–95%CI,,,,Hospitalization
2020–2021,Anxiety disorders,Female,Agegroup:5–9years–95%CI,,,,Hospitalization
2020–2021,Anxiety disorders,Male,Agegroup:5–9years–95%CI,,,,Hospitalization
2020–2021,Anxiety disorders,Total,Agegroup:5–9years–95%CI,,,,Hospitalization
2020–2021,Personality disorders,Female,Agegroup:5–9years–95%CI,,,,Hospitalization
2020–2021,Personality disorders,Male,Agegroup:5–9years–95%CI,,,,Hospitalization
2020–2021,Personality disorders,Total,Agegroup:5–9years–95%CI,,,,Hospitalization
2020–2021,Other disorders,Female,Agegroup:5–9years–95%CI,,,,Hospitalization
2020–2021,Other disorders,Male,Agegroup:5–9years–95%CI,,,,Hospitalization
2020–2021,Other disorders,Total,Agegroup:5–9years–95%CI,,,,Hospitalization
2020–2021,   Trauma- and stressor-related disorders,Female,Agegroup:5–9years–95%CI,,,,Hospitalization
2020–2021,   Trauma- and stressor-related disorders,Male,Agegroup:5–9years–95%CI,,,,Hospitalization
2020–2021,   Trauma- and stressor-related disorders,Total,Agegroup:5–9years–95%CI,,,,Hospitalization
2020–2021,"   Disruptive, impulse control and conduct disorders",Female,Agegroup:5–9years–95%CI,,,,Hospitalization
2020–2021,"   Disruptive, impulse control and conduct disorders",Male,Agegroup:5–9years–95%CI,,,,Hospitalization
2020–2021,"   Disruptive, impulse control and conduct disorders",Total,Agegroup:5–9years–95%CI,,,,Hospitalization
2020–2021,   Eating and feeding disorders,Female,Agegroup:5–9years–95%CI,,,,Hospitalization
2020–2021,   Eating and feeding disorders,Male,Agegroup:5–9years–95%CI,,,,Hospitalization
2020–2021,   Eating and feeding disorders,Total,Agegroup:5–9years–95%CI,,,,Hospitalization
2020–2021,   Tic disorders,Female,Agegroup:5–9years–95%CI,,,,Hospitalization
2020–2021,   Tic disorders,Male,Agegroup:5–9years–95%CI,,,,Hospitalization
2020–2021,   Tic disorders,Total,Agegroup:5–9years–95%CI,,,,Hospitalization
2020–2021,   ADHD,Female,Agegroup:5–9years–95%CI,,,,Hospitalization
2020–2021,   ADHD,Male,Agegroup:5–9years–95%CI,,,,Hospitalization
2020–2021,   ADHD,Total,Agegroup:5–9years–95%CI,,,,Hospitalization
2021–2022,Neurocognitive disorders,Female,Agegroup:5–9years–95%CI,,,,Hospitalization
2021–2022,Neurocognitive disorders,Male,Agegroup:5–9years–95%CI,,,,Hospitalization
2021–2022,Neurocognitive disorders,Total,Agegroup:5–9years–95%CI,,,,Hospitalization
2021–2022,Substance-related disorders,Female,Agegroup:5–9years–95%CI,,,,Hospitalization
2021–2022,Substance-related disorders,Male,Agegroup:5–9years–95%CI,,,,Hospitalization
2021–2022,Substance-related disorders,Total,Agegroup:5–9years–95%CI,,,,Hospitalization
2021–2022,Schizophrenic and psychotic disorders,Female,Agegroup:5–9years–95%CI,,,,Hospitalization
2021–2022,Schizophrenic and psychotic disorders,Male,Agegroup:5–9years–95%CI,,,,Hospitalization
2021–2022,Schizophrenic and psychotic disorders,Total,Agegroup:5–9years–95%CI,,,,Hospitalization
2021–2022,Mood disorders,Female,Agegroup:5–9years–95%CI,,,,Hospitalization
2021–2022,Mood disorders,Male,Agegroup:5–9years–95%CI,,,,Hospitalization
2021–2022,Mood disorders,Total,Agegroup:5–9years–95%CI,,,,Hospitalization
2021–2022,Anxiety disorders,Female,Agegroup:5–9years–95%CI,,,,Hospitalization
2021–2022,Anxiety disorders,Male,Agegroup:5–9years–95%CI,,,,Hospitalization
2021–2022,Anxiety disorders,Total,Agegroup:5–9years–95%CI,,,,Hospitalization
2021–2022,Personality disorders,Female,Agegroup:5–9years–95%CI,,,,Hospitalization
2021–2022,Personality disorders,Male,Agegroup:5–9years–95%CI,,,,Hospitalization
2021–2022,Personality disorders,Total,Agegroup:5–9years–95%CI,,,,Hospitalization
2021–2022,Other disorders,Female,Agegroup:5–9years–95%CI,,,,Hospitalization
2021–2022,Other disorders,Male,Agegroup:5–9years–95%CI,,,,Hospitalization
2021–2022,Other disorders,Total,Agegroup:5–9years–95%CI,,,,Hospitalization
2021–2022,   Trauma- and stressor-related disorders,Female,Agegroup:5–9years–95%CI,,,,Hospitalization
2021–2022,   Trauma- and stressor-related disorders,Male,Agegroup:5–9years–95%CI,,,,Hospitalization
2021–2022,   Trauma- and stressor-related disorders,Total,Agegroup:5–9years–95%CI,,,,Hospitalization
2021–2022,"   Disruptive, impulse control and conduct disorders",Female,Agegroup:5–9years–95%CI,,,,Hospitalization
2021–2022,"   Disruptive, impulse control and conduct disorders",Male,Agegroup:5–9years–95%CI,,,,Hospitalization
2021–2022,"   Disruptive, impulse control and conduct disorders",Total,Agegroup:5–9years–95%CI,,,,Hospitalization
2021–2022,   Eating and feeding disorders,Female,Agegroup:5–9years–95%CI,,,,Hospitalization
2021–2022,   Eating and feeding disorders,Male,Agegroup:5–9years–95%CI,,,,Hospitalization
2021–2022,   Eating and feeding disorders,Total,Agegroup:5–9years–95%CI,,,,Hospitalization
2021–2022,   Tic disorders,Female,Agegroup:5–9years–95%CI,,,,Hospitalization
2021–2022,   Tic disorders,Male,Agegroup:5–9years–95%CI,,,,Hospitalization
2021–2022,   Tic disorders,Total,Agegroup:5–9years–95%CI,,,,Hospitalization
2021–2022,   ADHD,Female,Agegroup:5–9years–95%CI,,,,Hospitalization
2021–2022,   ADHD,Male,Agegroup:5–9years–95%CI,,,,Hospitalization
2021–2022,   ADHD,Total,Agegroup:5–9years–95%CI,,,,Hospitalization
2022–2023,Neurocognitive disorders,Female,Agegroup:5–9years–95%CI,,,,Hospitalization
2022–2023,Neurocognitive disorders,Male,Agegroup:5–9years–95%CI,,,,Hospitalization
2022–2023,Neurocognitive disorders,Total,Agegroup:5–9years–95%CI,,,,Hospitalization
2022–2023,Substance-related disorders,Female,Agegroup:5–9years–95%CI,,,,Hospitalization
2022–2023,Substance-related disorders,Male,Agegroup:5–9years–95%CI,,,,Hospitalization
2022–2023,Substance-related disorders,Total,Agegroup:5–9years–95%CI,,,,Hospitalization
2022–2023,Schizophrenic and psychotic disorders,Female,Agegroup:5–9years–95%CI,,,,Hospitalization
2022–2023,Schizophrenic and psychotic disorders,Male,Agegroup:5–9years–95%CI,,,,Hospitalization
2022–2023,Schizophrenic and psychotic disorders,Total,Agegroup:5–9years–95%CI,,,,Hospitalization
2022–2023,Mood disorders,Female,Agegroup:5–9years–95%CI,,,,Hospitalization
2022–2023,Mood disorders,Male,Agegroup:5–9years–95%CI,,,,Hospitalization
2022–2023,Mood disorders,Total,Agegroup:5–9years–95%CI,,,,Hospitalization
2022–2023,Anxiety disorders,Female,Agegroup:5–9years–95%CI,,,,Hospitalization
2022–2023,Anxiety disorders,Male,Agegroup:5–9years–95%CI,,,,Hospitalization
2022–2023,Anxiety disorders,Total,Agegroup:5–9years–95%CI,,,,Hospitalization
2022–2023,Personality disorders,Female,Agegroup:5–9years–95%CI,,,,Hospitalization
2022–2023,Personality disorders,Male,Agegroup:5–9years–95%CI,,,,Hospitalization
2022–2023,Personality disorders,Total,Agegroup:5–9years–95%CI,,,,Hospitalization
2022–2023,Other disorders,Female,Agegroup:5–9years–95%CI,,,,Hospitalization
2022–2023,Other disorders,Male,Agegroup:5–9years–95%CI,,,,Hospitalization
2022–2023,Other disorders,Total,Agegroup:5–9years–95%CI,,,,Hospitalization
2022–2023,   Trauma- and stressor-related disorders,Female,Agegroup:5–9years–95%CI,,,,Hospitalization
2022–2023,   Trauma- and stressor-related disorders,Male,Agegroup:5–9years–95%CI,,,,Hospitalization
2022–2023,   Trauma- and stressor-related disorders,Total,Agegroup:5–9years–95%CI,,,,Hospitalization
2022–2023,"   Disruptive, impulse control and conduct disorders",Female,Agegroup:5–9years–95%CI,,,,Hospitalization
2022–2023,"   Disruptive, impulse control and conduct disorders",Male,Agegroup:5–9years–95%CI,,,,Hospitalization
2022–2023,"   Disruptive, impulse control and conduct disorders",Total,Agegroup:5–9years–95%CI,,,,Hospitalization
2022–2023,   Eating and feeding disorders,Female,Agegroup:5–9years–95%CI,,,,Hospitalization
2022–2023,   Eating and feeding disorders,Male,Agegroup:5–9years–95%CI,,,,Hospitalization
2022–2023,   Eating and feeding disorders,Total,Agegroup:5–9years–95%CI,,,,Hospitalization
2022–2023,   Tic disorders,Female,Agegroup:5–9years–95%CI,,,,Hospitalization
2022–2023,   Tic disorders,Male,Agegroup:5–9years–95%CI,,,,Hospitalization
2022–2023,   Tic disorders,Total,Agegroup:5–9years–95%CI,,,,Hospitalization
2022–2023,   ADHD,Female,Agegroup:5–9years–95%CI,,,,Hospitalization
2022–2023,   ADHD,Male,Agegroup:5–9years–95%CI,,,,Hospitalization
2022–2023,   ADHD,Total,Agegroup:5–9years–95%CI,,,,Hospitalization
2023–2024,Neurocognitive disorders,Female,Agegroup:5–9years–95%CI,,,,Hospitalization
2023–2024,Neurocognitive disorders,Male,Agegroup:5–9years–95%CI,,,,Hospitalization
2023–2024,Neurocognitive disorders,Total,Agegroup:5–9years–95%CI,,,,Hospitalization
2023–2024,Substance-related disorders,Female,Agegroup:5–9years–95%CI,,,,Hospitalization
2023–2024,Substance-related disorders,Male,Agegroup:5–9years–95%CI,,,,Hospitalization
2023–2024,Substance-related disorders,Total,Agegroup:5–9years–95%CI,,,,Hospitalization
2023–2024,Schizophrenic and psychotic disorders,Female,Agegroup:5–9years–95%CI,,,,Hospitalization
2023–2024,Schizophrenic and psychotic disorders,Male,Agegroup:5–9years–95%CI,,,,Hospitalization
2023–2024,Schizophrenic and psychotic disorders,Total,Agegroup:5–9years–95%CI,,,,Hospitalization
2023–2024,Mood disorders,Female,Agegroup:5–9years–95%CI,,,,Hospitalization
2023–2024,Mood disorders,Male,Agegroup:5–9years–95%CI,,,,Hospitalization
2023–2024,Mood disorders,Total,Agegroup:5–9years–95%CI,,,,Hospitalization
2023–2024,Anxiety disorders,Female,Agegroup:5–9years–95%CI,,,,Hospitalization
2023–2024,Anxiety disorders,Male,Agegroup:5–9years–95%CI,,,,Hospitalization
2023–2024,Anxiety disorders,Total,Agegroup:5–9years–95%CI,,,,Hospitalization
2023–2024,Personality disorders,Female,Agegroup:5–9years–95%CI,,,,Hospitalization
2023–2024,Personality disorders,Male,Agegroup:5–9years–95%CI,,,,Hospitalization
2023–2024,Personality disorders,Total,Agegroup:5–9years–95%CI,,,,Hospitalization
2023–2024,Other disorders,Female,Agegroup:5–9years–95%CI,,,,Hospitalization
2023–2024,Other disorders,Male,Agegroup:5–9years–95%CI,,,,Hospitalization
2023–2024,Other disorders,Total,Agegroup:5–9years–95%CI,,,,Hospitalization
2023–2024,   Trauma- and stressor-related disorders,Female,Agegroup:5–9years–95%CI,,,,Hospitalization
2023–2024,   Trauma- and stressor-related disorders,Male,Agegroup:5–9years–95%CI,,,,Hospitalization
2023–2024,   Trauma- and stressor-related disorders,Total,Agegroup:5–9years–95%CI,,,,Hospitalization
2023–2024,"   Disruptive, impulse control and conduct disorders",Female,Agegroup:5–9years–95%CI,,,,Hospitalization
2023–2024,"   Disruptive, impulse control and conduct disorders",Male,Agegroup:5–9years–95%CI,,,,Hospitalization
2023–2024,"   Disruptive, impulse control and conduct disorders",Total,Agegroup:5–9years–95%CI,,,,Hospitalization
2023–2024,   Eating and feeding disorders,Female,Agegroup:5–9years–95%CI,,,,Hospitalization
2023–2024,   Eating and feeding disorders,Male,Agegroup:5–9years–95%CI,,,,Hospitalization
2023–2024,   Eating and feeding disorders,Total,Agegroup:5–9years–95%CI,,,,Hospitalization
2023–2024,   Tic disorders,Female,Agegroup:5–9years–95%CI,,,,Hospitalization
2023–2024,   Tic disorders,Male,Agegroup:5–9years–95%CI,,,,Hospitalization
2023–2024,   Tic disorders,Total,Agegroup:5–9years–95%CI,,,,Hospitalization
2023–2024,   ADHD,Female,Agegroup:5–9years–95%CI,,,,Hospitalization
2023–2024,   ADHD,Male,Agegroup:5–9years–95%CI,,,,Hospitalization
2023–2024,   ADHD,Total,Agegroup:5–9years–95%CI,,,,Hospitalization
2018–2019,Neurocognitive disorders,Female,Agegroup:10–14years–Rate,1.0,,,Hospitalization
2018–2019,Neurocognitive disorders,Male,Agegroup:10–14years–Rate,0.7,,,Hospitalization
2018–2019,Neurocognitive disorders,Total,Agegroup:10–14years–Rate,0.8,,,Hospitalization
2018–2019,Substance-related disorders,Female,Agegroup:10–14years–Rate,10.6,,,Hospitalization
2018–2019,Substance-related disorders,Male,Agegroup:10–14years–Rate,6.1,,,Hospitalization
2018–2019,Substance-related disorders,Total,Agegroup:10–14years–Rate,8.3,,,Hospitalization
2018–2019,Schizophrenic and psychotic disorders,Female,Agegroup:10–14years–Rate,8.9,,,Hospitalization
2018–2019,Schizophrenic and psychotic disorders,Male,Agegroup:10–14years–Rate,7.7,,,Hospitalization
2018–2019,Schizophrenic and psychotic disorders,Total,Agegroup:10–14years–Rate,8.3,,,Hospitalization
2018–2019,Mood disorders,Female,Agegroup:10–14years–Rate,138.4,,,Hospitalization
2018–2019,Mood disorders,Male,Agegroup:10–14years–Rate,37.9,,,Hospitalization
2018–2019,Mood disorders,Total,Agegroup:10–14years–Rate,86.9,,,Hospitalization
2018–2019,Anxiety disorders,Female,Agegroup:10–14years–Rate,58.2,,,Hospitalization
2018–2019,Anxiety disorders,Male,Agegroup:10–14years–Rate,22.9,,,Hospitalization
2018–2019,Anxiety disorders,Total,Agegroup:10–14years–Rate,40.2,,,Hospitalization
2018–2019,Personality disorders,Female,Agegroup:10–14years–Rate,16.5,,,Hospitalization
2018–2019,Personality disorders,Male,Agegroup:10–14years–Rate,1.9,,,Hospitalization
2018–2019,Personality disorders,Total,Agegroup:10–14years–Rate,9.0,,,Hospitalization
2018–2019,Other disorders,Female,Agegroup:10–14years–Rate,251.7,,,Hospitalization
2018–2019,Other disorders,Male,Agegroup:10–14years–Rate,142.6,,,Hospitalization
2018–2019,Other disorders,Total,Agegroup:10–14years–Rate,195.8,,,Hospitalization
2018–2019,   Trauma- and stressor-related disorders,Female,Agegroup:10–14years–Rate,142.5,,,Hospitalization
2018–2019,   Trauma- and stressor-related disorders,Male,Agegroup:10–14years–Rate,48.7,,,Hospitalization
2018–2019,   Trauma- and stressor-related disorders,Total,Agegroup:10–14years–Rate,94.5,,,Hospitalization
2018–2019,"   Disruptive, impulse control and conduct disorders",Female,Agegroup:10–14years–Rate,31.6,,,Hospitalization
2018–2019,"   Disruptive, impulse control and conduct disorders",Male,Agegroup:10–14years–Rate,32.4,,,Hospitalization
2018–2019,"   Disruptive, impulse control and conduct disorders",Total,Agegroup:10–14years–Rate,32.0,,,Hospitalization
2018–2019,   Eating and feeding disorders,Female,Agegroup:10–14years–Rate,36.0,,,Hospitalization
2018–2019,   Eating and feeding disorders,Male,Agegroup:10–14years–Rate,5.7,,,Hospitalization
2018–2019,   Eating and feeding disorders,Total,Agegroup:10–14years–Rate,20.5,,,Hospitalization
2018–2019,   Tic disorders,Female,Agegroup:10–14years–Rate,0.2,,,Hospitalization
2018–2019,   Tic disorders,Male,Agegroup:10–14years–Rate,2.2,,,Hospitalization
2018–2019,   Tic disorders,Total,Agegroup:10–14years–Rate,1.2,,,Hospitalization
2018–2019,   ADHD,Female,Agegroup:10–14years–Rate,20.2,,,Hospitalization
2018–2019,   ADHD,Male,Agegroup:10–14years–Rate,29.8,,,Hospitalization
2018–2019,   ADHD,Total,Agegroup:10–14years–Rate,25.1,,,Hospitalization
2019–2020,Neurocognitive disorders,Female,Agegroup:10–14years–Rate,0.3,,,Hospitalization
2019–2020,Neurocognitive disorders,Male,Agegroup:10–14years–Rate,1.1,,,Hospitalization
2019–2020,Neurocognitive disorders,Total,Agegroup:10–14years–Rate,0.7,,,Hospitalization
2019–2020,Substance-related disorders,Female,Agegroup:10–14years–Rate,11.6,,,Hospitalization
2019–2020,Substance-related disorders,Male,Agegroup:10–14years–Rate,6.4,,,Hospitalization
2019–2020,Substance-related disorders,Total,Agegroup:10–14years–Rate,8.9,,,Hospitalization
2019–2020,Schizophrenic and psychotic disorders,Female,Agegroup:10–14years–Rate,7.6,,,Hospitalization
2019–2020,Schizophrenic and psychotic disorders,Male,Agegroup:10–14years–Rate,5.2,,,Hospitalization
2019–2020,Schizophrenic and psychotic disorders,Total,Agegroup:10–14years–Rate,6.4,,,Hospitalization
2019–2020,Mood disorders,Female,Agegroup:10–14years–Rate,128.1,,,Hospitalization
2019–2020,Mood disorders,Male,Agegroup:10–14years–Rate,37.0,,,Hospitalization
2019–2020,Mood disorders,Total,Agegroup:10–14years–Rate,81.3,,,Hospitalization
2019–2020,Anxiety disorders,Female,Agegroup:10–14years–Rate,65.7,,,Hospitalization
2019–2020,Anxiety disorders,Male,Agegroup:10–14years–Rate,20.5,,,Hospitalization
2019–2020,Anxiety disorders,Total,Agegroup:10–14years–Rate,42.5,,,Hospitalization
2019–2020,Personality disorders,Female,Agegroup:10–14years–Rate,17.5,,,Hospitalization
2019–2020,Personality disorders,Male,Agegroup:10–14years–Rate,2.5,,,Hospitalization
2019–2020,Personality disorders,Total,Agegroup:10–14years–Rate,9.8,,,Hospitalization
2019–2020,Other disorders,Female,Agegroup:10–14years–Rate,242.0,,,Hospitalization
2019–2020,Other disorders,Male,Agegroup:10–14years–Rate,137.7,,,Hospitalization
2019–2020,Other disorders,Total,Agegroup:10–14years–Rate,188.4,,,Hospitalization
2019–2020,   Trauma- and stressor-related disorders,Female,Agegroup:10–14years–Rate,130.1,,,Hospitalization
2019–2020,   Trauma- and stressor-related disorders,Male,Agegroup:10–14years–Rate,41.8,,,Hospitalization
2019–2020,   Trauma- and stressor-related disorders,Total,Agegroup:10–14years–Rate,84.7,,,Hospitalization
2019–2020,"   Disruptive, impulse control and conduct disorders",Female,Agegroup:10–14years–Rate,28.7,,,Hospitalization
2019–2020,"   Disruptive, impulse control and conduct disorders",Male,Agegroup:10–14years–Rate,34.9,,,Hospitalization
2019–2020,"   Disruptive, impulse control and conduct disorders",Total,Agegroup:10–14years–Rate,31.9,,,Hospitalization
2019–2020,   Eating and feeding disorders,Female,Agegroup:10–14years–Rate,35.6,,,Hospitalization
2019–2020,   Eating and feeding disorders,Male,Agegroup:10–14years–Rate,5.9,,,Hospitalization
2019–2020,   Eating and feeding disorders,Total,Agegroup:10–14years–Rate,20.4,,,Hospitalization
2019–2020,   Tic disorders,Female,Agegroup:10–14years–Rate,0.6,,,Hospitalization
2019–2020,   Tic disorders,Male,Agegroup:10–14years–Rate,2.7,,,Hospitalization
2019–2020,   Tic disorders,Total,Agegroup:10–14years–Rate,1.7,,,Hospitalization
2019–2020,   ADHD,Female,Agegroup:10–14years–Rate,21.1,,,Hospitalization
2019–2020,   ADHD,Male,Agegroup:10–14years–Rate,32.0,,,Hospitalization
2019–2020,   ADHD,Total,Agegroup:10–14years–Rate,26.7,,,Hospitalization
2020–2021,Neurocognitive disorders,Female,Agegroup:10–14years–Rate,0.8,,,Hospitalization
2020–2021,Neurocognitive disorders,Male,Agegroup:10–14years–Rate,0.3,,,Hospitalization
2020–2021,Neurocognitive disorders,Total,Agegroup:10–14years–Rate,0.5,,,Hospitalization
2020–2021,Substance-related disorders,Female,Agegroup:10–14years–Rate,9.6,,,Hospitalization
2020–2021,Substance-related disorders,Male,Agegroup:10–14years–Rate,4.9,,,Hospitalization
2020–2021,Substance-related disorders,Total,Agegroup:10–14years–Rate,7.2,,,Hospitalization
2020–2021,Schizophrenic and psychotic disorders,Female,Agegroup:10–14years–Rate,7.4,,,Hospitalization
2020–2021,Schizophrenic and psychotic disorders,Male,Agegroup:10–14years–Rate,6.4,,,Hospitalization
2020–2021,Schizophrenic and psychotic disorders,Total,Agegroup:10–14years–Rate,6.9,,,Hospitalization
2020–2021,Mood disorders,Female,Agegroup:10–14years–Rate,146.0,,,Hospitalization
2020–2021,Mood disorders,Male,Agegroup:10–14years–Rate,26.0,,,Hospitalization
2020–2021,Mood disorders,Total,Agegroup:10–14years–Rate,84.3,,,Hospitalization
2020–2021,Anxiety disorders,Female,Agegroup:10–14years–Rate,66.1,,,Hospitalization
2020–2021,Anxiety disorders,Male,Agegroup:10–14years–Rate,14.9,,,Hospitalization
2020–2021,Anxiety disorders,Total,Agegroup:10–14years–Rate,39.8,,,Hospitalization
2020–2021,Personality disorders,Female,Agegroup:10–14years–Rate,18.1,,,Hospitalization
2020–2021,Personality disorders,Male,Agegroup:10–14years–Rate,2.1,,,Hospitalization
2020–2021,Personality disorders,Total,Agegroup:10–14years–Rate,9.9,,,Hospitalization
2020–2021,Other disorders,Female,Agegroup:10–14years–Rate,252.6,,,Hospitalization
2020–2021,Other disorders,Male,Agegroup:10–14years–Rate,96.1,,,Hospitalization
2020–2021,Other disorders,Total,Agegroup:10–14years–Rate,172.1,,,Hospitalization
2020–2021,   Trauma- and stressor-related disorders,Female,Agegroup:10–14years–Rate,124.2,,,Hospitalization
2020–2021,   Trauma- and stressor-related disorders,Male,Agegroup:10–14years–Rate,28.4,,,Hospitalization
2020–2021,   Trauma- and stressor-related disorders,Total,Agegroup:10–14years–Rate,74.9,,,Hospitalization
2020–2021,"   Disruptive, impulse control and conduct disorders",Female,Agegroup:10–14years–Rate,22.0,,,Hospitalization
2020–2021,"   Disruptive, impulse control and conduct disorders",Male,Agegroup:10–14years–Rate,21.5,,,Hospitalization
2020–2021,"   Disruptive, impulse control and conduct disorders",Total,Agegroup:10–14years–Rate,21.7,,,Hospitalization
2020–2021,   Eating and feeding disorders,Female,Agegroup:10–14years–Rate,59.8,,,Hospitalization
2020–2021,   Eating and feeding disorders,Male,Agegroup:10–14years–Rate,6.3,,,Hospitalization
2020–2021,   Eating and feeding disorders,Total,Agegroup:10–14years–Rate,32.3,,,Hospitalization
2020–2021,   Tic disorders,Female,Agegroup:10–14years–Rate,2.7,,,Hospitalization
2020–2021,   Tic disorders,Male,Agegroup:10–14years–Rate,1.7,,,Hospitalization
2020–2021,   Tic disorders,Total,Agegroup:10–14years–Rate,2.2,,,Hospitalization
2020–2021,   ADHD,Female,Agegroup:10–14years–Rate,21.1,,,Hospitalization
2020–2021,   ADHD,Male,Agegroup:10–14years–Rate,22.9,,,Hospitalization
2020–2021,   ADHD,Total,Agegroup:10–14years–Rate,22.0,,,Hospitalization
2021–2022,Neurocognitive disorders,Female,Agegroup:10–14years–Rate,0.8,,,Hospitalization
2021–2022,Neurocognitive disorders,Male,Agegroup:10–14years–Rate,1.0,,,Hospitalization
2021–2022,Neurocognitive disorders,Total,Agegroup:10–14years–Rate,0.9,,,Hospitalization
2021–2022,Substance-related disorders,Female,Agegroup:10–14years–Rate,11.4,,,Hospitalization
2021–2022,Substance-related disorders,Male,Agegroup:10–14years–Rate,5.5,,,Hospitalization
2021–2022,Substance-related disorders,Total,Agegroup:10–14years–Rate,8.4,,,Hospitalization
2021–2022,Schizophrenic and psychotic disorders,Female,Agegroup:10–14years–Rate,9.8,,,Hospitalization
2021–2022,Schizophrenic and psychotic disorders,Male,Agegroup:10–14years–Rate,8.2,,,Hospitalization
2021–2022,Schizophrenic and psychotic disorders,Total,Agegroup:10–14years–Rate,9.0,,,Hospitalization
2021–2022,Mood disorders,Female,Agegroup:10–14years–Rate,187.7,,,Hospitalization
2021–2022,Mood disorders,Male,Agegroup:10–14years–Rate,31.1,,,Hospitalization
2021–2022,Mood disorders,Total,Agegroup:10–14years–Rate,107.1,,,Hospitalization
2021–2022,Anxiety disorders,Female,Agegroup:10–14years–Rate,92.7,,,Hospitalization
2021–2022,Anxiety disorders,Male,Agegroup:10–14years–Rate,15.2,,,Hospitalization
2021–2022,Anxiety disorders,Total,Agegroup:10–14years–Rate,52.8,,,Hospitalization
2021–2022,Personality disorders,Female,Agegroup:10–14years–Rate,31.2,,,Hospitalization
2021–2022,Personality disorders,Male,Agegroup:10–14years–Rate,2.3,,,Hospitalization
2021–2022,Personality disorders,Total,Agegroup:10–14years–Rate,16.3,,,Hospitalization
2021–2022,Other disorders,Female,Agegroup:10–14years–Rate,329.4,,,Hospitalization
2021–2022,Other disorders,Male,Agegroup:10–14years–Rate,112.1,,,Hospitalization
2021–2022,Other disorders,Total,Agegroup:10–14years–Rate,217.5,,,Hospitalization
2021–2022,   Trauma- and stressor-related disorders,Female,Agegroup:10–14years–Rate,161.6,,,Hospitalization
2021–2022,   Trauma- and stressor-related disorders,Male,Agegroup:10–14years–Rate,32.9,,,Hospitalization
2021–2022,   Trauma- and stressor-related disorders,Total,Agegroup:10–14years–Rate,95.3,,,Hospitalization
2021–2022,"   Disruptive, impulse control and conduct disorders",Female,Agegroup:10–14years–Rate,27.7,,,Hospitalization
2021–2022,"   Disruptive, impulse control and conduct disorders",Male,Agegroup:10–14years–Rate,25.4,,,Hospitalization
2021–2022,"   Disruptive, impulse control and conduct disorders",Total,Agegroup:10–14years–Rate,26.5,,,Hospitalization
2021–2022,   Eating and feeding disorders,Female,Agegroup:10–14years–Rate,77.9,,,Hospitalization
2021–2022,   Eating and feeding disorders,Male,Agegroup:10–14years–Rate,8.5,,,Hospitalization
2021–2022,   Eating and feeding disorders,Total,Agegroup:10–14years–Rate,42.2,,,Hospitalization
2021–2022,   Tic disorders,Female,Agegroup:10–14years–Rate,2.3,,,Hospitalization
2021–2022,   Tic disorders,Male,Agegroup:10–14years–Rate,1.8,,,Hospitalization
2021–2022,   Tic disorders,Total,Agegroup:10–14years–Rate,2.1,,,Hospitalization
2021–2022,   ADHD,Female,Agegroup:10–14years–Rate,27.5,,,Hospitalization
2021–2022,   ADHD,Male,Agegroup:10–14years–Rate,26.0,,,Hospitalization
2021–2022,   ADHD,Total,Agegroup:10–14years–Rate,26.7,,,Hospitalization
2022–2023,Neurocognitive disorders,Female,Agegroup:10–14years–Rate,0.6,,,Hospitalization
2022–2023,Neurocognitive disorders,Male,Agegroup:10–14years–Rate,0.7,,,Hospitalization
2022–2023,Neurocognitive disorders,Total,Agegroup:10–14years–Rate,0.7,,,Hospitalization
2022–2023,Substance-related disorders,Female,Agegroup:10–14years–Rate,11.2,,,Hospitalization
2022–2023,Substance-related disorders,Male,Agegroup:10–14years–Rate,6.4,,,Hospitalization
2022–2023,Substance-related disorders,Total,Agegroup:10–14years–Rate,8.8,,,Hospitalization
2022–2023,Schizophrenic and psychotic disorders,Female,Agegroup:10–14years–Rate,8.9,,,Hospitalization
2022–2023,Schizophrenic and psychotic disorders,Male,Agegroup:10–14years–Rate,6.2,,,Hospitalization
2022–2023,Schizophrenic and psychotic disorders,Total,Agegroup:10–14years–Rate,7.5,,,Hospitalization
2022–2023,Mood disorders,Female,Agegroup:10–14years–Rate,132.8,,,Hospitalization
2022–2023,Mood disorders,Male,Agegroup:10–14years–Rate,27.8,,,Hospitalization
2022–2023,Mood disorders,Total,Agegroup:10–14years–Rate,78.8,,,Hospitalization
2022–2023,Anxiety disorders,Female,Agegroup:10–14years–Rate,74.4,,,Hospitalization
2022–2023,Anxiety disorders,Male,Agegroup:10–14years–Rate,13.3,,,Hospitalization
2022–2023,Anxiety disorders,Total,Agegroup:10–14years–Rate,43.0,,,Hospitalization
2022–2023,Personality disorders,Female,Agegroup:10–14years–Rate,30.4,,,Hospitalization
2022–2023,Personality disorders,Male,Agegroup:10–14years–Rate,3.0,,,Hospitalization
2022–2023,Personality disorders,Total,Agegroup:10–14years–Rate,16.3,,,Hospitalization
2022–2023,Other disorders,Female,Agegroup:10–14years–Rate,264.3,,,Hospitalization
2022–2023,Other disorders,Male,Agegroup:10–14years–Rate,104.1,,,Hospitalization
2022–2023,Other disorders,Total,Agegroup:10–14years–Rate,181.9,,,Hospitalization
2022–2023,   Trauma- and stressor-related disorders,Female,Agegroup:10–14years–Rate,126.3,,,Hospitalization
2022–2023,   Trauma- and stressor-related disorders,Male,Agegroup:10–14years–Rate,31.1,,,Hospitalization
2022–2023,   Trauma- and stressor-related disorders,Total,Agegroup:10–14years–Rate,77.3,,,Hospitalization
2022–2023,"   Disruptive, impulse control and conduct disorders",Female,Agegroup:10–14years–Rate,24.2,,,Hospitalization
2022–2023,"   Disruptive, impulse control and conduct disorders",Male,Agegroup:10–14years–Rate,20.4,,,Hospitalization
2022–2023,"   Disruptive, impulse control and conduct disorders",Total,Agegroup:10–14years–Rate,22.2,,,Hospitalization
2022–2023,   Eating and feeding disorders,Female,Agegroup:10–14years–Rate,60.4,,,Hospitalization
2022–2023,   Eating and feeding disorders,Male,Agegroup:10–14years–Rate,7.7,,,Hospitalization
2022–2023,   Eating and feeding disorders,Total,Agegroup:10–14years–Rate,33.3,,,Hospitalization
2022–2023,   Tic disorders,Female,Agegroup:10–14years–Rate,0.7,,,Hospitalization
2022–2023,   Tic disorders,Male,Agegroup:10–14years–Rate,1.3,,,Hospitalization
2022–2023,   Tic disorders,Total,Agegroup:10–14years–Rate,1.0,,,Hospitalization
2022–2023,   ADHD,Female,Agegroup:10–14years–Rate,28.9,,,Hospitalization
2022–2023,   ADHD,Male,Agegroup:10–14years–Rate,24.3,,,Hospitalization
2022–2023,   ADHD,Total,Agegroup:10–14years–Rate,26.5,,,Hospitalization
2023–2024,Neurocognitive disorders,Female,Agegroup:10–14years–Rate,0.4,,,Hospitalization
2023–2024,Neurocognitive disorders,Male,Agegroup:10–14years–Rate,0.8,,,Hospitalization
2023–2024,Neurocognitive disorders,Total,Agegroup:10–14years–Rate,0.6,,,Hospitalization
2023–2024,Substance-related disorders,Female,Agegroup:10–14years–Rate,11.4,,,Hospitalization
2023–2024,Substance-related disorders,Male,Agegroup:10–14years–Rate,5.8,,,Hospitalization
2023–2024,Substance-related disorders,Total,Agegroup:10–14years–Rate,8.5,,,Hospitalization
2023–2024,Schizophrenic and psychotic disorders,Female,Agegroup:10–14years–Rate,9.2,,,Hospitalization
2023–2024,Schizophrenic and psychotic disorders,Male,Agegroup:10–14years–Rate,5.9,,,Hospitalization
2023–2024,Schizophrenic and psychotic disorders,Total,Agegroup:10–14years–Rate,7.5,,,Hospitalization
2023–2024,Mood disorders,Female,Agegroup:10–14years–Rate,113.9,,,Hospitalization
2023–2024,Mood disorders,Male,Agegroup:10–14years–Rate,26.9,,,Hospitalization
2023–2024,Mood disorders,Total,Agegroup:10–14years–Rate,69.1,,,Hospitalization
2023–2024,Anxiety disorders,Female,Agegroup:10–14years–Rate,51.7,,,Hospitalization
2023–2024,Anxiety disorders,Male,Agegroup:10–14years–Rate,12.4,,,Hospitalization
2023–2024,Anxiety disorders,Total,Agegroup:10–14years–Rate,31.5,,,Hospitalization
2023–2024,Personality disorders,Female,Agegroup:10–14years–Rate,24.7,,,Hospitalization
2023–2024,Personality disorders,Male,Agegroup:10–14years–Rate,2.9,,,Hospitalization
2023–2024,Personality disorders,Total,Agegroup:10–14years–Rate,13.5,,,Hospitalization
2023–2024,Other disorders,Female,Agegroup:10–14years–Rate,249.7,,,Hospitalization
2023–2024,Other disorders,Male,Agegroup:10–14years–Rate,109.1,,,Hospitalization
2023–2024,Other disorders,Total,Agegroup:10–14years–Rate,177.4,,,Hospitalization
2023–2024,   Trauma- and stressor-related disorders,Female,Agegroup:10–14years–Rate,126.7,,,Hospitalization
2023–2024,   Trauma- and stressor-related disorders,Male,Agegroup:10–14years–Rate,31.5,,,Hospitalization
2023–2024,   Trauma- and stressor-related disorders,Total,Agegroup:10–14years–Rate,77.7,,,Hospitalization
2023–2024,"   Disruptive, impulse control and conduct disorders",Female,Agegroup:10–14years–Rate,23.3,,,Hospitalization
2023–2024,"   Disruptive, impulse control and conduct disorders",Male,Agegroup:10–14years–Rate,21.6,,,Hospitalization
2023–2024,"   Disruptive, impulse control and conduct disorders",Total,Agegroup:10–14years–Rate,22.4,,,Hospitalization
2023–2024,   Eating and feeding disorders,Female,Agegroup:10–14years–Rate,51.0,,,Hospitalization
2023–2024,   Eating and feeding disorders,Male,Agegroup:10–14years–Rate,6.7,,,Hospitalization
2023–2024,   Eating and feeding disorders,Total,Agegroup:10–14years–Rate,28.2,,,Hospitalization
2023–2024,   Tic disorders,Female,Agegroup:10–14years–Rate,1.5,,,Hospitalization
2023–2024,   Tic disorders,Male,Agegroup:10–14years–Rate,1.3,,,Hospitalization
2023–2024,   Tic disorders,Total,Agegroup:10–14years–Rate,1.4,,,Hospitalization
2023–2024,   ADHD,Female,Agegroup:10–14years–Rate,28.1,,,Hospitalization
2023–2024,   ADHD,Male,Agegroup:10–14years–Rate,27.8,,,Hospitalization
2023–2024,   ADHD,Total,Agegroup:10–14years–Rate,28.0,,,Hospitalization
2018–2019,Neurocognitive disorders,Female,Agegroup:10–14years–95%CI,,,,Hospitalization
2018–2019,Neurocognitive disorders,Male,Agegroup:10–14years–95%CI,,,,Hospitalization
2018–2019,Neurocognitive disorders,Total,Agegroup:10–14years–95%CI,,,,Hospitalization
2018–2019,Substance-related disorders,Female,Agegroup:10–14years–95%CI,,,,Hospitalization
2018–2019,Substance-related disorders,Male,Agegroup:10–14years–95%CI,,,,Hospitalization
2018–2019,Substance-related disorders,Total,Agegroup:10–14years–95%CI,,,,Hospitalization
2018–2019,Schizophrenic and psychotic disorders,Female,Agegroup:10–14years–95%CI,,,,Hospitalization
2018–2019,Schizophrenic and psychotic disorders,Male,Agegroup:10–14years–95%CI,,,,Hospitalization
2018–2019,Schizophrenic and psychotic disorders,Total,Agegroup:10–14years–95%CI,,,,Hospitalization
2018–2019,Mood disorders,Female,Agegroup:10–14years–95%CI,,,,Hospitalization
2018–2019,Mood disorders,Male,Agegroup:10–14years–95%CI,,,,Hospitalization
2018–2019,Mood disorders,Total,Agegroup:10–14years–95%CI,,,,Hospitalization
2018–2019,Anxiety disorders,Female,Agegroup:10–14years–95%CI,,,,Hospitalization
2018–2019,Anxiety disorders,Male,Agegroup:10–14years–95%CI,,,,Hospitalization
2018–2019,Anxiety disorders,Total,Agegroup:10–14years–95%CI,,,,Hospitalization
2018–2019,Personality disorders,Female,Agegroup:10–14years–95%CI,,,,Hospitalization
2018–2019,Personality disorders,Male,Agegroup:10–14years–95%CI,,,,Hospitalization
2018–2019,Personality disorders,Total,Agegroup:10–14years–95%CI,,,,Hospitalization
2018–2019,Other disorders,Female,Agegroup:10–14years–95%CI,,,,Hospitalization
2018–2019,Other disorders,Male,Agegroup:10–14years–95%CI,,,,Hospitalization
2018–2019,Other disorders,Total,Agegroup:10–14years–95%CI,,,,Hospitalization
2018–2019,   Trauma- and stressor-related disorders,Female,Agegroup:10–14years–95%CI,,,,Hospitalization
2018–2019,   Trauma- and stressor-related disorders,Male,Agegroup:10–14years–95%CI,,,,Hospitalization
2018–2019,   Trauma- and stressor-related disorders,Total,Agegroup:10–14years–95%CI,,,,Hospitalization
2018–2019,"   Disruptive, impulse control and conduct disorders",Female,Agegroup:10–14years–95%CI,,,,Hospitalization
2018–2019,"   Disruptive, impulse control and conduct disorders",Male,Agegroup:10–14years–95%CI,,,,Hospitalization
2018–2019,"   Disruptive, impulse control and conduct disorders",Total,Agegroup:10–14years–95%CI,,,,Hospitalization
2018–2019,   Eating and feeding disorders,Female,Agegroup:10–14years–95%CI,,,,Hospitalization
2018–2019,   Eating and feeding disorders,Male,Agegroup:10–14years–95%CI,,,,Hospitalization
2018–2019,   Eating and feeding disorders,Total,Agegroup:10–14years–95%CI,,,,Hospitalization
2018–2019,   Tic disorders,Female,Agegroup:10–14years–95%CI,,,,Hospitalization
2018–2019,   Tic disorders,Male,Agegroup:10–14years–95%CI,,,,Hospitalization
2018–2019,   Tic disorders,Total,Agegroup:10–14years–95%CI,,,,Hospitalization
2018–2019,   ADHD,Female,Agegroup:10–14years–95%CI,,,,Hospitalization
2018–2019,   ADHD,Male,Agegroup:10–14years–95%CI,,,,Hospitalization
2018–2019,   ADHD,Total,Agegroup:10–14years–95%CI,,,,Hospitalization
2019–2020,Neurocognitive disorders,Female,Agegroup:10–14years–95%CI,,,,Hospitalization
2019–2020,Neurocognitive disorders,Male,Agegroup:10–14years–95%CI,,,,Hospitalization
2019–2020,Neurocognitive disorders,Total,Agegroup:10–14years–95%CI,,,,Hospitalization
2019–2020,Substance-related disorders,Female,Agegroup:10–14years–95%CI,,,,Hospitalization
2019–2020,Substance-related disorders,Male,Agegroup:10–14years–95%CI,,,,Hospitalization
2019–2020,Substance-related disorders,Total,Agegroup:10–14years–95%CI,,,,Hospitalization
2019–2020,Schizophrenic and psychotic disorders,Female,Agegroup:10–14years–95%CI,,,,Hospitalization
2019–2020,Schizophrenic and psychotic disorders,Male,Agegroup:10–14years–95%CI,,,,Hospitalization
2019–2020,Schizophrenic and psychotic disorders,Total,Agegroup:10–14years–95%CI,,,,Hospitalization
2019–2020,Mood disorders,Female,Agegroup:10–14years–95%CI,,,,Hospitalization
2019–2020,Mood disorders,Male,Agegroup:10–14years–95%CI,,,,Hospitalization
2019–2020,Mood disorders,Total,Agegroup:10–14years–95%CI,,,,Hospitalization
2019–2020,Anxiety disorders,Female,Agegroup:10–14years–95%CI,,,,Hospitalization
2019–2020,Anxiety disorders,Male,Agegroup:10–14years–95%CI,,,,Hospitalization
2019–2020,Anxiety disorders,Total,Agegroup:10–14years–95%CI,,,,Hospitalization
2019–2020,Personality disorders,Female,Agegroup:10–14years–95%CI,,,,Hospitalization
2019–2020,Personality disorders,Male,Agegroup:10–14years–95%CI,,,,Hospitalization
2019–2020,Personality disorders,Total,Agegroup:10–14years–95%CI,,,,Hospitalization
2019–2020,Other disorders,Female,Agegroup:10–14years–95%CI,,,,Hospitalization
2019–2020,Other disorders,Male,Agegroup:10–14years–95%CI,,,,Hospitalization
2019–2020,Other disorders,Total,Agegroup:10–14years–95%CI,,,,Hospitalization
2019–2020,   Trauma- and stressor-related disorders,Female,Agegroup:10–14years–95%CI,,,,Hospitalization
2019–2020,   Trauma- and stressor-related disorders,Male,Agegroup:10–14years–95%CI,,,,Hospitalization
2019–2020,   Trauma- and stressor-related disorders,Total,Agegroup:10–14years–95%CI,,,,Hospitalization
2019–2020,"   Disruptive, impulse control and conduct disorders",Female,Agegroup:10–14years–95%CI,,,,Hospitalization
2019–2020,"   Disruptive, impulse control and conduct disorders",Male,Agegroup:10–14years–95%CI,,,,Hospitalization
2019–2020,"   Disruptive, impulse control and conduct disorders",Total,Agegroup:10–14years–95%CI,,,,Hospitalization
2019–2020,   Eating and feeding disorders,Female,Agegroup:10–14years–95%CI,,,,Hospitalization
2019–2020,   Eating and feeding disorders,Male,Agegroup:10–14years–95%CI,,,,Hospitalization
2019–2020,   Eating and feeding disorders,Total,Agegroup:10–14years–95%CI,,,,Hospitalization
2019–2020,   Tic disorders,Female,Agegroup:10–14years–95%CI,,,,Hospitalization
2019–2020,   Tic disorders,Male,Agegroup:10–14years–95%CI,,,,Hospitalization
2019–2020,   Tic disorders,Total,Agegroup:10–14years–95%CI,,,,Hospitalization
2019–2020,   ADHD,Female,Agegroup:10–14years–95%CI,,,,Hospitalization
2019–2020,   ADHD,Male,Agegroup:10–14years–95%CI,,,,Hospitalization
2019–2020,   ADHD,Total,Agegroup:10–14years–95%CI,,,,Hospitalization
2020–2021,Neurocognitive disorders,Female,Agegroup:10–14years–95%CI,,,,Hospitalization
2020–2021,Neurocognitive disorders,Male,Agegroup:10–14years–95%CI,,,,Hospitalization
2020–2021,Neurocognitive disorders,Total,Agegroup:10–14years–95%CI,,,,Hospitalization
2020–2021,Substance-related disorders,Female,Agegroup:10–14years–95%CI,,,,Hospitalization
2020–2021,Substance-related disorders,Male,Agegroup:10–14years–95%CI,,,,Hospitalization
2020–2021,Substance-related disorders,Total,Agegroup:10–14years–95%CI,,,,Hospitalization
2020–2021,Schizophrenic and psychotic disorders,Female,Agegroup:10–14years–95%CI,,,,Hospitalization
2020–2021,Schizophrenic and psychotic disorders,Male,Agegroup:10–14years–95%CI,,,,Hospitalization
2020–2021,Schizophrenic and psychotic disorders,Total,Agegroup:10–14years–95%CI,,,,Hospitalization
2020–2021,Mood disorders,Female,Agegroup:10–14years–95%CI,,,,Hospitalization
2020–2021,Mood disorders,Male,Agegroup:10–14years–95%CI,,,,Hospitalization
2020–2021,Mood disorders,Total,Agegroup:10–14years–95%CI,,,,Hospitalization
2020–2021,Anxiety disorders,Female,Agegroup:10–14years–95%CI,,,,Hospitalization
2020–2021,Anxiety disorders,Male,Agegroup:10–14years–95%CI,,,,Hospitalization
2020–2021,Anxiety disorders,Total,Agegroup:10–14years–95%CI,,,,Hospitalization
2020–2021,Personality disorders,Female,Agegroup:10–14years–95%CI,,,,Hospitalization
2020–2021,Personality disorders,Male,Agegroup:10–14years–95%CI,,,,Hospitalization
2020–2021,Personality disorders,Total,Agegroup:10–14years–95%CI,,,,Hospitalization
2020–2021,Other disorders,Female,Agegroup:10–14years–95%CI,,,,Hospitalization
2020–2021,Other disorders,Male,Agegroup:10–14years–95%CI,,,,Hospitalization
2020–2021,Other disorders,Total,Agegroup:10–14years–95%CI,,,,Hospitalization
2020–2021,   Trauma- and stressor-related disorders,Female,Agegroup:10–14years–95%CI,,,,Hospitalization
2020–2021,   Trauma- and stressor-related disorders,Male,Agegroup:10–14years–95%CI,,,,Hospitalization
2020–2021,   Trauma- and stressor-related disorders,Total,Agegroup:10–14years–95%CI,,,,Hospitalization
2020–2021,"   Disruptive, impulse control and conduct disorders",Female,Agegroup:10–14years–95%CI,,,,Hospitalization
2020–2021,"   Disruptive, impulse control and conduct disorders",Male,Agegroup:10–14years–95%CI,,,,Hospitalization
2020–2021,"   Disruptive, impulse control and conduct disorders",Total,Agegroup:10–14years–95%CI,,,,Hospitalization
2020–2021,   Eating and feeding disorders,Female,Agegroup:10–14years–95%CI,,,,Hospitalization
2020–2021,   Eating and feeding disorders,Male,Agegroup:10–14years–95%CI,,,,Hospitalization
2020–2021,   Eating and feeding disorders,Total,Agegroup:10–14years–95%CI,,,,Hospitalization
2020–2021,   Tic disorders,Female,Agegroup:10–14years–95%CI,,,,Hospitalization
2020–2021,   Tic disorders,Male,Agegroup:10–14years–95%CI,,,,Hospitalization
2020–2021,   Tic disorders,Total,Agegroup:10–14years–95%CI,,,,Hospitalization
2020–2021,   ADHD,Female,Agegroup:10–14years–95%CI,,,,Hospitalization
2020–2021,   ADHD,Male,Agegroup:10–14years–95%CI,,,,Hospitalization
2020–2021,   ADHD,Total,Agegroup:10–14years–95%CI,,,,Hospitalization
2021–2022,Neurocognitive disorders,Female,Agegroup:10–14years–95%CI,,,,Hospitalization
2021–2022,Neurocognitive disorders,Male,Agegroup:10–14years–95%CI,,,,Hospitalization
2021–2022,Neurocognitive disorders,Total,Agegroup:10–14years–95%CI,,,,Hospitalization
2021–2022,Substance-related disorders,Female,Agegroup:10–14years–95%CI,,,,Hospitalization
2021–2022,Substance-related disorders,Male,Agegroup:10–14years–95%CI,,,,Hospitalization
2021–2022,Substance-related disorders,Total,Agegroup:10–14years–95%CI,,,,Hospitalization
2021–2022,Schizophrenic and psychotic disorders,Female,Agegroup:10–14years–95%CI,,,,Hospitalization
2021–2022,Schizophrenic and psychotic disorders,Male,Agegroup:10–14years–95%CI,,,,Hospitalization
2021–2022,Schizophrenic and psychotic disorders,Total,Agegroup:10–14years–95%CI,,,,Hospitalization
2021–2022,Mood disorders,Female,Agegroup:10–14years–95%CI,,,,Hospitalization
2021–2022,Mood disorders,Male,Agegroup:10–14years–95%CI,,,,Hospitalization
2021–2022,Mood disorders,Total,Agegroup:10–14years–95%CI,,,,Hospitalization
2021–2022,Anxiety disorders,Female,Agegroup:10–14years–95%CI,,,,Hospitalization
2021–2022,Anxiety disorders,Male,Agegroup:10–14years–95%CI,,,,Hospitalization
2021–2022,Anxiety disorders,Total,Agegroup:10–14years–95%CI,,,,Hospitalization
2021–2022,Personality disorders,Female,Agegroup:10–14years–95%CI,,,,Hospitalization
2021–2022,Personality disorders,Male,Agegroup:10–14years–95%CI,,,,Hospitalization
2021–2022,Personality disorders,Total,Agegroup:10–14years–95%CI,,,,Hospitalization
2021–2022,Other disorders,Female,Agegroup:10–14years–95%CI,,,,Hospitalization
2021–2022,Other disorders,Male,Agegroup:10–14years–95%CI,,,,Hospitalization
2021–2022,Other disorders,Total,Agegroup:10–14years–95%CI,,,,Hospitalization
2021–2022,   Trauma- and stressor-related disorders,Female,Agegroup:10–14years–95%CI,,,,Hospitalization
2021–2022,   Trauma- and stressor-related disorders,Male,Agegroup:10–14years–95%CI,,,,Hospitalization
2021–2022,   Trauma- and stressor-related disorders,Total,Agegroup:10–14years–95%CI,,,,Hospitalization
2021–2022,"   Disruptive, impulse control and conduct disorders",Female,Agegroup:10–14years–95%CI,,,,Hospitalization
2021–2022,"   Disruptive, impulse control and conduct disorders",Male,Agegroup:10–14years–95%CI,,,,Hospitalization
2021–2022,"   Disruptive, impulse control and conduct disorders",Total,Agegroup:10–14years–95%CI,,,,Hospitalization
2021–2022,   Eating and feeding disorders,Female,Agegroup:10–14years–95%CI,,,,Hospitalization
2021–2022,   Eating and feeding disorders,Male,Agegroup:10–14years–95%CI,,,,Hospitalization
2021–2022,   Eating and feeding disorders,Total,Agegroup:10–14years–95%CI,,,,Hospitalization
2021–2022,   Tic disorders,Female,Agegroup:10–14years–95%CI,,,,Hospitalization
2021–2022,   Tic disorders,Male,Agegroup:10–14years–95%CI,,,,Hospitalization
2021–2022,   Tic disorders,Total,Agegroup:10–14years–95%CI,,,,Hospitalization
2021–2022,   ADHD,Female,Agegroup:10–14years–95%CI,,,,Hospitalization
2021–2022,   ADHD,Male,Agegroup:10–14years–95%CI,,,,Hospitalization
2021–2022,   ADHD,Total,Agegroup:10–14years–95%CI,,,,Hospitalization
2022–2023,Neurocognitive disorders,Female,Agegroup:10–14years–95%CI,,,,Hospitalization
2022–2023,Neurocognitive disorders,Male,Agegroup:10–14years–95%CI,,,,Hospitalization
2022–2023,Neurocognitive disorders,Total,Agegroup:10–14years–95%CI,,,,Hospitalization
2022–2023,Substance-related disorders,Female,Agegroup:10–14years–95%CI,,,,Hospitalization
2022–2023,Substance-related disorders,Male,Agegroup:10–14years–95%CI,,,,Hospitalization
2022–2023,Substance-related disorders,Total,Agegroup:10–14years–95%CI,,,,Hospitalization
2022–2023,Schizophrenic and psychotic disorders,Female,Agegroup:10–14years–95%CI,,,,Hospitalization
2022–2023,Schizophrenic and psychotic disorders,Male,Agegroup:10–14years–95%CI,,,,Hospitalization
2022–2023,Schizophrenic and psychotic disorders,Total,Agegroup:10–14years–95%CI,,,,Hospitalization
2022–2023,Mood disorders,Female,Agegroup:10–14years–95%CI,,,,Hospitalization
2022–2023,Mood disorders,Male,Agegroup:10–14years–95%CI,,,,Hospitalization
2022–2023,Mood disorders,Total,Agegroup:10–14years–95%CI,,,,Hospitalization
2022–2023,Anxiety disorders,Female,Agegroup:10–14years–95%CI,,,,Hospitalization
2022–2023,Anxiety disorders,Male,Agegroup:10–14years–95%CI,,,,Hospitalization
2022–2023,Anxiety disorders,Total,Agegroup:10–14years–95%CI,,,,Hospitalization
2022–2023,Personality disorders,Female,Agegroup:10–14years–95%CI,,,,Hospitalization
2022–2023,Personality disorders,Male,Agegroup:10–14years–95%CI,,,,Hospitalization
2022–2023,Personality disorders,Total,Agegroup:10–14years–95%CI,,,,Hospitalization
2022–2023,Other disorders,Female,Agegroup:10–14years–95%CI,,,,Hospitalization
2022–2023,Other disorders,Male,Agegroup:10–14years–95%CI,,,,Hospitalization
2022–2023,Other disorders,Total,Agegroup:10–14years–95%CI,,,,Hospitalization
2022–2023,   Trauma- and stressor-related disorders,Female,Agegroup:10–14years–95%CI,,,,Hospitalization
2022–2023,   Trauma- and stressor-related disorders,Male,Agegroup:10–14years–95%CI,,,,Hospitalization
2022–2023,   Trauma- and stressor-related disorders,Total,Agegroup:10–14years–95%CI,,,,Hospitalization
2022–2023,"   Disruptive, impulse control and conduct disorders",Female,Agegroup:10–14years–95%CI,,,,Hospitalization
2022–2023,"   Disruptive, impulse control and conduct disorders",Male,Agegroup:10–14years–95%CI,,,,Hospitalization
2022–2023,"   Disruptive, impulse control and conduct disorders",Total,Agegroup:10–14years–95%CI,,,,Hospitalization
2022–2023,   Eating and feeding disorders,Female,Agegroup:10–14years–95%CI,,,,Hospitalization
2022–2023,   Eating and feeding disorders,Male,Agegroup:10–14years–95%CI,,,,Hospitalization
2022–2023,   Eating and feeding disorders,Total,Agegroup:10–14years–95%CI,,,,Hospitalization
2022–2023,   Tic disorders,Female,Agegroup:10–14years–95%CI,,,,Hospitalization
2022–2023,   Tic disorders,Male,Agegroup:10–14years–95%CI,,,,Hospitalization
2022–2023,   Tic disorders,Total,Agegroup:10–14years–95%CI,,,,Hospitalization
2022–2023,   ADHD,Female,Agegroup:10–14years–95%CI,,,,Hospitalization
2022–2023,   ADHD,Male,Agegroup:10–14years–95%CI,,,,Hospitalization
2022–2023,   ADHD,Total,Agegroup:10–14years–95%CI,,,,Hospitalization
2023–2024,Neurocognitive disorders,Female,Agegroup:10–14years–95%CI,,,,Hospitalization
2023–2024,Neurocognitive disorders,Male,Agegroup:10–14years–95%CI,,,,Hospitalization
2023–2024,Neurocognitive disorders,Total,Agegroup:10–14years–95%CI,,,,Hospitalization
2023–2024,Substance-related disorders,Female,Agegroup:10–14years–95%CI,,,,Hospitalization
2023–2024,Substance-related disorders,Male,Agegroup:10–14years–95%CI,,,,Hospitalization
2023–2024,Substance-related disorders,Total,Agegroup:10–14years–95%CI,,,,Hospitalization
2023–2024,Schizophrenic and psychotic disorders,Female,Agegroup:10–14years–95%CI,,,,Hospitalization
2023–2024,Schizophrenic and psychotic disorders,Male,Agegroup:10–14years–95%CI,,,,Hospitalization
2023–2024,Schizophrenic and psychotic disorders,Total,Agegroup:10–14years–95%CI,,,,Hospitalization
2023–2024,Mood disorders,Female,Agegroup:10–14years–95%CI,,,,Hospitalization
2023–2024,Mood disorders,Male,Agegroup:10–14years–95%CI,,,,Hospitalization
2023–2024,Mood disorders,Total,Agegroup:10–14years–95%CI,,,,Hospitalization
2023–2024,Anxiety disorders,Female,Agegroup:10–14years–95%CI,,,,Hospitalization
2023–2024,Anxiety disorders,Male,Agegroup:10–14years–95%CI,,,,Hospitalization
2023–2024,Anxiety disorders,Total,Agegroup:10–14years–95%CI,,,,Hospitalization
2023–2024,Personality disorders,Female,Agegroup:10–14years–95%CI,,,,Hospitalization
2023–2024,Personality disorders,Male,Agegroup:10–14years–95%CI,,,,Hospitalization
2023–2024,Personality disorders,Total,Agegroup:10–14years–95%CI,,,,Hospitalization
2023–2024,Other disorders,Female,Agegroup:10–14years–95%CI,,,,Hospitalization
2023–2024,Other disorders,Male,Agegroup:10–14years–95%CI,,,,Hospitalization
2023–2024,Other disorders,Total,Agegroup:10–14years–95%CI,,,,Hospitalization
2023–2024,   Trauma- and stressor-related disorders,Female,Agegroup:10–14years–95%CI,,,,Hospitalization
2023–2024,   Trauma- and stressor-related disorders,Male,Agegroup:10–14years–95%CI,,,,Hospitalization
2023–2024,   Trauma- and stressor-related disorders,Total,Agegroup:10–14years–95%CI,,,,Hospitalization
2023–2024,"   Disruptive, impulse control and conduct disorders",Female,Agegroup:10–14years–95%CI,,,,Hospitalization
2023–2024,"   Disruptive, impulse control and conduct disorders",Male,Agegroup:10–14years–95%CI,,,,Hospitalization
2023–2024,"   Disruptive, impulse control and conduct disorders",Total,Agegroup:10–14years–95%CI,,,,Hospitalization
2023–2024,   Eating and feeding disorders,Female,Agegroup:10–14years–95%CI,,,,Hospitalization
2023–2024,   Eating and feeding disorders,Male,Agegroup:10–14years–95%CI,,,,Hospitalization
2023–2024,   Eating and feeding disorders,Total,Agegroup:10–14years–95%CI,,,,Hospitalization
2023–2024,   Tic disorders,Female,Agegroup:10–14years–95%CI,,,,Hospitalization
2023–2024,   Tic disorders,Male,Agegroup:10–14years–95%CI,,,,Hospitalization
2023–2024,   Tic disorders,Total,Agegroup:10–14years–95%CI,,,,Hospitalization
2023–2024,   ADHD,Female,Agegroup:10–14years–95%CI,,,,Hospitalization
2023–2024,   ADHD,Male,Agegroup:10–14years–95%CI,,,,Hospitalization
2023–2024,   ADHD,Total,Agegroup:10–14years–95%CI,,,,Hospitalization
2018–2019,Neurocognitive disorders,Female,Agegroup:15–17years–Rate,2.2,,,Hospitalization
2018–2019,Neurocognitive disorders,Male,Agegroup:15–17years–Rate,1.5,,,Hospitalization
2018–2019,Neurocognitive disorders,Total,Agegroup:15–17years–Rate,1.8,,,Hospitalization
2018–2019,Substance-related disorders,Female,Agegroup:15–17years–Rate,79.3,,,Hospitalization
2018–2019,Substance-related disorders,Male,Agegroup:15–17years–Rate,83.6,,,Hospitalization
2018–2019,Substance-related disorders,Total,Agegroup:15–17years–Rate,81.5,,,Hospitalization
2018–2019,Schizophrenic and psychotic disorders,Female,Agegroup:15–17years–Rate,43.6,,,Hospitalization
2018–2019,Schizophrenic and psychotic disorders,Male,Agegroup:15–17years–Rate,73.9,,,Hospitalization
2018–2019,Schizophrenic and psychotic disorders,Total,Agegroup:15–17years–Rate,59.1,,,Hospitalization
2018–2019,Mood disorders,Female,Agegroup:15–17years–Rate,501.8,,,Hospitalization
2018–2019,Mood disorders,Male,Agegroup:15–17years–Rate,203.2,,,Hospitalization
2018–2019,Mood disorders,Total,Agegroup:15–17years–Rate,349.2,,,Hospitalization
2018–2019,Anxiety disorders,Female,Agegroup:15–17years–Rate,165.6,,,Hospitalization
2018–2019,Anxiety disorders,Male,Agegroup:15–17years–Rate,61.3,,,Hospitalization
2018–2019,Anxiety disorders,Total,Agegroup:15–17years–Rate,112.3,,,Hospitalization
2018–2019,Personality disorders,Female,Agegroup:15–17years–Rate,105.1,,,Hospitalization
2018–2019,Personality disorders,Male,Agegroup:15–17years–Rate,19.4,,,Hospitalization
2018–2019,Personality disorders,Total,Agegroup:15–17years–Rate,61.3,,,Hospitalization
2018–2019,Other disorders,Female,Agegroup:15–17years–Rate,522.6,,,Hospitalization
2018–2019,Other disorders,Male,Agegroup:15–17years–Rate,254.6,,,Hospitalization
2018–2019,Other disorders,Total,Agegroup:15–17years–Rate,385.6,,,Hospitalization
2018–2019,   Trauma- and stressor-related disorders,Female,Agegroup:15–17years–Rate,332.3,,,Hospitalization
2018–2019,   Trauma- and stressor-related disorders,Male,Agegroup:15–17years–Rate,137.0,,,Hospitalization
2018–2019,   Trauma- and stressor-related disorders,Total,Agegroup:15–17years–Rate,232.5,,,Hospitalization
2018–2019,"   Disruptive, impulse control and conduct disorders",Female,Agegroup:15–17years–Rate,34.5,,,Hospitalization
2018–2019,"   Disruptive, impulse control and conduct disorders",Male,Agegroup:15–17years–Rate,41.4,,,Hospitalization
2018–2019,"   Disruptive, impulse control and conduct disorders",Total,Agegroup:15–17years–Rate,38.0,,,Hospitalization
2018–2019,   Eating and feeding disorders,Female,Agegroup:15–17years–Rate,81.8,,,Hospitalization
2018–2019,   Eating and feeding disorders,Male,Agegroup:15–17years–Rate,7.4,,,Hospitalization
2018–2019,   Eating and feeding disorders,Total,Agegroup:15–17years–Rate,43.7,,,Hospitalization
2018–2019,   Tic disorders,Female,Agegroup:15–17years–Rate,1.7,,,Hospitalization
2018–2019,   Tic disorders,Male,Agegroup:15–17years–Rate,0.8,,,Hospitalization
2018–2019,   Tic disorders,Total,Agegroup:15–17years–Rate,1.3,,,Hospitalization
2018–2019,   ADHD,Female,Agegroup:15–17years–Rate,24.0,,,Hospitalization
2018–2019,   ADHD,Male,Agegroup:15–17years–Rate,29.6,,,Hospitalization
2018–2019,   ADHD,Total,Agegroup:15–17years–Rate,26.9,,,Hospitalization
2019–2020,Neurocognitive disorders,Female,Agegroup:15–17years–Rate,1.5,,,Hospitalization
2019–2020,Neurocognitive disorders,Male,Agegroup:15–17years–Rate,1.3,,,Hospitalization
2019–2020,Neurocognitive disorders,Total,Agegroup:15–17years–Rate,1.4,,,Hospitalization
2019–2020,Substance-related disorders,Female,Agegroup:15–17years–Rate,72.1,,,Hospitalization
2019–2020,Substance-related disorders,Male,Agegroup:15–17years–Rate,86.8,,,Hospitalization
2019–2020,Substance-related disorders,Total,Agegroup:15–17years–Rate,79.6,,,Hospitalization
2019–2020,Schizophrenic and psychotic disorders,Female,Agegroup:15–17years–Rate,41.0,,,Hospitalization
2019–2020,Schizophrenic and psychotic disorders,Male,Agegroup:15–17years–Rate,73.2,,,Hospitalization
2019–2020,Schizophrenic and psychotic disorders,Total,Agegroup:15–17years–Rate,57.5,,,Hospitalization
2019–2020,Mood disorders,Female,Agegroup:15–17years–Rate,449.2,,,Hospitalization
2019–2020,Mood disorders,Male,Agegroup:15–17years–Rate,187.1,,,Hospitalization
2019–2020,Mood disorders,Total,Agegroup:15–17years–Rate,315.1,,,Hospitalization
2019–2020,Anxiety disorders,Female,Agegroup:15–17years–Rate,159.5,,,Hospitalization
2019–2020,Anxiety disorders,Male,Agegroup:15–17years–Rate,56.0,,,Hospitalization
2019–2020,Anxiety disorders,Total,Agegroup:15–17years–Rate,106.5,,,Hospitalization
2019–2020,Personality disorders,Female,Agegroup:15–17years–Rate,90.8,,,Hospitalization
2019–2020,Personality disorders,Male,Agegroup:15–17years–Rate,15.7,,,Hospitalization
2019–2020,Personality disorders,Total,Agegroup:15–17years–Rate,52.4,,,Hospitalization
2019–2020,Other disorders,Female,Agegroup:15–17years–Rate,492.1,,,Hospitalization
2019–2020,Other disorders,Male,Agegroup:15–17years–Rate,241.3,,,Hospitalization
2019–2020,Other disorders,Total,Agegroup:15–17years–Rate,363.8,,,Hospitalization
2019–2020,   Trauma- and stressor-related disorders,Female,Agegroup:15–17years–Rate,305.2,,,Hospitalization
2019–2020,   Trauma- and stressor-related disorders,Male,Agegroup:15–17years–Rate,122.4,,,Hospitalization
2019–2020,   Trauma- and stressor-related disorders,Total,Agegroup:15–17years–Rate,211.6,,,Hospitalization
2019–2020,"   Disruptive, impulse control and conduct disorders",Female,Agegroup:15–17years–Rate,31.3,,,Hospitalization
2019–2020,"   Disruptive, impulse control and conduct disorders",Male,Agegroup:15–17years–Rate,37.8,,,Hospitalization
2019–2020,"   Disruptive, impulse control and conduct disorders",Total,Agegroup:15–17years–Rate,34.6,,,Hospitalization
2019–2020,   Eating and feeding disorders,Female,Agegroup:15–17years–Rate,81.3,,,Hospitalization
2019–2020,   Eating and feeding disorders,Male,Agegroup:15–17years–Rate,6.3,,,Hospitalization
2019–2020,   Eating and feeding disorders,Total,Agegroup:15–17years–Rate,42.9,,,Hospitalization
2019–2020,   Tic disorders,Female,Agegroup:15–17years–Rate,2.0,,,Hospitalization
2019–2020,   Tic disorders,Male,Agegroup:15–17years–Rate,1.0,,,Hospitalization
2019–2020,   Tic disorders,Total,Agegroup:15–17years–Rate,1.5,,,Hospitalization
2019–2020,   ADHD,Female,Agegroup:15–17years–Rate,22.4,,,Hospitalization
2019–2020,   ADHD,Male,Agegroup:15–17years–Rate,27.9,,,Hospitalization
2019–2020,   ADHD,Total,Agegroup:15–17years–Rate,25.2,,,Hospitalization
2020–2021,Neurocognitive disorders,Female,Agegroup:15–17years–Rate,0.8,,,Hospitalization
2020–2021,Neurocognitive disorders,Male,Agegroup:15–17years–Rate,1.0,,,Hospitalization
2020–2021,Neurocognitive disorders,Total,Agegroup:15–17years–Rate,0.9,,,Hospitalization
2020–2021,Substance-related disorders,Female,Agegroup:15–17years–Rate,64.0,,,Hospitalization
2020–2021,Substance-related disorders,Male,Agegroup:15–17years–Rate,77.0,,,Hospitalization
2020–2021,Substance-related disorders,Total,Agegroup:15–17years–Rate,70.7,,,Hospitalization
2020–2021,Schizophrenic and psychotic disorders,Female,Agegroup:15–17years–Rate,39.0,,,Hospitalization
2020–2021,Schizophrenic and psychotic disorders,Male,Agegroup:15–17years–Rate,69.4,,,Hospitalization
2020–2021,Schizophrenic and psychotic disorders,Total,Agegroup:15–17years–Rate,54.6,,,Hospitalization
2020–2021,Mood disorders,Female,Agegroup:15–17years–Rate,387.6,,,Hospitalization
2020–2021,Mood disorders,Male,Agegroup:15–17years–Rate,139.4,,,Hospitalization
2020–2021,Mood disorders,Total,Agegroup:15–17years–Rate,260.1,,,Hospitalization
2020–2021,Anxiety disorders,Female,Agegroup:15–17years–Rate,139.6,,,Hospitalization
2020–2021,Anxiety disorders,Male,Agegroup:15–17years–Rate,47.3,,,Hospitalization
2020–2021,Anxiety disorders,Total,Agegroup:15–17years–Rate,92.2,,,Hospitalization
2020–2021,Personality disorders,Female,Agegroup:15–17years–Rate,82.4,,,Hospitalization
2020–2021,Personality disorders,Male,Agegroup:15–17years–Rate,10.7,,,Hospitalization
2020–2021,Personality disorders,Total,Agegroup:15–17years–Rate,45.6,,,Hospitalization
2020–2021,Other disorders,Female,Agegroup:15–17years–Rate,459.0,,,Hospitalization
2020–2021,Other disorders,Male,Agegroup:15–17years–Rate,178.4,,,Hospitalization
2020–2021,Other disorders,Total,Agegroup:15–17years–Rate,314.9,,,Hospitalization
2020–2021,   Trauma- and stressor-related disorders,Female,Agegroup:15–17years–Rate,241.0,,,Hospitalization
2020–2021,   Trauma- and stressor-related disorders,Male,Agegroup:15–17years–Rate,83.9,,,Hospitalization
2020–2021,   Trauma- and stressor-related disorders,Total,Agegroup:15–17years–Rate,160.3,,,Hospitalization
2020–2021,"   Disruptive, impulse control and conduct disorders",Female,Agegroup:15–17years–Rate,21.4,,,Hospitalization
2020–2021,"   Disruptive, impulse control and conduct disorders",Male,Agegroup:15–17years–Rate,27.2,,,Hospitalization
2020–2021,"   Disruptive, impulse control and conduct disorders",Total,Agegroup:15–17years–Rate,24.4,,,Hospitalization
2020–2021,   Eating and feeding disorders,Female,Agegroup:15–17years–Rate,119.5,,,Hospitalization
2020–2021,   Eating and feeding disorders,Male,Agegroup:15–17years–Rate,9.3,,,Hospitalization
2020–2021,   Eating and feeding disorders,Total,Agegroup:15–17years–Rate,62.9,,,Hospitalization
2020–2021,   Tic disorders,Female,Agegroup:15–17years–Rate,3.4,,,Hospitalization
2020–2021,   Tic disorders,Male,Agegroup:15–17years–Rate,1.4,,,Hospitalization
2020–2021,   Tic disorders,Total,Agegroup:15–17years–Rate,2.4,,,Hospitalization
2020–2021,   ADHD,Female,Agegroup:15–17years–Rate,22.6,,,Hospitalization
2020–2021,   ADHD,Male,Agegroup:15–17years–Rate,26.4,,,Hospitalization
2020–2021,   ADHD,Total,Agegroup:15–17years–Rate,24.5,,,Hospitalization
2021–2022,Neurocognitive disorders,Female,Agegroup:15–17years–Rate,1.2,,,Hospitalization
2021–2022,Neurocognitive disorders,Male,Agegroup:15–17years–Rate,2.2,,,Hospitalization
2021–2022,Neurocognitive disorders,Total,Agegroup:15–17years–Rate,1.7,,,Hospitalization
2021–2022,Substance-related disorders,Female,Agegroup:15–17years–Rate,56.6,,,Hospitalization
2021–2022,Substance-related disorders,Male,Agegroup:15–17years–Rate,60.0,,,Hospitalization
2021–2022,Substance-related disorders,Total,Agegroup:15–17years–Rate,58.3,,,Hospitalization
2021–2022,Schizophrenic and psychotic disorders,Female,Agegroup:15–17years–Rate,42.6,,,Hospitalization
2021–2022,Schizophrenic and psychotic disorders,Male,Agegroup:15–17years–Rate,69.3,,,Hospitalization
2021–2022,Schizophrenic and psychotic disorders,Total,Agegroup:15–17years–Rate,56.4,,,Hospitalization
2021–2022,Mood disorders,Female,Agegroup:15–17years–Rate,453.7,,,Hospitalization
2021–2022,Mood disorders,Male,Agegroup:15–17years–Rate,152.1,,,Hospitalization
2021–2022,Mood disorders,Total,Agegroup:15–17years–Rate,298.3,,,Hospitalization
2021–2022,Anxiety disorders,Female,Agegroup:15–17years–Rate,159.6,,,Hospitalization
2021–2022,Anxiety disorders,Male,Agegroup:15–17years–Rate,45.6,,,Hospitalization
2021–2022,Anxiety disorders,Total,Agegroup:15–17years–Rate,100.9,,,Hospitalization
2021–2022,Personality disorders,Female,Agegroup:15–17years–Rate,115.5,,,Hospitalization
2021–2022,Personality disorders,Male,Agegroup:15–17years–Rate,15.5,,,Hospitalization
2021–2022,Personality disorders,Total,Agegroup:15–17years–Rate,64.0,,,Hospitalization
2021–2022,Other disorders,Female,Agegroup:15–17years–Rate,547.6,,,Hospitalization
2021–2022,Other disorders,Male,Agegroup:15–17years–Rate,198.8,,,Hospitalization
2021–2022,Other disorders,Total,Agegroup:15–17years–Rate,367.9,,,Hospitalization
2021–2022,   Trauma- and stressor-related disorders,Female,Agegroup:15–17years–Rate,296.4,,,Hospitalization
2021–2022,   Trauma- and stressor-related disorders,Male,Agegroup:15–17years–Rate,96.3,,,Hospitalization
2021–2022,   Trauma- and stressor-related disorders,Total,Agegroup:15–17years–Rate,193.2,,,Hospitalization
2021–2022,"   Disruptive, impulse control and conduct disorders",Female,Agegroup:15–17years–Rate,26.6,,,Hospitalization
2021–2022,"   Disruptive, impulse control and conduct disorders",Male,Agegroup:15–17years–Rate,30.4,,,Hospitalization
2021–2022,"   Disruptive, impulse control and conduct disorders",Total,Agegroup:15–17years–Rate,28.6,,,Hospitalization
2021–2022,   Eating and feeding disorders,Female,Agegroup:15–17years–Rate,137.4,,,Hospitalization
2021–2022,   Eating and feeding disorders,Male,Agegroup:15–17years–Rate,10.4,,,Hospitalization
2021–2022,   Eating and feeding disorders,Total,Agegroup:15–17years–Rate,72.0,,,Hospitalization
2021–2022,   Tic disorders,Female,Agegroup:15–17years–Rate,3.2,,,Hospitalization
2021–2022,   Tic disorders,Male,Agegroup:15–17years–Rate,0.3,,,Hospitalization
2021–2022,   Tic disorders,Total,Agegroup:15–17years–Rate,1.7,,,Hospitalization
2021–2022,   ADHD,Female,Agegroup:15–17years–Rate,28.8,,,Hospitalization
2021–2022,   ADHD,Male,Agegroup:15–17years–Rate,26.8,,,Hospitalization
2021–2022,   ADHD,Total,Agegroup:15–17years–Rate,27.7,,,Hospitalization
2022–2023,Neurocognitive disorders,Female,Agegroup:15–17years–Rate,0.5,,,Hospitalization
2022–2023,Neurocognitive disorders,Male,Agegroup:15–17years–Rate,1.9,,,Hospitalization
2022–2023,Neurocognitive disorders,Total,Agegroup:15–17years–Rate,1.2,,,Hospitalization
2022–2023,Substance-related disorders,Female,Agegroup:15–17years–Rate,63.0,,,Hospitalization
2022–2023,Substance-related disorders,Male,Agegroup:15–17years–Rate,59.6,,,Hospitalization
2022–2023,Substance-related disorders,Total,Agegroup:15–17years–Rate,61.3,,,Hospitalization
2022–2023,Schizophrenic and psychotic disorders,Female,Agegroup:15–17years–Rate,41.1,,,Hospitalization
2022–2023,Schizophrenic and psychotic disorders,Male,Agegroup:15–17years–Rate,62.5,,,Hospitalization
2022–2023,Schizophrenic and psychotic disorders,Total,Agegroup:15–17years–Rate,52.1,,,Hospitalization
2022–2023,Mood disorders,Female,Agegroup:15–17years–Rate,359.8,,,Hospitalization
2022–2023,Mood disorders,Male,Agegroup:15–17years–Rate,133.2,,,Hospitalization
2022–2023,Mood disorders,Total,Agegroup:15–17years–Rate,243.1,,,Hospitalization
2022–2023,Anxiety disorders,Female,Agegroup:15–17years–Rate,124.8,,,Hospitalization
2022–2023,Anxiety disorders,Male,Agegroup:15–17years–Rate,42.8,,,Hospitalization
2022–2023,Anxiety disorders,Total,Agegroup:15–17years–Rate,82.6,,,Hospitalization
2022–2023,Personality disorders,Female,Agegroup:15–17years–Rate,115.0,,,Hospitalization
2022–2023,Personality disorders,Male,Agegroup:15–17years–Rate,16.8,,,Hospitalization
2022–2023,Personality disorders,Total,Agegroup:15–17years–Rate,64.4,,,Hospitalization
2022–2023,Other disorders,Female,Agegroup:15–17years–Rate,472.5,,,Hospitalization
2022–2023,Other disorders,Male,Agegroup:15–17years–Rate,186.6,,,Hospitalization
2022–2023,Other disorders,Total,Agegroup:15–17years–Rate,325.3,,,Hospitalization
2022–2023,   Trauma- and stressor-related disorders,Female,Agegroup:15–17years–Rate,261.2,,,Hospitalization
2022–2023,   Trauma- and stressor-related disorders,Male,Agegroup:15–17years–Rate,89.5,,,Hospitalization
2022–2023,   Trauma- and stressor-related disorders,Total,Agegroup:15–17years–Rate,172.8,,,Hospitalization
2022–2023,"   Disruptive, impulse control and conduct disorders",Female,Agegroup:15–17years–Rate,22.1,,,Hospitalization
2022–2023,"   Disruptive, impulse control and conduct disorders",Male,Agegroup:15–17years–Rate,23.8,,,Hospitalization
2022–2023,"   Disruptive, impulse control and conduct disorders",Total,Agegroup:15–17years–Rate,23.0,,,Hospitalization
2022–2023,   Eating and feeding disorders,Female,Agegroup:15–17years–Rate,105.6,,,Hospitalization
2022–2023,   Eating and feeding disorders,Male,Agegroup:15–17years–Rate,11.6,,,Hospitalization
2022–2023,   Eating and feeding disorders,Total,Agegroup:15–17years–Rate,57.2,,,Hospitalization
2022–2023,   Tic disorders,Female,Agegroup:15–17years–Rate,1.1,,,Hospitalization
2022–2023,   Tic disorders,Male,Agegroup:15–17years–Rate,0.6,,,Hospitalization
2022–2023,   Tic disorders,Total,Agegroup:15–17years–Rate,0.9,,,Hospitalization
2022–2023,   ADHD,Female,Agegroup:15–17years–Rate,29.1,,,Hospitalization
2022–2023,   ADHD,Male,Agegroup:15–17years–Rate,24.7,,,Hospitalization
2022–2023,   ADHD,Total,Agegroup:15–17years–Rate,26.9,,,Hospitalization
2023–2024,Neurocognitive disorders,Female,Agegroup:15–17years–Rate,1.6,,,Hospitalization
2023–2024,Neurocognitive disorders,Male,Agegroup:15–17years–Rate,1.3,,,Hospitalization
2023–2024,Neurocognitive disorders,Total,Agegroup:15–17years–Rate,1.5,,,Hospitalization
2023–2024,Substance-related disorders,Female,Agegroup:15–17years–Rate,54.0,,,Hospitalization
2023–2024,Substance-related disorders,Male,Agegroup:15–17years–Rate,56.3,,,Hospitalization
2023–2024,Substance-related disorders,Total,Agegroup:15–17years–Rate,55.1,,,Hospitalization
2023–2024,Schizophrenic and psychotic disorders,Female,Agegroup:15–17years–Rate,44.0,,,Hospitalization
2023–2024,Schizophrenic and psychotic disorders,Male,Agegroup:15–17years–Rate,59.4,,,Hospitalization
2023–2024,Schizophrenic and psychotic disorders,Total,Agegroup:15–17years–Rate,51.9,,,Hospitalization
2023–2024,Mood disorders,Female,Agegroup:15–17years–Rate,291.3,,,Hospitalization
2023–2024,Mood disorders,Male,Agegroup:15–17years–Rate,121.8,,,Hospitalization
2023–2024,Mood disorders,Total,Agegroup:15–17years–Rate,204.1,,,Hospitalization
2023–2024,Anxiety disorders,Female,Agegroup:15–17years–Rate,106.4,,,Hospitalization
2023–2024,Anxiety disorders,Male,Agegroup:15–17years–Rate,30.7,,,Hospitalization
2023–2024,Anxiety disorders,Total,Agegroup:15–17years–Rate,67.4,,,Hospitalization
2023–2024,Personality disorders,Female,Agegroup:15–17years–Rate,96.7,,,Hospitalization
2023–2024,Personality disorders,Male,Agegroup:15–17years–Rate,11.6,,,Hospitalization
2023–2024,Personality disorders,Total,Agegroup:15–17years–Rate,52.9,,,Hospitalization
2023–2024,Other disorders,Female,Agegroup:15–17years–Rate,438.7,,,Hospitalization
2023–2024,Other disorders,Male,Agegroup:15–17years–Rate,193.4,,,Hospitalization
2023–2024,Other disorders,Total,Agegroup:15–17years–Rate,312.4,,,Hospitalization
2023–2024,   Trauma- and stressor-related disorders,Female,Agegroup:15–17years–Rate,238.9,,,Hospitalization
2023–2024,   Trauma- and stressor-related disorders,Male,Agegroup:15–17years–Rate,88.4,,,Hospitalization
2023–2024,   Trauma- and stressor-related disorders,Total,Agegroup:15–17years–Rate,161.5,,,Hospitalization
2023–2024,"   Disruptive, impulse control and conduct disorders",Female,Agegroup:15–17years–Rate,26.7,,,Hospitalization
2023–2024,"   Disruptive, impulse control and conduct disorders",Male,Agegroup:15–17years–Rate,22.0,,,Hospitalization
2023–2024,"   Disruptive, impulse control and conduct disorders",Total,Agegroup:15–17years–Rate,24.3,,,Hospitalization
2023–2024,   Eating and feeding disorders,Female,Agegroup:15–17years–Rate,104.5,,,Hospitalization
2023–2024,   Eating and feeding disorders,Male,Agegroup:15–17years–Rate,12.5,,,Hospitalization
2023–2024,   Eating and feeding disorders,Total,Agegroup:15–17years–Rate,57.1,,,Hospitalization
2023–2024,   Tic disorders,Female,Agegroup:15–17years–Rate,0.9,,,Hospitalization
2023–2024,   Tic disorders,Male,Agegroup:15–17years–Rate,0.6,,,Hospitalization
2023–2024,   Tic disorders,Total,Agegroup:15–17years–Rate,0.8,,,Hospitalization
2023–2024,   ADHD,Female,Agegroup:15–17years–Rate,29.0,,,Hospitalization
2023–2024,   ADHD,Male,Agegroup:15–17years–Rate,29.6,,,Hospitalization
2023–2024,   ADHD,Total,Agegroup:15–17years–Rate,29.3,,,Hospitalization
2018–2019,Neurocognitive disorders,Female,Agegroup:15–17years–95%CI,,,,Hospitalization
2018–2019,Neurocognitive disorders,Male,Agegroup:15–17years–95%CI,,,,Hospitalization
2018–2019,Neurocognitive disorders,Total,Agegroup:15–17years–95%CI,,,,Hospitalization
2018–2019,Substance-related disorders,Female,Agegroup:15–17years–95%CI,,,,Hospitalization
2018–2019,Substance-related disorders,Male,Agegroup:15–17years–95%CI,,,,Hospitalization
2018–2019,Substance-related disorders,Total,Agegroup:15–17years–95%CI,,,,Hospitalization
2018–2019,Schizophrenic and psychotic disorders,Female,Agegroup:15–17years–95%CI,,,,Hospitalization
2018–2019,Schizophrenic and psychotic disorders,Male,Agegroup:15–17years–95%CI,,,,Hospitalization
2018–2019,Schizophrenic and psychotic disorders,Total,Agegroup:15–17years–95%CI,,,,Hospitalization
2018–2019,Mood disorders,Female,Agegroup:15–17years–95%CI,,,,Hospitalization
2018–2019,Mood disorders,Male,Agegroup:15–17years–95%CI,,,,Hospitalization
2018–2019,Mood disorders,Total,Agegroup:15–17years–95%CI,,,,Hospitalization
2018–2019,Anxiety disorders,Female,Agegroup:15–17years–95%CI,,,,Hospitalization
2018–2019,Anxiety disorders,Male,Agegroup:15–17years–95%CI,,,,Hospitalization
2018–2019,Anxiety disorders,Total,Agegroup:15–17years–95%CI,,,,Hospitalization
2018–2019,Personality disorders,Female,Agegroup:15–17years–95%CI,,,,Hospitalization
2018–2019,Personality disorders,Male,Agegroup:15–17years–95%CI,,,,Hospitalization
2018–2019,Personality disorders,Total,Agegroup:15–17years–95%CI,,,,Hospitalization
2018–2019,Other disorders,Female,Agegroup:15–17years–95%CI,,,,Hospitalization
2018–2019,Other disorders,Male,Agegroup:15–17years–95%CI,,,,Hospitalization
2018–2019,Other disorders,Total,Agegroup:15–17years–95%CI,,,,Hospitalization
2018–2019,   Trauma- and stressor-related disorders,Female,Agegroup:15–17years–95%CI,,,,Hospitalization
2018–2019,   Trauma- and stressor-related disorders,Male,Agegroup:15–17years–95%CI,,,,Hospitalization
2018–2019,   Trauma- and stressor-related disorders,Total,Agegroup:15–17years–95%CI,,,,Hospitalization
2018–2019,"   Disruptive, impulse control and conduct disorders",Female,Agegroup:15–17years–95%CI,,,,Hospitalization
2018–2019,"   Disruptive, impulse control and conduct disorders",Male,Agegroup:15–17years–95%CI,,,,Hospitalization
2018–2019,"   Disruptive, impulse control and conduct disorders",Total,Agegroup:15–17years–95%CI,,,,Hospitalization
2018–2019,   Eating and feeding disorders,Female,Agegroup:15–17years–95%CI,,,,Hospitalization
2018–2019,   Eating and feeding disorders,Male,Agegroup:15–17years–95%CI,,,,Hospitalization
2018–2019,   Eating and feeding disorders,Total,Agegroup:15–17years–95%CI,,,,Hospitalization
2018–2019,   Tic disorders,Female,Agegroup:15–17years–95%CI,,,,Hospitalization
2018–2019,   Tic disorders,Male,Agegroup:15–17years–95%CI,,,,Hospitalization
2018–2019,   Tic disorders,Total,Agegroup:15–17years–95%CI,,,,Hospitalization
2018–2019,   ADHD,Female,Agegroup:15–17years–95%CI,,,,Hospitalization
2018–2019,   ADHD,Male,Agegroup:15–17years–95%CI,,,,Hospitalization
2018–2019,   ADHD,Total,Agegroup:15–17years–95%CI,,,,Hospitalization
2019–2020,Neurocognitive disorders,Female,Agegroup:15–17years–95%CI,,,,Hospitalization
2019–2020,Neurocognitive disorders,Male,Agegroup:15–17years–95%CI,,,,Hospitalization
2019–2020,Neurocognitive disorders,Total,Agegroup:15–17years–95%CI,,,,Hospitalization
2019–2020,Substance-related disorders,Female,Agegroup:15–17years–95%CI,,,,Hospitalization
2019–2020,Substance-related disorders,Male,Agegroup:15–17years–95%CI,,,,Hospitalization
2019–2020,Substance-related disorders,Total,Agegroup:15–17years–95%CI,,,,Hospitalization
2019–2020,Schizophrenic and psychotic disorders,Female,Agegroup:15–17years–95%CI,,,,Hospitalization
2019–2020,Schizophrenic and psychotic disorders,Male,Agegroup:15–17years–95%CI,,,,Hospitalization
2019–2020,Schizophrenic and psychotic disorders,Total,Agegroup:15–17years–95%CI,,,,Hospitalization
2019–2020,Mood disorders,Female,Agegroup:15–17years–95%CI,,,,Hospitalization
2019–2020,Mood disorders,Male,Agegroup:15–17years–95%CI,,,,Hospitalization
2019–2020,Mood disorders,Total,Agegroup:15–17years–95%CI,,,,Hospitalization
2019–2020,Anxiety disorders,Female,Agegroup:15–17years–95%CI,,,,Hospitalization
2019–2020,Anxiety disorders,Male,Agegroup:15–17years–95%CI,,,,Hospitalization
2019–2020,Anxiety disorders,Total,Agegroup:15–17years–95%CI,,,,Hospitalization
2019–2020,Personality disorders,Female,Agegroup:15–17years–95%CI,,,,Hospitalization
2019–2020,Personality disorders,Male,Agegroup:15–17years–95%CI,,,,Hospitalization
2019–2020,Personality disorders,Total,Agegroup:15–17years–95%CI,,,,Hospitalization
2019–2020,Other disorders,Female,Agegroup:15–17years–95%CI,,,,Hospitalization
2019–2020,Other disorders,Male,Agegroup:15–17years–95%CI,,,,Hospitalization
2019–2020,Other disorders,Total,Agegroup:15–17years–95%CI,,,,Hospitalization
2019–2020,   Trauma- and stressor-related disorders,Female,Agegroup:15–17years–95%CI,,,,Hospitalization
2019–2020,   Trauma- and stressor-related disorders,Male,Agegroup:15–17years–95%CI,,,,Hospitalization
2019–2020,   Trauma- and stressor-related disorders,Total,Agegroup:15–17years–95%CI,,,,Hospitalization
2019–2020,"   Disruptive, impulse control and conduct disorders",Female,Agegroup:15–17years–95%CI,,,,Hospitalization
2019–2020,"   Disruptive, impulse control and conduct disorders",Male,Agegroup:15–17years–95%CI,,,,Hospitalization
2019–2020,"   Disruptive, impulse control and conduct disorders",Total,Agegroup:15–17years–95%CI,,,,Hospitalization
2019–2020,   Eating and feeding disorders,Female,Agegroup:15–17years–95%CI,,,,Hospitalization
2019–2020,   Eating and feeding disorders,Male,Agegroup:15–17years–95%CI,,,,Hospitalization
2019–2020,   Eating and feeding disorders,Total,Agegroup:15–17years–95%CI,,,,Hospitalization
2019–2020,   Tic disorders,Female,Agegroup:15–17years–95%CI,,,,Hospitalization
2019–2020,   Tic disorders,Male,Agegroup:15–17years–95%CI,,,,Hospitalization
2019–2020,   Tic disorders,Total,Agegroup:15–17years–95%CI,,,,Hospitalization
2019–2020,   ADHD,Female,Agegroup:15–17years–95%CI,,,,Hospitalization
2019–2020,   ADHD,Male,Agegroup:15–17years–95%CI,,,,Hospitalization
2019–2020,   ADHD,Total,Agegroup:15–17years–95%CI,,,,Hospitalization
2020–2021,Neurocognitive disorders,Female,Agegroup:15–17years–95%CI,,,,Hospitalization
2020–2021,Neurocognitive disorders,Male,Agegroup:15–17years–95%CI,,,,Hospitalization
2020–2021,Neurocognitive disorders,Total,Agegroup:15–17years–95%CI,,,,Hospitalization
2020–2021,Substance-related disorders,Female,Agegroup:15–17years–95%CI,,,,Hospitalization
2020–2021,Substance-related disorders,Male,Agegroup:15–17years–95%CI,,,,Hospitalization
2020–2021,Substance-related disorders,Total,Agegroup:15–17years–95%CI,,,,Hospitalization
2020–2021,Schizophrenic and psychotic disorders,Female,Agegroup:15–17years–95%CI,,,,Hospitalization
2020–2021,Schizophrenic and psychotic disorders,Male,Agegroup:15–17years–95%CI,,,,Hospitalization
2020–2021,Schizophrenic and psychotic disorders,Total,Agegroup:15–17years–95%CI,,,,Hospitalization
2020–2021,Mood disorders,Female,Agegroup:15–17years–95%CI,,,,Hospitalization
2020–2021,Mood disorders,Male,Agegroup:15–17years–95%CI,,,,Hospitalization
2020–2021,Mood disorders,Total,Agegroup:15–17years–95%CI,,,,Hospitalization
2020–2021,Anxiety disorders,Female,Agegroup:15–17years–95%CI,,,,Hospitalization
2020–2021,Anxiety disorders,Male,Agegroup:15–17years–95%CI,,,,Hospitalization
2020–2021,Anxiety disorders,Total,Agegroup:15–17years–95%CI,,,,Hospitalization
2020–2021,Personality disorders,Female,Agegroup:15–17years–95%CI,,,,Hospitalization
2020–2021,Personality disorders,Male,Agegroup:15–17years–95%CI,,,,Hospitalization
2020–2021,Personality disorders,Total,Agegroup:15–17years–95%CI,,,,Hospitalization
2020–2021,Other disorders,Female,Agegroup:15–17years–95%CI,,,,Hospitalization
2020–2021,Other disorders,Male,Agegroup:15–17years–95%CI,,,,Hospitalization
2020–2021,Other disorders,Total,Agegroup:15–17years–95%CI,,,,Hospitalization
2020–2021,   Trauma- and stressor-related disorders,Female,Agegroup:15–17years–95%CI,,,,Hospitalization
2020–2021,   Trauma- and stressor-related disorders,Male,Agegroup:15–17years–95%CI,,,,Hospitalization
2020–2021,   Trauma- and stressor-related disorders,Total,Agegroup:15–17years–95%CI,,,,Hospitalization
2020–2021,"   Disruptive, impulse control and conduct disorders",Female,Agegroup:15–17years–95%CI,,,,Hospitalization
2020–2021,"   Disruptive, impulse control and conduct disorders",Male,Agegroup:15–17years–95%CI,,,,Hospitalization
2020–2021,"   Disruptive, impulse control and conduct disorders",Total,Agegroup:15–17years–95%CI,,,,Hospitalization
2020–2021,   Eating and feeding disorders,Female,Agegroup:15–17years–95%CI,,,,Hospitalization
2020–2021,   Eating and feeding disorders,Male,Agegroup:15–17years–95%CI,,,,Hospitalization
2020–2021,   Eating and feeding disorders,Total,Agegroup:15–17years–95%CI,,,,Hospitalization
2020–2021,   Tic disorders,Female,Agegroup:15–17years–95%CI,,,,Hospitalization
2020–2021,   Tic disorders,Male,Agegroup:15–17years–95%CI,,,,Hospitalization
2020–2021,   Tic disorders,Total,Agegroup:15–17years–95%CI,,,,Hospitalization
2020–2021,   ADHD,Female,Agegroup:15–17years–95%CI,,,,Hospitalization
2020–2021,   ADHD,Male,Agegroup:15–17years–95%CI,,,,Hospitalization
2020–2021,   ADHD,Total,Agegroup:15–17years–95%CI,,,,Hospitalization
2021–2022,Neurocognitive disorders,Female,Agegroup:15–17years–95%CI,,,,Hospitalization
2021–2022,Neurocognitive disorders,Male,Agegroup:15–17years–95%CI,,,,Hospitalization
2021–2022,Neurocognitive disorders,Total,Agegroup:15–17years–95%CI,,,,Hospitalization
2021–2022,Substance-related disorders,Female,Agegroup:15–17years–95%CI,,,,Hospitalization
2021–2022,Substance-related disorders,Male,Agegroup:15–17years–95%CI,,,,Hospitalization
2021–2022,Substance-related disorders,Total,Agegroup:15–17years–95%CI,,,,Hospitalization
2021–2022,Schizophrenic and psychotic disorders,Female,Agegroup:15–17years–95%CI,,,,Hospitalization
2021–2022,Schizophrenic and psychotic disorders,Male,Agegroup:15–17years–95%CI,,,,Hospitalization
2021–2022,Schizophrenic and psychotic disorders,Total,Agegroup:15–17years–95%CI,,,,Hospitalization
2021–2022,Mood disorders,Female,Agegroup:15–17years–95%CI,,,,Hospitalization
2021–2022,Mood disorders,Male,Agegroup:15–17years–95%CI,,,,Hospitalization
2021–2022,Mood disorders,Total,Agegroup:15–17years–95%CI,,,,Hospitalization
2021–2022,Anxiety disorders,Female,Agegroup:15–17years–95%CI,,,,Hospitalization
2021–2022,Anxiety disorders,Male,Agegroup:15–17years–95%CI,,,,Hospitalization
2021–2022,Anxiety disorders,Total,Agegroup:15–17years–95%CI,,,,Hospitalization
2021–2022,Personality disorders,Female,Agegroup:15–17years–95%CI,,,,Hospitalization
2021–2022,Personality disorders,Male,Agegroup:15–17years–95%CI,,,,Hospitalization
2021–2022,Personality disorders,Total,Agegroup:15–17years–95%CI,,,,Hospitalization
2021–2022,Other disorders,Female,Agegroup:15–17years–95%CI,,,,Hospitalization
2021–2022,Other disorders,Male,Agegroup:15–17years–95%CI,,,,Hospitalization
2021–2022,Other disorders,Total,Agegroup:15–17years–95%CI,,,,Hospitalization
2021–2022,   Trauma- and stressor-related disorders,Female,Agegroup:15–17years–95%CI,,,,Hospitalization
2021–2022,   Trauma- and stressor-related disorders,Male,Agegroup:15–17years–95%CI,,,,Hospitalization
2021–2022,   Trauma- and stressor-related disorders,Total,Agegroup:15–17years–95%CI,,,,Hospitalization
2021–2022,"   Disruptive, impulse control and conduct disorders",Female,Agegroup:15–17years–95%CI,,,,Hospitalization
2021–2022,"   Disruptive, impulse control and conduct disorders",Male,Agegroup:15–17years–95%CI,,,,Hospitalization
2021–2022,"   Disruptive, impulse control and conduct disorders",Total,Agegroup:15–17years–95%CI,,,,Hospitalization
2021–2022,   Eating and feeding disorders,Female,Agegroup:15–17years–95%CI,,,,Hospitalization
2021–2022,   Eating and feeding disorders,Male,Agegroup:15–17years–95%CI,,,,Hospitalization
2021–2022,   Eating and feeding disorders,Total,Agegroup:15–17years–95%CI,,,,Hospitalization
2021–2022,   Tic disorders,Female,Agegroup:15–17years–95%CI,,,,Hospitalization
2021–2022,   Tic disorders,Male,Agegroup:15–17years–95%CI,,,,Hospitalization
2021–2022,   Tic disorders,Total,Agegroup:15–17years–95%CI,,,,Hospitalization
2021–2022,   ADHD,Female,Agegroup:15–17years–95%CI,,,,Hospitalization
2021–2022,   ADHD,Male,Agegroup:15–17years–95%CI,,,,Hospitalization
2021–2022,   ADHD,Total,Agegroup:15–17years–95%CI,,,,Hospitalization
2022–2023,Neurocognitive disorders,Female,Agegroup:15–17years–95%CI,,,,Hospitalization
2022–2023,Neurocognitive disorders,Male,Agegroup:15–17years–95%CI,,,,Hospitalization
2022–2023,Neurocognitive disorders,Total,Agegroup:15–17years–95%CI,,,,Hospitalization
2022–2023,Substance-related disorders,Female,Agegroup:15–17years–95%CI,,,,Hospitalization
2022–2023,Substance-related disorders,Male,Agegroup:15–17years–95%CI,,,,Hospitalization
2022–2023,Substance-related disorders,Total,Agegroup:15–17years–95%CI,,,,Hospitalization
2022–2023,Schizophrenic and psychotic disorders,Female,Agegroup:15–17years–95%CI,,,,Hospitalization
2022–2023,Schizophrenic and psychotic disorders,Male,Agegroup:15–17years–95%CI,,,,Hospitalization
2022–2023,Schizophrenic and psychotic disorders,Total,Agegroup:15–17years–95%CI,,,,Hospitalization
2022–2023,Mood disorders,Female,Agegroup:15–17years–95%CI,,,,Hospitalization
2022–2023,Mood disorders,Male,Agegroup:15–17years–95%CI,,,,Hospitalization
2022–2023,Mood disorders,Total,Agegroup:15–17years–95%CI,,,,Hospitalization
2022–2023,Anxiety disorders,Female,Agegroup:15–17years–95%CI,,,,Hospitalization
2022–2023,Anxiety disorders,Male,Agegroup:15–17years–95%CI,,,,Hospitalization
2022–2023,Anxiety disorders,Total,Agegroup:15–17years–95%CI,,,,Hospitalization
2022–2023,Personality disorders,Female,Agegroup:15–17years–95%CI,,,,Hospitalization
2022–2023,Personality disorders,Male,Agegroup:15–17years–95%CI,,,,Hospitalization
2022–2023,Personality disorders,Total,Agegroup:15–17years–95%CI,,,,Hospitalization
2022–2023,Other disorders,Female,Agegroup:15–17years–95%CI,,,,Hospitalization
2022–2023,Other disorders,Male,Agegroup:15–17years–95%CI,,,,Hospitalization
2022–2023,Other disorders,Total,Agegroup:15–17years–95%CI,,,,Hospitalization
2022–2023,   Trauma- and stressor-related disorders,Female,Agegroup:15–17years–95%CI,,,,Hospitalization
2022–2023,   Trauma- and stressor-related disorders,Male,Agegroup:15–17years–95%CI,,,,Hospitalization
2022–2023,   Trauma- and stressor-related disorders,Total,Agegroup:15–17years–95%CI,,,,Hospitalization
2022–2023,"   Disruptive, impulse control and conduct disorders",Female,Agegroup:15–17years–95%CI,,,,Hospitalization
2022–2023,"   Disruptive, impulse control and conduct disorders",Male,Agegroup:15–17years–95%CI,,,,Hospitalization
2022–2023,"   Disruptive, impulse control and conduct disorders",Total,Agegroup:15–17years–95%CI,,,,Hospitalization
2022–2023,   Eating and feeding disorders,Female,Agegroup:15–17years–95%CI,,,,Hospitalization
2022–2023,   Eating and feeding disorders,Male,Agegroup:15–17years–95%CI,,,,Hospitalization
2022–2023,   Eating and feeding disorders,Total,Agegroup:15–17years–95%CI,,,,Hospitalization
2022–2023,   Tic disorders,Female,Agegroup:15–17years–95%CI,,,,Hospitalization
2022–2023,   Tic disorders,Male,Agegroup:15–17years–95%CI,,,,Hospitalization
2022–2023,   Tic disorders,Total,Agegroup:15–17years–95%CI,,,,Hospitalization
2022–2023,   ADHD,Female,Agegroup:15–17years–95%CI,,,,Hospitalization
2022–2023,   ADHD,Male,Agegroup:15–17years–95%CI,,,,Hospitalization
2022–2023,   ADHD,Total,Agegroup:15–17years–95%CI,,,,Hospitalization
2023–2024,Neurocognitive disorders,Female,Agegroup:15–17years–95%CI,,,,Hospitalization
2023–2024,Neurocognitive disorders,Male,Agegroup:15–17years–95%CI,,,,Hospitalization
2023–2024,Neurocognitive disorders,Total,Agegroup:15–17years–95%CI,,,,Hospitalization
2023–2024,Substance-related disorders,Female,Agegroup:15–17years–95%CI,,,,Hospitalization
2023–2024,Substance-related disorders,Male,Agegroup:15–17years–95%CI,,,,Hospitalization
2023–2024,Substance-related disorders,Total,Agegroup:15–17years–95%CI,,,,Hospitalization
2023–2024,Schizophrenic and psychotic disorders,Female,Agegroup:15–17years–95%CI,,,,Hospitalization
2023–2024,Schizophrenic and psychotic disorders,Male,Agegroup:15–17years–95%CI,,,,Hospitalization
2023–2024,Schizophrenic and psychotic disorders,Total,Agegroup:15–17years–95%CI,,,,Hospitalization
2023–2024,Mood disorders,Female,Agegroup:15–17years–95%CI,,,,Hospitalization
2023–2024,Mood disorders,Male,Agegroup:15–17years–95%CI,,,,Hospitalization
2023–2024,Mood disorders,Total,Agegroup:15–17years–95%CI,,,,Hospitalization
2023–2024,Anxiety disorders,Female,Agegroup:15–17years–95%CI,,,,Hospitalization
2023–2024,Anxiety disorders,Male,Agegroup:15–17years–95%CI,,,,Hospitalization
2023–2024,Anxiety disorders,Total,Agegroup:15–17years–95%CI,,,,Hospitalization
2023–2024,Personality disorders,Female,Agegroup:15–17years–95%CI,,,,Hospitalization
2023–2024,Personality disorders,Male,Agegroup:15–17years–95%CI,,,,Hospitalization
2023–2024,Personality disorders,Total,Agegroup:15–17years–95%CI,,,,Hospitalization
2023–2024,Other disorders,Female,Agegroup:15–17years–95%CI,,,,Hospitalization
2023–2024,Other disorders,Male,Agegroup:15–17years–95%CI,,,,Hospitalization
2023–2024,Other disorders,Total,Agegroup:15–17years–95%CI,,,,Hospitalization
2023–2024,   Trauma- and stressor-related disorders,Female,Agegroup:15–17years–95%CI,,,,Hospitalization
2023–2024,   Trauma- and stressor-related disorders,Male,Agegroup:15–17years–95%CI,,,,Hospitalization
2023–2024,   Trauma- and stressor-related disorders,Total,Agegroup:15–17years–95%CI,,,,Hospitalization
2023–2024,"   Disruptive, impulse control and conduct disorders",Female,Agegroup:15–17years–95%CI,,,,Hospitalization
2023–2024,"   Disruptive, impulse control and conduct disorders",Male,Agegroup:15–17years–95%CI,,,,Hospitalization
2023–2024,"   Disruptive, impulse control and conduct disorders",Total,Agegroup:15–17years–95%CI,,,,Hospitalization
2023–2024,   Eating and feeding disorders,Female,Agegroup:15–17years–95%CI,,,,Hospitalization
2023–2024,   Eating and feeding disorders,Male,Agegroup:15–17years–95%CI,,,,Hospitalization
2023–2024,   Eating and feeding disorders,Total,Agegroup:15–17years–95%CI,,,,Hospitalization
2023–2024,   Tic disorders,Female,Agegroup:15–17years–95%CI,,,,Hospitalization
2023–2024,   Tic disorders,Male,Agegroup:15–17years–95%CI,,,,Hospitalization
2023–2024,   Tic disorders,Total,Agegroup:15–17years–95%CI,,,,Hospitalization
2023–2024,   ADHD,Female,Agegroup:15–17years–95%CI,,,,Hospitalization
2023–2024,   ADHD,Male,Agegroup:15–17years–95%CI,,,,Hospitalization
2023–2024,   ADHD,Total,Agegroup:15–17years–95%CI,,,,Hospitalization
2018–2019,Neurocognitive disorders,Female,Agegroup:18–24years–Rate,2.2,,,Hospitalization
2018–2019,Neurocognitive disorders,Male,Agegroup:18–24years–Rate,2.7,,,Hospitalization
2018–2019,Neurocognitive disorders,Total,Agegroup:18–24years–Rate,2.4,,,Hospitalization
2018–2019,Substance-related disorders,Female,Agegroup:18–24years–Rate,109.1,,,Hospitalization
2018–2019,Substance-related disorders,Male,Agegroup:18–24years–Rate,179.9,,,Hospitalization
2018–2019,Substance-related disorders,Total,Agegroup:18–24years–Rate,145.9,,,Hospitalization
2018–2019,Schizophrenic and psychotic disorders,Female,Agegroup:18–24years–Rate,83.7,,,Hospitalization
2018–2019,Schizophrenic and psychotic disorders,Male,Agegroup:18–24years–Rate,227.4,,,Hospitalization
2018–2019,Schizophrenic and psychotic disorders,Total,Agegroup:18–24years–Rate,158.4,,,Hospitalization
2018–2019,Mood disorders,Female,Agegroup:18–24years–Rate,251.6,,,Hospitalization
2018–2019,Mood disorders,Male,Agegroup:18–24years–Rate,178.9,,,Hospitalization
2018–2019,Mood disorders,Total,Agegroup:18–24years–Rate,213.8,,,Hospitalization
2018–2019,Anxiety disorders,Female,Agegroup:18–24years–Rate,42.5,,,Hospitalization
2018–2019,Anxiety disorders,Male,Agegroup:18–24years–Rate,26.9,,,Hospitalization
2018–2019,Anxiety disorders,Total,Agegroup:18–24years–Rate,34.4,,,Hospitalization
2018–2019,Personality disorders,Female,Agegroup:18–24years–Rate,131.3,,,Hospitalization
2018–2019,Personality disorders,Male,Agegroup:18–24years–Rate,40.9,,,Hospitalization
2018–2019,Personality disorders,Total,Agegroup:18–24years–Rate,84.3,,,Hospitalization
2018–2019,Other disorders,Female,Agegroup:18–24years–Rate,185.7,,,Hospitalization
2018–2019,Other disorders,Male,Agegroup:18–24years–Rate,116.7,,,Hospitalization
2018–2019,Other disorders,Total,Agegroup:18–24years–Rate,149.8,,,Hospitalization
2018–2019,   Trauma- and stressor-related disorders,Female,Agegroup:18–24years–Rate,111.4,,,Hospitalization
2018–2019,   Trauma- and stressor-related disorders,Male,Agegroup:18–24years–Rate,68.0,,,Hospitalization
2018–2019,   Trauma- and stressor-related disorders,Total,Agegroup:18–24years–Rate,88.9,,,Hospitalization
2018–2019,"   Disruptive, impulse control and conduct disorders",Female,Agegroup:18–24years–Rate,4.1,,,Hospitalization
2018–2019,"   Disruptive, impulse control and conduct disorders",Male,Agegroup:18–24years–Rate,7.0,,,Hospitalization
2018–2019,"   Disruptive, impulse control and conduct disorders",Total,Agegroup:18–24years–Rate,5.6,,,Hospitalization
2018–2019,   Eating and feeding disorders,Female,Agegroup:18–24years–Rate,17.7,,,Hospitalization
2018–2019,   Eating and feeding disorders,Male,Agegroup:18–24years–Rate,1.1,,,Hospitalization
2018–2019,   Eating and feeding disorders,Total,Agegroup:18–24years–Rate,9.1,,,Hospitalization
2018–2019,   Tic disorders,Female,Agegroup:18–24years–Rate,0.8,,,Hospitalization
2018–2019,   Tic disorders,Male,Agegroup:18–24years–Rate,0.3,,,Hospitalization
2018–2019,   Tic disorders,Total,Agegroup:18–24years–Rate,0.6,,,Hospitalization
2018–2019,   ADHD,Female,Agegroup:18–24years–Rate,1.1,,,Hospitalization
2018–2019,   ADHD,Male,Agegroup:18–24years–Rate,4.2,,,Hospitalization
2018–2019,   ADHD,Total,Agegroup:18–24years–Rate,2.7,,,Hospitalization
2019–2020,Neurocognitive disorders,Female,Agegroup:18–24years–Rate,1.2,,,Hospitalization
2019–2020,Neurocognitive disorders,Male,Agegroup:18–24years–Rate,2.7,,,Hospitalization
2019–2020,Neurocognitive disorders,Total,Agegroup:18–24years–Rate,2.0,,,Hospitalization
2019–2020,Substance-related disorders,Female,Agegroup:18–24years–Rate,106.9,,,Hospitalization
2019–2020,Substance-related disorders,Male,Agegroup:18–24years–Rate,175.5,,,Hospitalization
2019–2020,Substance-related disorders,Total,Agegroup:18–24years–Rate,142.5,,,Hospitalization
2019–2020,Schizophrenic and psychotic disorders,Female,Agegroup:18–24years–Rate,85.5,,,Hospitalization
2019–2020,Schizophrenic and psychotic disorders,Male,Agegroup:18–24years–Rate,216.9,,,Hospitalization
2019–2020,Schizophrenic and psychotic disorders,Total,Agegroup:18–24years–Rate,153.8,,,Hospitalization
2019–2020,Mood disorders,Female,Agegroup:18–24years–Rate,236.0,,,Hospitalization
2019–2020,Mood disorders,Male,Agegroup:18–24years–Rate,171.3,,,Hospitalization
2019–2020,Mood disorders,Total,Agegroup:18–24years–Rate,202.4,,,Hospitalization
2019–2020,Anxiety disorders,Female,Agegroup:18–24years–Rate,40.6,,,Hospitalization
2019–2020,Anxiety disorders,Male,Agegroup:18–24years–Rate,25.9,,,Hospitalization
2019–2020,Anxiety disorders,Total,Agegroup:18–24years–Rate,33.0,,,Hospitalization
2019–2020,Personality disorders,Female,Agegroup:18–24years–Rate,126.4,,,Hospitalization
2019–2020,Personality disorders,Male,Agegroup:18–24years–Rate,38.9,,,Hospitalization
2019–2020,Personality disorders,Total,Agegroup:18–24years–Rate,80.9,,,Hospitalization
2019–2020,Other disorders,Female,Agegroup:18–24years–Rate,182.4,,,Hospitalization
2019–2020,Other disorders,Male,Agegroup:18–24years–Rate,120.7,,,Hospitalization
2019–2020,Other disorders,Total,Agegroup:18–24years–Rate,150.4,,,Hospitalization
2019–2020,   Trauma- and stressor-related disorders,Female,Agegroup:18–24years–Rate,109.8,,,Hospitalization
2019–2020,   Trauma- and stressor-related disorders,Male,Agegroup:18–24years–Rate,70.9,,,Hospitalization
2019–2020,   Trauma- and stressor-related disorders,Total,Agegroup:18–24years–Rate,89.6,,,Hospitalization
2019–2020,"   Disruptive, impulse control and conduct disorders",Female,Agegroup:18–24years–Rate,4.4,,,Hospitalization
2019–2020,"   Disruptive, impulse control and conduct disorders",Male,Agegroup:18–24years–Rate,7.4,,,Hospitalization
2019–2020,"   Disruptive, impulse control and conduct disorders",Total,Agegroup:18–24years–Rate,6.0,,,Hospitalization
2019–2020,   Eating and feeding disorders,Female,Agegroup:18–24years–Rate,19.1,,,Hospitalization
2019–2020,   Eating and feeding disorders,Male,Agegroup:18–24years–Rate,1.0,,,Hospitalization
2019–2020,   Eating and feeding disorders,Total,Agegroup:18–24years–Rate,9.7,,,Hospitalization
2019–2020,   Tic disorders,Female,Agegroup:18–24years–Rate,0.1,,,Hospitalization
2019–2020,   Tic disorders,Male,Agegroup:18–24years–Rate,0.1,,,Hospitalization
2019–2020,   Tic disorders,Total,Agegroup:18–24years–Rate,0.1,,,Hospitalization
2019–2020,   ADHD,Female,Agegroup:18–24years–Rate,1.7,,,Hospitalization
2019–2020,   ADHD,Male,Agegroup:18–24years–Rate,4.2,,,Hospitalization
2019–2020,   ADHD,Total,Agegroup:18–24years–Rate,3.0,,,Hospitalization
2020–2021,Neurocognitive disorders,Female,Agegroup:18–24years–Rate,1.9,,,Hospitalization
2020–2021,Neurocognitive disorders,Male,Agegroup:18–24years–Rate,2.4,,,Hospitalization
2020–2021,Neurocognitive disorders,Total,Agegroup:18–24years–Rate,2.2,,,Hospitalization
2020–2021,Substance-related disorders,Female,Agegroup:18–24years–Rate,113.5,,,Hospitalization
2020–2021,Substance-related disorders,Male,Agegroup:18–24years–Rate,180.6,,,Hospitalization
2020–2021,Substance-related disorders,Total,Agegroup:18–24years–Rate,148.3,,,Hospitalization
2020–2021,Schizophrenic and psychotic disorders,Female,Agegroup:18–24years–Rate,95.7,,,Hospitalization
2020–2021,Schizophrenic and psychotic disorders,Male,Agegroup:18–24years–Rate,216.4,,,Hospitalization
2020–2021,Schizophrenic and psychotic disorders,Total,Agegroup:18–24years–Rate,158.2,,,Hospitalization
2020–2021,Mood disorders,Female,Agegroup:18–24years–Rate,221.1,,,Hospitalization
2020–2021,Mood disorders,Male,Agegroup:18–24years–Rate,145.0,,,Hospitalization
2020–2021,Mood disorders,Total,Agegroup:18–24years–Rate,181.7,,,Hospitalization
2020–2021,Anxiety disorders,Female,Agegroup:18–24years–Rate,40.1,,,Hospitalization
2020–2021,Anxiety disorders,Male,Agegroup:18–24years–Rate,23.8,,,Hospitalization
2020–2021,Anxiety disorders,Total,Agegroup:18–24years–Rate,31.6,,,Hospitalization
2020–2021,Personality disorders,Female,Agegroup:18–24years–Rate,128.4,,,Hospitalization
2020–2021,Personality disorders,Male,Agegroup:18–24years–Rate,37.9,,,Hospitalization
2020–2021,Personality disorders,Total,Agegroup:18–24years–Rate,81.5,,,Hospitalization
2020–2021,Other disorders,Female,Agegroup:18–24years–Rate,167.8,,,Hospitalization
2020–2021,Other disorders,Male,Agegroup:18–24years–Rate,100.7,,,Hospitalization
2020–2021,Other disorders,Total,Agegroup:18–24years–Rate,133.0,,,Hospitalization
2020–2021,   Trauma- and stressor-related disorders,Female,Agegroup:18–24years–Rate,104.5,,,Hospitalization
2020–2021,   Trauma- and stressor-related disorders,Male,Agegroup:18–24years–Rate,60.9,,,Hospitalization
2020–2021,   Trauma- and stressor-related disorders,Total,Agegroup:18–24years–Rate,81.9,,,Hospitalization
2020–2021,"   Disruptive, impulse control and conduct disorders",Female,Agegroup:18–24years–Rate,3.1,,,Hospitalization
2020–2021,"   Disruptive, impulse control and conduct disorders",Male,Agegroup:18–24years–Rate,5.3,,,Hospitalization
2020–2021,"   Disruptive, impulse control and conduct disorders",Total,Agegroup:18–24years–Rate,4.2,,,Hospitalization
2020–2021,   Eating and feeding disorders,Female,Agegroup:18–24years–Rate,18.3,,,Hospitalization
2020–2021,   Eating and feeding disorders,Male,Agegroup:18–24years–Rate,0.8,,,Hospitalization
2020–2021,   Eating and feeding disorders,Total,Agegroup:18–24years–Rate,9.3,,,Hospitalization
2020–2021,   Tic disorders,Female,Agegroup:18–24years–Rate,0.1,,,Hospitalization
2020–2021,   Tic disorders,Male,Agegroup:18–24years–Rate,0.3,,,Hospitalization
2020–2021,   Tic disorders,Total,Agegroup:18–24years–Rate,0.2,,,Hospitalization
2020–2021,   ADHD,Female,Agegroup:18–24years–Rate,1.9,,,Hospitalization
2020–2021,   ADHD,Male,Agegroup:18–24years–Rate,4.2,,,Hospitalization
2020–2021,   ADHD,Total,Agegroup:18–24years–Rate,3.1,,,Hospitalization
2021–2022,Neurocognitive disorders,Female,Agegroup:18–24years–Rate,1.8,,,Hospitalization
2021–2022,Neurocognitive disorders,Male,Agegroup:18–24years–Rate,2.4,,,Hospitalization
2021–2022,Neurocognitive disorders,Total,Agegroup:18–24years–Rate,2.1,,,Hospitalization
2021–2022,Substance-related disorders,Female,Agegroup:18–24years–Rate,113.4,,,Hospitalization
2021–2022,Substance-related disorders,Male,Agegroup:18–24years–Rate,164.2,,,Hospitalization
2021–2022,Substance-related disorders,Total,Agegroup:18–24years–Rate,139.7,,,Hospitalization
2021–2022,Schizophrenic and psychotic disorders,Female,Agegroup:18–24years–Rate,99.6,,,Hospitalization
2021–2022,Schizophrenic and psychotic disorders,Male,Agegroup:18–24years–Rate,218.7,,,Hospitalization
2021–2022,Schizophrenic and psychotic disorders,Total,Agegroup:18–24years–Rate,161.2,,,Hospitalization
2021–2022,Mood disorders,Female,Agegroup:18–24years–Rate,254.5,,,Hospitalization
2021–2022,Mood disorders,Male,Agegroup:18–24years–Rate,150.7,,,Hospitalization
2021–2022,Mood disorders,Total,Agegroup:18–24years–Rate,200.7,,,Hospitalization
2021–2022,Anxiety disorders,Female,Agegroup:18–24years–Rate,49.0,,,Hospitalization
2021–2022,Anxiety disorders,Male,Agegroup:18–24years–Rate,24.7,,,Hospitalization
2021–2022,Anxiety disorders,Total,Agegroup:18–24years–Rate,36.4,,,Hospitalization
2021–2022,Personality disorders,Female,Agegroup:18–24years–Rate,143.9,,,Hospitalization
2021–2022,Personality disorders,Male,Agegroup:18–24years–Rate,41.6,,,Hospitalization
2021–2022,Personality disorders,Total,Agegroup:18–24years–Rate,91.0,,,Hospitalization
2021–2022,Other disorders,Female,Agegroup:18–24years–Rate,191.7,,,Hospitalization
2021–2022,Other disorders,Male,Agegroup:18–24years–Rate,105.2,,,Hospitalization
2021–2022,Other disorders,Total,Agegroup:18–24years–Rate,147.0,,,Hospitalization
2021–2022,   Trauma- and stressor-related disorders,Female,Agegroup:18–24years–Rate,109.6,,,Hospitalization
2021–2022,   Trauma- and stressor-related disorders,Male,Agegroup:18–24years–Rate,60.1,,,Hospitalization
2021–2022,   Trauma- and stressor-related disorders,Total,Agegroup:18–24years–Rate,84.0,,,Hospitalization
2021–2022,"   Disruptive, impulse control and conduct disorders",Female,Agegroup:18–24years–Rate,4.1,,,Hospitalization
2021–2022,"   Disruptive, impulse control and conduct disorders",Male,Agegroup:18–24years–Rate,4.8,,,Hospitalization
2021–2022,"   Disruptive, impulse control and conduct disorders",Total,Agegroup:18–24years–Rate,4.5,,,Hospitalization
2021–2022,   Eating and feeding disorders,Female,Agegroup:18–24years–Rate,23.2,,,Hospitalization
2021–2022,   Eating and feeding disorders,Male,Agegroup:18–24years–Rate,1.1,,,Hospitalization
2021–2022,   Eating and feeding disorders,Total,Agegroup:18–24years–Rate,11.8,,,Hospitalization
2021–2022,   Tic disorders,Female,Agegroup:18–24years–Rate,0.1,,,Hospitalization
2021–2022,   Tic disorders,Male,Agegroup:18–24years–Rate,0.4,,,Hospitalization
2021–2022,   Tic disorders,Total,Agegroup:18–24years–Rate,0.2,,,Hospitalization
2021–2022,   ADHD,Female,Agegroup:18–24years–Rate,2.6,,,Hospitalization
2021–2022,   ADHD,Male,Agegroup:18–24years–Rate,4.4,,,Hospitalization
2021–2022,   ADHD,Total,Agegroup:18–24years–Rate,3.5,,,Hospitalization
2022–2023,Neurocognitive disorders,Female,Agegroup:18–24years–Rate,1.7,,,Hospitalization
2022–2023,Neurocognitive disorders,Male,Agegroup:18–24years–Rate,1.8,,,Hospitalization
2022–2023,Neurocognitive disorders,Total,Agegroup:18–24years–Rate,1.8,,,Hospitalization
2022–2023,Substance-related disorders,Female,Agegroup:18–24years–Rate,101.2,,,Hospitalization
2022–2023,Substance-related disorders,Male,Agegroup:18–24years–Rate,140.8,,,Hospitalization
2022–2023,Substance-related disorders,Total,Agegroup:18–24years–Rate,121.8,,,Hospitalization
2022–2023,Schizophrenic and psychotic disorders,Female,Agegroup:18–24years–Rate,92.4,,,Hospitalization
2022–2023,Schizophrenic and psychotic disorders,Male,Agegroup:18–24years–Rate,189.8,,,Hospitalization
2022–2023,Schizophrenic and psychotic disorders,Total,Agegroup:18–24years–Rate,142.9,,,Hospitalization
2022–2023,Mood disorders,Female,Agegroup:18–24years–Rate,208.4,,,Hospitalization
2022–2023,Mood disorders,Male,Agegroup:18–24years–Rate,139.9,,,Hospitalization
2022–2023,Mood disorders,Total,Agegroup:18–24years–Rate,172.9,,,Hospitalization
2022–2023,Anxiety disorders,Female,Agegroup:18–24years–Rate,36.2,,,Hospitalization
2022–2023,Anxiety disorders,Male,Agegroup:18–24years–Rate,20.2,,,Hospitalization
2022–2023,Anxiety disorders,Total,Agegroup:18–24years–Rate,27.9,,,Hospitalization
2022–2023,Personality disorders,Female,Agegroup:18–24years–Rate,139.1,,,Hospitalization
2022–2023,Personality disorders,Male,Agegroup:18–24years–Rate,39.0,,,Hospitalization
2022–2023,Personality disorders,Total,Agegroup:18–24years–Rate,87.2,,,Hospitalization
2022–2023,Other disorders,Female,Agegroup:18–24years–Rate,167.5,,,Hospitalization
2022–2023,Other disorders,Male,Agegroup:18–24years–Rate,99.3,,,Hospitalization
2022–2023,Other disorders,Total,Agegroup:18–24years–Rate,132.2,,,Hospitalization
2022–2023,   Trauma- and stressor-related disorders,Female,Agegroup:18–24years–Rate,94.8,,,Hospitalization
2022–2023,   Trauma- and stressor-related disorders,Male,Agegroup:18–24years–Rate,53.6,,,Hospitalization
2022–2023,   Trauma- and stressor-related disorders,Total,Agegroup:18–24years–Rate,73.5,,,Hospitalization
2022–2023,"   Disruptive, impulse control and conduct disorders",Female,Agegroup:18–24years–Rate,4.3,,,Hospitalization
2022–2023,"   Disruptive, impulse control and conduct disorders",Male,Agegroup:18–24years–Rate,6.0,,,Hospitalization
2022–2023,"   Disruptive, impulse control and conduct disorders",Total,Agegroup:18–24years–Rate,5.2,,,Hospitalization
2022–2023,   Eating and feeding disorders,Female,Agegroup:18–24years–Rate,20.2,,,Hospitalization
2022–2023,   Eating and feeding disorders,Male,Agegroup:18–24years–Rate,1.5,,,Hospitalization
2022–2023,   Eating and feeding disorders,Total,Agegroup:18–24years–Rate,10.5,,,Hospitalization
2022–2023,   Tic disorders,Female,Agegroup:18–24years–Rate,0.2,,,Hospitalization
2022–2023,   Tic disorders,Male,Agegroup:18–24years–Rate,0.6,,,Hospitalization
2022–2023,   Tic disorders,Total,Agegroup:18–24years–Rate,0.4,,,Hospitalization
2022–2023,   ADHD,Female,Agegroup:18–24years–Rate,3.3,,,Hospitalization
2022–2023,   ADHD,Male,Agegroup:18–24years–Rate,3.2,,,Hospitalization
2022–2023,   ADHD,Total,Agegroup:18–24years–Rate,3.3,,,Hospitalization
2023–2024,Neurocognitive disorders,Female,Agegroup:18–24years–Rate,1.6,,,Hospitalization
2023–2024,Neurocognitive disorders,Male,Agegroup:18–24years–Rate,1.5,,,Hospitalization
2023–2024,Neurocognitive disorders,Total,Agegroup:18–24years–Rate,1.6,,,Hospitalization
2023–2024,Substance-related disorders,Female,Agegroup:18–24years–Rate,95.7,,,Hospitalization
2023–2024,Substance-related disorders,Male,Agegroup:18–24years–Rate,127.1,,,Hospitalization
2023–2024,Substance-related disorders,Total,Agegroup:18–24years–Rate,112.1,,,Hospitalization
2023–2024,Schizophrenic and psychotic disorders,Female,Agegroup:18–24years–Rate,84.3,,,Hospitalization
2023–2024,Schizophrenic and psychotic disorders,Male,Agegroup:18–24years–Rate,168.7,,,Hospitalization
2023–2024,Schizophrenic and psychotic disorders,Total,Agegroup:18–24years–Rate,128.3,,,Hospitalization
2023–2024,Mood disorders,Female,Agegroup:18–24years–Rate,169.8,,,Hospitalization
2023–2024,Mood disorders,Male,Agegroup:18–24years–Rate,112.7,,,Hospitalization
2023–2024,Mood disorders,Total,Agegroup:18–24years–Rate,140.1,,,Hospitalization
2023–2024,Anxiety disorders,Female,Agegroup:18–24years–Rate,27.1,,,Hospitalization
2023–2024,Anxiety disorders,Male,Agegroup:18–24years–Rate,16.4,,,Hospitalization
2023–2024,Anxiety disorders,Total,Agegroup:18–24years–Rate,21.5,,,Hospitalization
2023–2024,Personality disorders,Female,Agegroup:18–24years–Rate,119.5,,,Hospitalization
2023–2024,Personality disorders,Male,Agegroup:18–24years–Rate,34.9,,,Hospitalization
2023–2024,Personality disorders,Total,Agegroup:18–24years–Rate,75.4,,,Hospitalization
2023–2024,Other disorders,Female,Agegroup:18–24years–Rate,156.4,,,Hospitalization
2023–2024,Other disorders,Male,Agegroup:18–24years–Rate,94.2,,,Hospitalization
2023–2024,Other disorders,Total,Agegroup:18–24years–Rate,124.0,,,Hospitalization
2023–2024,   Trauma- and stressor-related disorders,Female,Agegroup:18–24years–Rate,90.6,,,Hospitalization
2023–2024,   Trauma- and stressor-related disorders,Male,Agegroup:18–24years–Rate,51.5,,,Hospitalization
2023–2024,   Trauma- and stressor-related disorders,Total,Agegroup:18–24years–Rate,70.2,,,Hospitalization
2023–2024,"   Disruptive, impulse control and conduct disorders",Female,Agegroup:18–24years–Rate,3.5,,,Hospitalization
2023–2024,"   Disruptive, impulse control and conduct disorders",Male,Agegroup:18–24years–Rate,4.6,,,Hospitalization
2023–2024,"   Disruptive, impulse control and conduct disorders",Total,Agegroup:18–24years–Rate,4.1,,,Hospitalization
2023–2024,   Eating and feeding disorders,Female,Agegroup:18–24years–Rate,16.9,,,Hospitalization
2023–2024,   Eating and feeding disorders,Male,Agegroup:18–24years–Rate,1.4,,,Hospitalization
2023–2024,   Eating and feeding disorders,Total,Agegroup:18–24years–Rate,8.8,,,Hospitalization
2023–2024,   Tic disorders,Female,Agegroup:18–24years–Rate,0.1,,,Hospitalization
2023–2024,   Tic disorders,Male,Agegroup:18–24years–Rate,0.2,,,Hospitalization
2023–2024,   Tic disorders,Total,Agegroup:18–24years–Rate,0.1,,,Hospitalization
2023–2024,   ADHD,Female,Agegroup:18–24years–Rate,1.8,,,Hospitalization
2023–2024,   ADHD,Male,Agegroup:18–24years–Rate,3.7,,,Hospitalization
2023–2024,   ADHD,Total,Agegroup:18–24years–Rate,2.8,,,Hospitalization
2018–2019,Neurocognitive disorders,Female,Agegroup:18–24years–95%CI,,,,Hospitalization
2018–2019,Neurocognitive disorders,Male,Agegroup:18–24years–95%CI,,,,Hospitalization
2018–2019,Neurocognitive disorders,Total,Agegroup:18–24years–95%CI,,,,Hospitalization
2018–2019,Substance-related disorders,Female,Agegroup:18–24years–95%CI,,,,Hospitalization
2018–2019,Substance-related disorders,Male,Agegroup:18–24years–95%CI,,,,Hospitalization
2018–2019,Substance-related disorders,Total,Agegroup:18–24years–95%CI,,,,Hospitalization
2018–2019,Schizophrenic and psychotic disorders,Female,Agegroup:18–24years–95%CI,,,,Hospitalization
2018–2019,Schizophrenic and psychotic disorders,Male,Agegroup:18–24years–95%CI,,,,Hospitalization
2018–2019,Schizophrenic and psychotic disorders,Total,Agegroup:18–24years–95%CI,,,,Hospitalization
2018–2019,Mood disorders,Female,Agegroup:18–24years–95%CI,,,,Hospitalization
2018–2019,Mood disorders,Male,Agegroup:18–24years–95%CI,,,,Hospitalization
2018–2019,Mood disorders,Total,Agegroup:18–24years–95%CI,,,,Hospitalization
2018–2019,Anxiety disorders,Female,Agegroup:18–24years–95%CI,,,,Hospitalization
2018–2019,Anxiety disorders,Male,Agegroup:18–24years–95%CI,,,,Hospitalization
2018–2019,Anxiety disorders,Total,Agegroup:18–24years–95%CI,,,,Hospitalization
2018–2019,Personality disorders,Female,Agegroup:18–24years–95%CI,,,,Hospitalization
2018–2019,Personality disorders,Male,Agegroup:18–24years–95%CI,,,,Hospitalization
2018–2019,Personality disorders,Total,Agegroup:18–24years–95%CI,,,,Hospitalization
2018–2019,Other disorders,Female,Agegroup:18–24years–95%CI,,,,Hospitalization
2018–2019,Other disorders,Male,Agegroup:18–24years–95%CI,,,,Hospitalization
2018–2019,Other disorders,Total,Agegroup:18–24years–95%CI,,,,Hospitalization
2018–2019,   Trauma- and stressor-related disorders,Female,Agegroup:18–24years–95%CI,,,,Hospitalization
2018–2019,   Trauma- and stressor-related disorders,Male,Agegroup:18–24years–95%CI,,,,Hospitalization
2018–2019,   Trauma- and stressor-related disorders,Total,Agegroup:18–24years–95%CI,,,,Hospitalization
2018–2019,"   Disruptive, impulse control and conduct disorders",Female,Agegroup:18–24years–95%CI,,,,Hospitalization
2018–2019,"   Disruptive, impulse control and conduct disorders",Male,Agegroup:18–24years–95%CI,,,,Hospitalization
2018–2019,"   Disruptive, impulse control and conduct disorders",Total,Agegroup:18–24years–95%CI,,,,Hospitalization
2018–2019,   Eating and feeding disorders,Female,Agegroup:18–24years–95%CI,,,,Hospitalization
2018–2019,   Eating and feeding disorders,Male,Agegroup:18–24years–95%CI,,,,Hospitalization
2018–2019,   Eating and feeding disorders,Total,Agegroup:18–24years–95%CI,,,,Hospitalization
2018–2019,   Tic disorders,Female,Agegroup:18–24years–95%CI,,,,Hospitalization
2018–2019,   Tic disorders,Male,Agegroup:18–24years–95%CI,,,,Hospitalization
2018–2019,   Tic disorders,Total,Agegroup:18–24years–95%CI,,,,Hospitalization
2018–2019,   ADHD,Female,Agegroup:18–24years–95%CI,,,,Hospitalization
2018–2019,   ADHD,Male,Agegroup:18–24years–95%CI,,,,Hospitalization
2018–2019,   ADHD,Total,Agegroup:18–24years–95%CI,,,,Hospitalization
2019–2020,Neurocognitive disorders,Female,Agegroup:18–24years–95%CI,,,,Hospitalization
2019–2020,Neurocognitive disorders,Male,Agegroup:18–24years–95%CI,,,,Hospitalization
2019–2020,Neurocognitive disorders,Total,Agegroup:18–24years–95%CI,,,,Hospitalization
2019–2020,Substance-related disorders,Female,Agegroup:18–24years–95%CI,,,,Hospitalization
2019–2020,Substance-related disorders,Male,Agegroup:18–24years–95%CI,,,,Hospitalization
2019–2020,Substance-related disorders,Total,Agegroup:18–24years–95%CI,,,,Hospitalization
2019–2020,Schizophrenic and psychotic disorders,Female,Agegroup:18–24years–95%CI,,,,Hospitalization
2019–2020,Schizophrenic and psychotic disorders,Male,Agegroup:18–24years–95%CI,,,,Hospitalization
2019–2020,Schizophrenic and psychotic disorders,Total,Agegroup:18–24years–95%CI,,,,Hospitalization
2019–2020,Mood disorders,Female,Agegroup:18–24years–95%CI,,,,Hospitalization
2019–2020,Mood disorders,Male,Agegroup:18–24years–95%CI,,,,Hospitalization
2019–2020,Mood disorders,Total,Agegroup:18–24years–95%CI,,,,Hospitalization
2019–2020,Anxiety disorders,Female,Agegroup:18–24years–95%CI,,,,Hospitalization
2019–2020,Anxiety disorders,Male,Agegroup:18–24years–95%CI,,,,Hospitalization
2019–2020,Anxiety disorders,Total,Agegroup:18–24years–95%CI,,,,Hospitalization
2019–2020,Personality disorders,Female,Agegroup:18–24years–95%CI,,,,Hospitalization
2019–2020,Personality disorders,Male,Agegroup:18–24years–95%CI,,,,Hospitalization
2019–2020,Personality disorders,Total,Agegroup:18–24years–95%CI,,,,Hospitalization
2019–2020,Other disorders,Female,Agegroup:18–24years–95%CI,,,,Hospitalization
2019–2020,Other disorders,Male,Agegroup:18–24years–95%CI,,,,Hospitalization
2019–2020,Other disorders,Total,Agegroup:18–24years–95%CI,,,,Hospitalization
2019–2020,   Trauma- and stressor-related disorders,Female,Agegroup:18–24years–95%CI,,,,Hospitalization
2019–2020,   Trauma- and stressor-related disorders,Male,Agegroup:18–24years–95%CI,,,,Hospitalization
2019–2020,   Trauma- and stressor-related disorders,Total,Agegroup:18–24years–95%CI,,,,Hospitalization
2019–2020,"   Disruptive, impulse control and conduct disorders",Female,Agegroup:18–24years–95%CI,,,,Hospitalization
2019–2020,"   Disruptive, impulse control and conduct disorders",Male,Agegroup:18–24years–95%CI,,,,Hospitalization
2019–2020,"   Disruptive, impulse control and conduct disorders",Total,Agegroup:18–24years–95%CI,,,,Hospitalization
2019–2020,   Eating and feeding disorders,Female,Agegroup:18–24years–95%CI,,,,Hospitalization
2019–2020,   Eating and feeding disorders,Male,Agegroup:18–24years–95%CI,,,,Hospitalization
2019–2020,   Eating and feeding disorders,Total,Agegroup:18–24years–95%CI,,,,Hospitalization
2019–2020,   Tic disorders,Female,Agegroup:18–24years–95%CI,,,,Hospitalization
2019–2020,   Tic disorders,Male,Agegroup:18–24years–95%CI,,,,Hospitalization
2019–2020,   Tic disorders,Total,Agegroup:18–24years–95%CI,,,,Hospitalization
2019–2020,   ADHD,Female,Agegroup:18–24years–95%CI,,,,Hospitalization
2019–2020,   ADHD,Male,Agegroup:18–24years–95%CI,,,,Hospitalization
2019–2020,   ADHD,Total,Agegroup:18–24years–95%CI,,,,Hospitalization
2020–2021,Neurocognitive disorders,Female,Agegroup:18–24years–95%CI,,,,Hospitalization
2020–2021,Neurocognitive disorders,Male,Agegroup:18–24years–95%CI,,,,Hospitalization
2020–2021,Neurocognitive disorders,Total,Agegroup:18–24years–95%CI,,,,Hospitalization
2020–2021,Substance-related disorders,Female,Agegroup:18–24years–95%CI,,,,Hospitalization
2020–2021,Substance-related disorders,Male,Agegroup:18–24years–95%CI,,,,Hospitalization
2020–2021,Substance-related disorders,Total,Agegroup:18–24years–95%CI,,,,Hospitalization
2020–2021,Schizophrenic and psychotic disorders,Female,Agegroup:18–24years–95%CI,,,,Hospitalization
2020–2021,Schizophrenic and psychotic disorders,Male,Agegroup:18–24years–95%CI,,,,Hospitalization
2020–2021,Schizophrenic and psychotic disorders,Total,Agegroup:18–24years–95%CI,,,,Hospitalization
2020–2021,Mood disorders,Female,Agegroup:18–24years–95%CI,,,,Hospitalization
2020–2021,Mood disorders,Male,Agegroup:18–24years–95%CI,,,,Hospitalization
2020–2021,Mood disorders,Total,Agegroup:18–24years–95%CI,,,,Hospitalization
2020–2021,Anxiety disorders,Female,Agegroup:18–24years–95%CI,,,,Hospitalization
2020–2021,Anxiety disorders,Male,Agegroup:18–24years–95%CI,,,,Hospitalization
2020–2021,Anxiety disorders,Total,Agegroup:18–24years–95%CI,,,,Hospitalization
2020–2021,Personality disorders,Female,Agegroup:18–24years–95%CI,,,,Hospitalization
2020–2021,Personality disorders,Male,Agegroup:18–24years–95%CI,,,,Hospitalization
2020–2021,Personality disorders,Total,Agegroup:18–24years–95%CI,,,,Hospitalization
2020–2021,Other disorders,Female,Agegroup:18–24years–95%CI,,,,Hospitalization
2020–2021,Other disorders,Male,Agegroup:18–24years–95%CI,,,,Hospitalization
2020–2021,Other disorders,Total,Agegroup:18–24years–95%CI,,,,Hospitalization
2020–2021,   Trauma- and stressor-related disorders,Female,Agegroup:18–24years–95%CI,,,,Hospitalization
2020–2021,   Trauma- and stressor-related disorders,Male,Agegroup:18–24years–95%CI,,,,Hospitalization
2020–2021,   Trauma- and stressor-related disorders,Total,Agegroup:18–24years–95%CI,,,,Hospitalization
2020–2021,"   Disruptive, impulse control and conduct disorders",Female,Agegroup:18–24years–95%CI,,,,Hospitalization
2020–2021,"   Disruptive, impulse control and conduct disorders",Male,Agegroup:18–24years–95%CI,,,,Hospitalization
2020–2021,"   Disruptive, impulse control and conduct disorders",Total,Agegroup:18–24years–95%CI,,,,Hospitalization
2020–2021,   Eating and feeding disorders,Female,Agegroup:18–24years–95%CI,,,,Hospitalization
2020–2021,   Eating and feeding disorders,Male,Agegroup:18–24years–95%CI,,,,Hospitalization
2020–2021,   Eating and feeding disorders,Total,Agegroup:18–24years–95%CI,,,,Hospitalization
2020–2021,   Tic disorders,Female,Agegroup:18–24years–95%CI,,,,Hospitalization
2020–2021,   Tic disorders,Male,Agegroup:18–24years–95%CI,,,,Hospitalization
2020–2021,   Tic disorders,Total,Agegroup:18–24years–95%CI,,,,Hospitalization
2020–2021,   ADHD,Female,Agegroup:18–24years–95%CI,,,,Hospitalization
2020–2021,   ADHD,Male,Agegroup:18–24years–95%CI,,,,Hospitalization
2020–2021,   ADHD,Total,Agegroup:18–24years–95%CI,,,,Hospitalization
2021–2022,Neurocognitive disorders,Female,Agegroup:18–24years–95%CI,,,,Hospitalization
2021–2022,Neurocognitive disorders,Male,Agegroup:18–24years–95%CI,,,,Hospitalization
2021–2022,Neurocognitive disorders,Total,Agegroup:18–24years–95%CI,,,,Hospitalization
2021–2022,Substance-related disorders,Female,Agegroup:18–24years–95%CI,,,,Hospitalization
2021–2022,Substance-related disorders,Male,Agegroup:18–24years–95%CI,,,,Hospitalization
2021–2022,Substance-related disorders,Total,Agegroup:18–24years–95%CI,,,,Hospitalization
2021–2022,Schizophrenic and psychotic disorders,Female,Agegroup:18–24years–95%CI,,,,Hospitalization
2021–2022,Schizophrenic and psychotic disorders,Male,Agegroup:18–24years–95%CI,,,,Hospitalization
2021–2022,Schizophrenic and psychotic disorders,Total,Agegroup:18–24years–95%CI,,,,Hospitalization
2021–2022,Mood disorders,Female,Agegroup:18–24years–95%CI,,,,Hospitalization
2021–2022,Mood disorders,Male,Agegroup:18–24years–95%CI,,,,Hospitalization
2021–2022,Mood disorders,Total,Agegroup:18–24years–95%CI,,,,Hospitalization
2021–2022,Anxiety disorders,Female,Agegroup:18–24years–95%CI,,,,Hospitalization
2021–2022,Anxiety disorders,Male,Agegroup:18–24years–95%CI,,,,Hospitalization
2021–2022,Anxiety disorders,Total,Agegroup:18–24years–95%CI,,,,Hospitalization
2021–2022,Personality disorders,Female,Agegroup:18–24years–95%CI,,,,Hospitalization
2021–2022,Personality disorders,Male,Agegroup:18–24years–95%CI,,,,Hospitalization
2021–2022,Personality disorders,Total,Agegroup:18–24years–95%CI,,,,Hospitalization
2021–2022,Other disorders,Female,Agegroup:18–24years–95%CI,,,,Hospitalization
2021–2022,Other disorders,Male,Agegroup:18–24years–95%CI,,,,Hospitalization
2021–2022,Other disorders,Total,Agegroup:18–24years–95%CI,,,,Hospitalization
2021–2022,   Trauma- and stressor-related disorders,Female,Agegroup:18–24years–95%CI,,,,Hospitalization
2021–2022,   Trauma- and stressor-related disorders,Male,Agegroup:18–24years–95%CI,,,,Hospitalization
2021–2022,   Trauma- and stressor-related disorders,Total,Agegroup:18–24years–95%CI,,,,Hospitalization
2021–2022,"   Disruptive, impulse control and conduct disorders",Female,Agegroup:18–24years–95%CI,,,,Hospitalization
2021–2022,"   Disruptive, impulse control and conduct disorders",Male,Agegroup:18–24years–95%CI,,,,Hospitalization
2021–2022,"   Disruptive, impulse control and conduct disorders",Total,Agegroup:18–24years–95%CI,,,,Hospitalization
2021–2022,   Eating and feeding disorders,Female,Agegroup:18–24years–95%CI,,,,Hospitalization
2021–2022,   Eating and feeding disorders,Male,Agegroup:18–24years–95%CI,,,,Hospitalization
2021–2022,   Eating and feeding disorders,Total,Agegroup:18–24years–95%CI,,,,Hospitalization
2021–2022,   Tic disorders,Female,Agegroup:18–24years–95%CI,,,,Hospitalization
2021–2022,   Tic disorders,Male,Agegroup:18–24years–95%CI,,,,Hospitalization
2021–2022,   Tic disorders,Total,Agegroup:18–24years–95%CI,,,,Hospitalization
2021–2022,   ADHD,Female,Agegroup:18–24years–95%CI,,,,Hospitalization
2021–2022,   ADHD,Male,Agegroup:18–24years–95%CI,,,,Hospitalization
2021–2022,   ADHD,Total,Agegroup:18–24years–95%CI,,,,Hospitalization
2022–2023,Neurocognitive disorders,Female,Agegroup:18–24years–95%CI,,,,Hospitalization
2022–2023,Neurocognitive disorders,Male,Agegroup:18–24years–95%CI,,,,Hospitalization
2022–2023,Neurocognitive disorders,Total,Agegroup:18–24years–95%CI,,,,Hospitalization
2022–2023,Substance-related disorders,Female,Agegroup:18–24years–95%CI,,,,Hospitalization
2022–2023,Substance-related disorders,Male,Agegroup:18–24years–95%CI,,,,Hospitalization
2022–2023,Substance-related disorders,Total,Agegroup:18–24years–95%CI,,,,Hospitalization
2022–2023,Schizophrenic and psychotic disorders,Female,Agegroup:18–24years–95%CI,,,,Hospitalization
2022–2023,Schizophrenic and psychotic disorders,Male,Agegroup:18–24years–95%CI,,,,Hospitalization
2022–2023,Schizophrenic and psychotic disorders,Total,Agegroup:18–24years–95%CI,,,,Hospitalization
2022–2023,Mood disorders,Female,Agegroup:18–24years–95%CI,,,,Hospitalization
2022–2023,Mood disorders,Male,Agegroup:18–24years–95%CI,,,,Hospitalization
2022–2023,Mood disorders,Total,Agegroup:18–24years–95%CI,,,,Hospitalization
2022–2023,Anxiety disorders,Female,Agegroup:18–24years–95%CI,,,,Hospitalization
2022–2023,Anxiety disorders,Male,Agegroup:18–24years–95%CI,,,,Hospitalization
2022–2023,Anxiety disorders,Total,Agegroup:18–24years–95%CI,,,,Hospitalization
2022–2023,Personality disorders,Female,Agegroup:18–24years–95%CI,,,,Hospitalization
2022–2023,Personality disorders,Male,Agegroup:18–24years–95%CI,,,,Hospitalization
2022–2023,Personality disorders,Total,Agegroup:18–24years–95%CI,,,,Hospitalization
2022–2023,Other disorders,Female,Agegroup:18–24years–95%CI,,,,Hospitalization
2022–2023,Other disorders,Male,Agegroup:18–24years–95%CI,,,,Hospitalization
2022–2023,Other disorders,Total,Agegroup:18–24years–95%CI,,,,Hospitalization
2022–2023,   Trauma- and stressor-related disorders,Female,Agegroup:18–24years–95%CI,,,,Hospitalization
2022–2023,   Trauma- and stressor-related disorders,Male,Agegroup:18–24years–95%CI,,,,Hospitalization
2022–2023,   Trauma- and stressor-related disorders,Total,Agegroup:18–24years–95%CI,,,,Hospitalization
2022–2023,"   Disruptive, impulse control and conduct disorders",Female,Agegroup:18–24years–95%CI,,,,Hospitalization
2022–2023,"   Disruptive, impulse control and conduct disorders",Male,Agegroup:18–24years–95%CI,,,,Hospitalization
2022–2023,"   Disruptive, impulse control and conduct disorders",Total,Agegroup:18–24years–95%CI,,,,Hospitalization
2022–2023,   Eating and feeding disorders,Female,Agegroup:18–24years–95%CI,,,,Hospitalization
2022–2023,   Eating and feeding disorders,Male,Agegroup:18–24years–95%CI,,,,Hospitalization
2022–2023,   Eating and feeding disorders,Total,Agegroup:18–24years–95%CI,,,,Hospitalization
2022–2023,   Tic disorders,Female,Agegroup:18–24years–95%CI,,,,Hospitalization
2022–2023,   Tic disorders,Male,Agegroup:18–24years–95%CI,,,,Hospitalization
2022–2023,   Tic disorders,Total,Agegroup:18–24years–95%CI,,,,Hospitalization
2022–2023,   ADHD,Female,Agegroup:18–24years–95%CI,,,,Hospitalization
2022–2023,   ADHD,Male,Agegroup:18–24years–95%CI,,,,Hospitalization
2022–2023,   ADHD,Total,Agegroup:18–24years–95%CI,,,,Hospitalization
2023–2024,Neurocognitive disorders,Female,Agegroup:18–24years–95%CI,,,,Hospitalization
2023–2024,Neurocognitive disorders,Male,Agegroup:18–24years–95%CI,,,,Hospitalization
2023–2024,Neurocognitive disorders,Total,Agegroup:18–24years–95%CI,,,,Hospitalization
2023–2024,Substance-related disorders,Female,Agegroup:18–24years–95%CI,,,,Hospitalization
2023–2024,Substance-related disorders,Male,Agegroup:18–24years–95%CI,,,,Hospitalization
2023–2024,Substance-related disorders,Total,Agegroup:18–24years–95%CI,,,,Hospitalization
2023–2024,Schizophrenic and psychotic disorders,Female,Agegroup:18–24years–95%CI,,,,Hospitalization
2023–2024,Schizophrenic and psychotic disorders,Male,Agegroup:18–24years–95%CI,,,,Hospitalization
2023–2024,Schizophrenic and psychotic disorders,Total,Agegroup:18–24years–95%CI,,,,Hospitalization
2023–2024,Mood disorders,Female,Agegroup:18–24years–95%CI,,,,Hospitalization
2023–2024,Mood disorders,Male,Agegroup:18–24years–95%CI,,,,Hospitalization
2023–2024,Mood disorders,Total,Agegroup:18–24years–95%CI,,,,Hospitalization
2023–2024,Anxiety disorders,Female,Agegroup:18–24years–95%CI,,,,Hospitalization
2023–2024,Anxiety disorders,Male,Agegroup:18–24years–95%CI,,,,Hospitalization
2023–2024,Anxiety disorders,Total,Agegroup:18–24years–95%CI,,,,Hospitalization
2023–2024,Personality disorders,Female,Agegroup:18–24years–95%CI,,,,Hospitalization
2023–2024,Personality disorders,Male,Agegroup:18–24years–95%CI,,,,Hospitalization
2023–2024,Personality disorders,Total,Agegroup:18–24years–95%CI,,,,Hospitalization
2023–2024,Other disorders,Female,Agegroup:18–24years–95%CI,,,,Hospitalization
2023–2024,Other disorders,Male,Agegroup:18–24years–95%CI,,,,Hospitalization
2023–2024,Other disorders,Total,Agegroup:18–24years–95%CI,,,,Hospitalization
2023–2024,   Trauma- and stressor-related disorders,Female,Agegroup:18–24years–95%CI,,,,Hospitalization
2023–2024,   Trauma- and stressor-related disorders,Male,Agegroup:18–24years–95%CI,,,,Hospitalization
2023–2024,   Trauma- and stressor-related disorders,Total,Agegroup:18–24years–95%CI,,,,Hospitalization
2023–2024,"   Disruptive, impulse control and conduct disorders",Female,Agegroup:18–24years–95%CI,,,,Hospitalization
2023–2024,"   Disruptive, impulse control and conduct disorders",Male,Agegroup:18–24years–95%CI,,,,Hospitalization
2023–2024,"   Disruptive, impulse control and conduct disorders",Total,Agegroup:18–24years–95%CI,,,,Hospitalization
2023–2024,   Eating and feeding disorders,Female,Agegroup:18–24years–95%CI,,,,Hospitalization
2023–2024,   Eating and feeding disorders,Male,Agegroup:18–24years–95%CI,,,,Hospitalization
2023–2024,   Eating and feeding disorders,Total,Agegroup:18–24years–95%CI,,,,Hospitalization
2023–2024,   Tic disorders,Female,Agegroup:18–24years–95%CI,,,,Hospitalization
2023–2024,   Tic disorders,Male,Agegroup:18–24years–95%CI,,,,Hospitalization
2023–2024,   Tic disorders,Total,Agegroup:18–24years–95%CI,,,,Hospitalization
2023–2024,   ADHD,Female,Agegroup:18–24years–95%CI,,,,Hospitalization
2023–2024,   ADHD,Male,Agegroup:18–24years–95%CI,,,,Hospitalization
2023–2024,   ADHD,Total,Agegroup:18–24years–95%CI,,,,Hospitalization
2018–2019,Neurocognitive disorders,Female,Agegroup:5–24years–Rate,1.5,,,Hospitalization
2018–2019,Neurocognitive disorders,Male,Agegroup:5–24years–Rate,1.5,,,Hospitalization
2018–2019,Neurocognitive disorders,Total,Agegroup:5–24years–Rate,1.5,,,Hospitalization
2018–2019,Substance-related disorders,Female,Agegroup:5–24years–Rate,55.8,,,Hospitalization
2018–2019,Substance-related disorders,Male,Agegroup:5–24years–Rate,83.8,,,Hospitalization
2018–2019,Substance-related disorders,Total,Agegroup:5–24years–Rate,70.2,,,Hospitalization
2018–2019,Schizophrenic and psychotic disorders,Female,Agegroup:5–24years–Rate,40.5,,,Hospitalization
2018–2019,Schizophrenic and psychotic disorders,Male,Agegroup:5–24years–Rate,101.7,,,Hospitalization
2018–2019,Schizophrenic and psychotic disorders,Total,Agegroup:5–24years–Rate,72.0,,,Hospitalization
2018–2019,Mood disorders,Female,Agegroup:5–24years–Rate,200.1,,,Hospitalization
2018–2019,Mood disorders,Male,Agegroup:5–24years–Rate,108.0,,,Hospitalization
2018–2019,Mood disorders,Total,Agegroup:5–24years–Rate,152.6,,,Hospitalization
2018–2019,Anxiety disorders,Female,Agegroup:5–24years–Rate,54.1,,,Hospitalization
2018–2019,Anxiety disorders,Male,Agegroup:5–24years–Rate,25.3,,,Hospitalization
2018–2019,Anxiety disorders,Total,Agegroup:5–24years–Rate,39.2,,,Hospitalization
2018–2019,Personality disorders,Female,Agegroup:5–24years–Rate,69.3,,,Hospitalization
2018–2019,Personality disorders,Male,Agegroup:5–24years–Rate,19.3,,,Hospitalization
2018–2019,Personality disorders,Total,Agegroup:5–24years–Rate,43.5,,,Hospitalization
2018–2019,Other disorders,Female,Agegroup:5–24years–Rate,208.4,,,Hospitalization
2018–2019,Other disorders,Male,Agegroup:5–24years–Rate,124.8,,,Hospitalization
2018–2019,Other disorders,Total,Agegroup:5–24years–Rate,165.4,,,Hospitalization
2018–2019,   Trauma- and stressor-related disorders,Female,Agegroup:5–24years–Rate,123.8,,,Hospitalization
2018–2019,   Trauma- and stressor-related disorders,Male,Agegroup:5–24years–Rate,58.7,,,Hospitalization
2018–2019,   Trauma- and stressor-related disorders,Total,Agegroup:5–24years–Rate,90.3,,,Hospitalization
2018–2019,"   Disruptive, impulse control and conduct disorders",Female,Agegroup:5–24years–Rate,14.9,,,Hospitalization
2018–2019,"   Disruptive, impulse control and conduct disorders",Male,Agegroup:5–24years–Rate,18.8,,,Hospitalization
2018–2019,"   Disruptive, impulse control and conduct disorders",Total,Agegroup:5–24years–Rate,16.9,,,Hospitalization
2018–2019,   Eating and feeding disorders,Female,Agegroup:5–24years–Rate,27.1,,,Hospitalization
2018–2019,   Eating and feeding disorders,Male,Agegroup:5–24years–Rate,3.1,,,Hospitalization
2018–2019,   Eating and feeding disorders,Total,Agegroup:5–24years–Rate,14.7,,,Hospitalization
2018–2019,   Tic disorders,Female,Agegroup:5–24years–Rate,0.7,,,Hospitalization
2018–2019,   Tic disorders,Male,Agegroup:5–24years–Rate,1.1,,,Hospitalization
2018–2019,   Tic disorders,Total,Agegroup:5–24years–Rate,0.9,,,Hospitalization
2018–2019,   ADHD,Female,Agegroup:5–24years–Rate,9.6,,,Hospitalization
2018–2019,   ADHD,Male,Agegroup:5–24years–Rate,16.4,,,Hospitalization
2018–2019,   ADHD,Total,Agegroup:5–24years–Rate,13.1,,,Hospitalization
2019–2020,Neurocognitive disorders,Female,Agegroup:5–24years–Rate,0.9,,,Hospitalization
2019–2020,Neurocognitive disorders,Male,Agegroup:5–24years–Rate,1.6,,,Hospitalization
2019–2020,Neurocognitive disorders,Total,Agegroup:5–24years–Rate,1.2,,,Hospitalization
2019–2020,Substance-related disorders,Female,Agegroup:5–24years–Rate,54.0,,,Hospitalization
2019–2020,Substance-related disorders,Male,Agegroup:5–24years–Rate,82.3,,,Hospitalization
2019–2020,Substance-related disorders,Total,Agegroup:5–24years–Rate,68.6,,,Hospitalization
2019–2020,Schizophrenic and psychotic disorders,Female,Agegroup:5–24years–Rate,40.5,,,Hospitalization
2019–2020,Schizophrenic and psychotic disorders,Male,Agegroup:5–24years–Rate,96.4,,,Hospitalization
2019–2020,Schizophrenic and psychotic disorders,Total,Agegroup:5–24years–Rate,69.3,,,Hospitalization
2019–2020,Mood disorders,Female,Agegroup:5–24years–Rate,184.4,,,Hospitalization
2019–2020,Mood disorders,Male,Agegroup:5–24years–Rate,102.2,,,Hospitalization
2019–2020,Mood disorders,Total,Agegroup:5–24years–Rate,142.0,,,Hospitalization
2019–2020,Anxiety disorders,Female,Agegroup:5–24years–Rate,54.3,,,Hospitalization
2019–2020,Anxiety disorders,Male,Agegroup:5–24years–Rate,23.5,,,Hospitalization
2019–2020,Anxiety disorders,Total,Agegroup:5–24years–Rate,38.5,,,Hospitalization
2019–2020,Personality disorders,Female,Agegroup:5–24years–Rate,65.6,,,Hospitalization
2019–2020,Personality disorders,Male,Agegroup:5–24years–Rate,18.0,,,Hospitalization
2019–2020,Personality disorders,Total,Agegroup:5–24years–Rate,41.1,,,Hospitalization
2019–2020,Other disorders,Female,Agegroup:5–24years–Rate,200.6,,,Hospitalization
2019–2020,Other disorders,Male,Agegroup:5–24years–Rate,122.8,,,Hospitalization
2019–2020,Other disorders,Total,Agegroup:5–24years–Rate,160.5,,,Hospitalization
2019–2020,   Trauma- and stressor-related disorders,Female,Agegroup:5–24years–Rate,116.6,,,Hospitalization
2019–2020,   Trauma- and stressor-related disorders,Male,Agegroup:5–24years–Rate,55.8,,,Hospitalization
2019–2020,   Trauma- and stressor-related disorders,Total,Agegroup:5–24years–Rate,85.3,,,Hospitalization
2019–2020,"   Disruptive, impulse control and conduct disorders",Female,Agegroup:5–24years–Rate,13.5,,,Hospitalization
2019–2020,"   Disruptive, impulse control and conduct disorders",Male,Agegroup:5–24years–Rate,18.9,,,Hospitalization
2019–2020,"   Disruptive, impulse control and conduct disorders",Total,Agegroup:5–24years–Rate,16.3,,,Hospitalization
2019–2020,   Eating and feeding disorders,Female,Agegroup:5–24years–Rate,27.6,,,Hospitalization
2019–2020,   Eating and feeding disorders,Male,Agegroup:5–24years–Rate,2.9,,,Hospitalization
2019–2020,   Eating and feeding disorders,Total,Agegroup:5–24years–Rate,14.9,,,Hospitalization
2019–2020,   Tic disorders,Female,Agegroup:5–24years–Rate,0.5,,,Hospitalization
2019–2020,   Tic disorders,Male,Agegroup:5–24years–Rate,1.2,,,Hospitalization
2019–2020,   Tic disorders,Total,Agegroup:5–24years–Rate,0.9,,,Hospitalization
2019–2020,   ADHD,Female,Agegroup:5–24years–Rate,9.7,,,Hospitalization
2019–2020,   ADHD,Male,Agegroup:5–24years–Rate,16.5,,,Hospitalization
2019–2020,   ADHD,Total,Agegroup:5–24years–Rate,13.2,,,Hospitalization
2020–2021,Neurocognitive disorders,Female,Agegroup:5–24years–Rate,1.1,,,Hospitalization
2020–2021,Neurocognitive disorders,Male,Agegroup:5–24years–Rate,1.1,,,Hospitalization
2020–2021,Neurocognitive disorders,Total,Agegroup:5–24years–Rate,1.1,,,Hospitalization
2020–2021,Substance-related disorders,Female,Agegroup:5–24years–Rate,54.5,,,Hospitalization
2020–2021,Substance-related disorders,Male,Agegroup:5–24years–Rate,81.6,,,Hospitalization
2020–2021,Substance-related disorders,Total,Agegroup:5–24years–Rate,68.5,,,Hospitalization
2020–2021,Schizophrenic and psychotic disorders,Female,Agegroup:5–24years–Rate,43.7,,,Hospitalization
2020–2021,Schizophrenic and psychotic disorders,Male,Agegroup:5–24years–Rate,94.6,,,Hospitalization
2020–2021,Schizophrenic and psychotic disorders,Total,Agegroup:5–24years–Rate,69.9,,,Hospitalization
2020–2021,Mood disorders,Female,Agegroup:5–24years–Rate,173.9,,,Hospitalization
2020–2021,Mood disorders,Male,Agegroup:5–24years–Rate,81.7,,,Hospitalization
2020–2021,Mood disorders,Total,Agegroup:5–24years–Rate,126.4,,,Hospitalization
2020–2021,Anxiety disorders,Female,Agegroup:5–24years–Rate,51.1,,,Hospitalization
2020–2021,Anxiety disorders,Male,Agegroup:5–24years–Rate,19.6,,,Hospitalization
2020–2021,Anxiety disorders,Total,Agegroup:5–24years–Rate,34.9,,,Hospitalization
2020–2021,Personality disorders,Female,Agegroup:5–24years–Rate,64.9,,,Hospitalization
2020–2021,Personality disorders,Male,Agegroup:5–24years–Rate,16.6,,,Hospitalization
2020–2021,Personality disorders,Total,Agegroup:5–24years–Rate,40.0,,,Hospitalization
2020–2021,Other disorders,Female,Agegroup:5–24years–Rate,191.9,,,Hospitalization
2020–2021,Other disorders,Male,Agegroup:5–24years–Rate,92.9,,,Hospitalization
2020–2021,Other disorders,Total,Agegroup:5–24years–Rate,140.9,,,Hospitalization
2020–2021,   Trauma- and stressor-related disorders,Female,Agegroup:5–24years–Rate,104.1,,,Hospitalization
2020–2021,   Trauma- and stressor-related disorders,Male,Agegroup:5–24years–Rate,42.6,,,Hospitalization
2020–2021,   Trauma- and stressor-related disorders,Total,Agegroup:5–24years–Rate,72.4,,,Hospitalization
2020–2021,"   Disruptive, impulse control and conduct disorders",Female,Agegroup:5–24years–Rate,10.1,,,Hospitalization
2020–2021,"   Disruptive, impulse control and conduct disorders",Male,Agegroup:5–24years–Rate,12.8,,,Hospitalization
2020–2021,"   Disruptive, impulse control and conduct disorders",Total,Agegroup:5–24years–Rate,11.5,,,Hospitalization
2020–2021,   Eating and feeding disorders,Female,Agegroup:5–24years–Rate,38.5,,,Hospitalization
2020–2021,   Eating and feeding disorders,Male,Agegroup:5–24years–Rate,3.3,,,Hospitalization
2020–2021,   Eating and feeding disorders,Total,Agegroup:5–24years–Rate,20.4,,,Hospitalization
2020–2021,   Tic disorders,Female,Agegroup:5–24years–Rate,1.1,,,Hospitalization
2020–2021,   Tic disorders,Male,Agegroup:5–24years–Rate,1.0,,,Hospitalization
2020–2021,   Tic disorders,Total,Agegroup:5–24years–Rate,1.0,,,Hospitalization
2020–2021,   ADHD,Female,Agegroup:5–24years–Rate,9.5,,,Hospitalization
2020–2021,   ADHD,Male,Agegroup:5–24years–Rate,13.0,,,Hospitalization
2020–2021,   ADHD,Total,Agegroup:5–24years–Rate,11.3,,,Hospitalization
2021–2022,Neurocognitive disorders,Female,Agegroup:5–24years–Rate,1.0,,,Hospitalization
2021–2022,Neurocognitive disorders,Male,Agegroup:5–24years–Rate,1.5,,,Hospitalization
2021–2022,Neurocognitive disorders,Total,Agegroup:5–24years–Rate,1.3,,,Hospitalization
2021–2022,Substance-related disorders,Female,Agegroup:5–24years–Rate,53.2,,,Hospitalization
2021–2022,Substance-related disorders,Male,Agegroup:5–24years–Rate,71.6,,,Hospitalization
2021–2022,Substance-related disorders,Total,Agegroup:5–24years–Rate,62.7,,,Hospitalization
2021–2022,Schizophrenic and psychotic disorders,Female,Agegroup:5–24years–Rate,45.6,,,Hospitalization
2021–2022,Schizophrenic and psychotic disorders,Male,Agegroup:5–24years–Rate,94.1,,,Hospitalization
2021–2022,Schizophrenic and psychotic disorders,Total,Agegroup:5–24years–Rate,70.6,,,Hospitalization
2021–2022,Mood disorders,Female,Agegroup:5–24years–Rate,205.3,,,Hospitalization
2021–2022,Mood disorders,Male,Agegroup:5–24years–Rate,86.1,,,Hospitalization
2021–2022,Mood disorders,Total,Agegroup:5–24years–Rate,143.9,,,Hospitalization
2021–2022,Anxiety disorders,Female,Agegroup:5–24years–Rate,64.0,,,Hospitalization
2021–2022,Anxiety disorders,Male,Agegroup:5–24years–Rate,19.9,,,Hospitalization
2021–2022,Anxiety disorders,Total,Agegroup:5–24years–Rate,41.2,,,Hospitalization
2021–2022,Personality disorders,Female,Agegroup:5–24years–Rate,77.7,,,Hospitalization
2021–2022,Personality disorders,Male,Agegroup:5–24years–Rate,18.4,,,Hospitalization
2021–2022,Personality disorders,Total,Agegroup:5–24years–Rate,47.2,,,Hospitalization
2021–2022,Other disorders,Female,Agegroup:5–24years–Rate,232.7,,,Hospitalization
2021–2022,Other disorders,Male,Agegroup:5–24years–Rate,101.8,,,Hospitalization
2021–2022,Other disorders,Total,Agegroup:5–24years–Rate,165.2,,,Hospitalization
2021–2022,   Trauma- and stressor-related disorders,Female,Agegroup:5–24years–Rate,122.9,,,Hospitalization
2021–2022,   Trauma- and stressor-related disorders,Male,Agegroup:5–24years–Rate,45.2,,,Hospitalization
2021–2022,   Trauma- and stressor-related disorders,Total,Agegroup:5–24years–Rate,82.8,,,Hospitalization
2021–2022,"   Disruptive, impulse control and conduct disorders",Female,Agegroup:5–24years–Rate,12.6,,,Hospitalization
2021–2022,"   Disruptive, impulse control and conduct disorders",Male,Agegroup:5–24years–Rate,13.8,,,Hospitalization
2021–2022,"   Disruptive, impulse control and conduct disorders",Total,Agegroup:5–24years–Rate,13.2,,,Hospitalization
2021–2022,   Eating and feeding disorders,Female,Agegroup:5–24years–Rate,47.6,,,Hospitalization
2021–2022,   Eating and feeding disorders,Male,Agegroup:5–24years–Rate,4.2,,,Hospitalization
2021–2022,   Eating and feeding disorders,Total,Agegroup:5–24years–Rate,25.2,,,Hospitalization
2021–2022,   Tic disorders,Female,Agegroup:5–24years–Rate,1.1,,,Hospitalization
2021–2022,   Tic disorders,Male,Agegroup:5–24years–Rate,0.8,,,Hospitalization
2021–2022,   Tic disorders,Total,Agegroup:5–24years–Rate,1.0,,,Hospitalization
2021–2022,   ADHD,Female,Agegroup:5–24years–Rate,12.4,,,Hospitalization
2021–2022,   ADHD,Male,Agegroup:5–24years–Rate,14.1,,,Hospitalization
2021–2022,   ADHD,Total,Agegroup:5–24years–Rate,13.3,,,Hospitalization
2022–2023,Neurocognitive disorders,Female,Agegroup:5–24years–Rate,0.9,,,Hospitalization
2022–2023,Neurocognitive disorders,Male,Agegroup:5–24years–Rate,1.2,,,Hospitalization
2022–2023,Neurocognitive disorders,Total,Agegroup:5–24years–Rate,1.0,,,Hospitalization
2022–2023,Substance-related disorders,Female,Agegroup:5–24years–Rate,50.0,,,Hospitalization
2022–2023,Substance-related disorders,Male,Agegroup:5–24years–Rate,63.9,,,Hospitalization
2022–2023,Substance-related disorders,Total,Agegroup:5–24years–Rate,57.2,,,Hospitalization
2022–2023,Schizophrenic and psychotic disorders,Female,Agegroup:5–24years–Rate,43.0,,,Hospitalization
2022–2023,Schizophrenic and psychotic disorders,Male,Agegroup:5–24years–Rate,82.9,,,Hospitalization
2022–2023,Schizophrenic and psychotic disorders,Total,Agegroup:5–24years–Rate,63.6,,,Hospitalization
2022–2023,Mood disorders,Female,Agegroup:5–24years–Rate,162.2,,,Hospitalization
2022–2023,Mood disorders,Male,Agegroup:5–24years–Rate,79.3,,,Hospitalization
2022–2023,Mood disorders,Total,Agegroup:5–24years–Rate,119.5,,,Hospitalization
2022–2023,Anxiety disorders,Female,Agegroup:5–24years–Rate,49.6,,,Hospitalization
2022–2023,Anxiety disorders,Male,Agegroup:5–24years–Rate,17.3,,,Hospitalization
2022–2023,Anxiety disorders,Total,Agegroup:5–24years–Rate,33.0,,,Hospitalization
2022–2023,Personality disorders,Female,Agegroup:5–24years–Rate,76.3,,,Hospitalization
2022–2023,Personality disorders,Male,Agegroup:5–24years–Rate,18.1,,,Hospitalization
2022–2023,Personality disorders,Total,Agegroup:5–24years–Rate,46.3,,,Hospitalization
2022–2023,Other disorders,Female,Agegroup:5–24years–Rate,197.5,,,Hospitalization
2022–2023,Other disorders,Male,Agegroup:5–24years–Rate,95.4,,,Hospitalization
2022–2023,Other disorders,Total,Agegroup:5–24years–Rate,144.8,,,Hospitalization
2022–2023,   Trauma- and stressor-related disorders,Female,Agegroup:5–24years–Rate,104.2,,,Hospitalization
2022–2023,   Trauma- and stressor-related disorders,Male,Agegroup:5–24years–Rate,41.4,,,Hospitalization
2022–2023,   Trauma- and stressor-related disorders,Total,Agegroup:5–24years–Rate,71.8,,,Hospitalization
2022–2023,"   Disruptive, impulse control and conduct disorders",Female,Agegroup:5–24years–Rate,11.0,,,Hospitalization
2022–2023,"   Disruptive, impulse control and conduct disorders",Male,Agegroup:5–24years–Rate,11.9,,,Hospitalization
2022–2023,"   Disruptive, impulse control and conduct disorders",Total,Agegroup:5–24years–Rate,11.5,,,Hospitalization
2022–2023,   Eating and feeding disorders,Female,Agegroup:5–24years–Rate,37.7,,,Hospitalization
2022–2023,   Eating and feeding disorders,Male,Agegroup:5–24years–Rate,4.4,,,Hospitalization
2022–2023,   Eating and feeding disorders,Total,Agegroup:5–24years–Rate,20.6,,,Hospitalization
2022–2023,   Tic disorders,Female,Agegroup:5–24years–Rate,0.4,,,Hospitalization
2022–2023,   Tic disorders,Male,Agegroup:5–24years–Rate,0.8,,,Hospitalization
2022–2023,   Tic disorders,Total,Agegroup:5–24years–Rate,0.6,,,Hospitalization
2022–2023,   ADHD,Female,Agegroup:5–24years–Rate,13.2,,,Hospitalization
2022–2023,   ADHD,Male,Agegroup:5–24years–Rate,12.7,,,Hospitalization
2022–2023,   ADHD,Total,Agegroup:5–24years–Rate,12.9,,,Hospitalization
2023–2024,Neurocognitive disorders,Female,Agegroup:5–24years–Rate,0.9,,,Hospitalization
2023–2024,Neurocognitive disorders,Male,Agegroup:5–24years–Rate,1.0,,,Hospitalization
2023–2024,Neurocognitive disorders,Total,Agegroup:5–24years–Rate,1.0,,,Hospitalization
2023–2024,Substance-related disorders,Female,Agegroup:5–24years–Rate,47.1,,,Hospitalization
2023–2024,Substance-related disorders,Male,Agegroup:5–24years–Rate,59.0,,,Hospitalization
2023–2024,Substance-related disorders,Total,Agegroup:5–24years–Rate,53.3,,,Hospitalization
2023–2024,Schizophrenic and psychotic disorders,Female,Agegroup:5–24years–Rate,40.8,,,Hospitalization
2023–2024,Schizophrenic and psychotic disorders,Male,Agegroup:5–24years–Rate,75.7,,,Hospitalization
2023–2024,Schizophrenic and psychotic disorders,Total,Agegroup:5–24years–Rate,58.9,,,Hospitalization
2023–2024,Mood disorders,Female,Agegroup:5–24years–Rate,134.3,,,Hospitalization
2023–2024,Mood disorders,Male,Agegroup:5–24years–Rate,67.8,,,Hospitalization
2023–2024,Mood disorders,Total,Agegroup:5–24years–Rate,99.9,,,Hospitalization
2023–2024,Anxiety disorders,Female,Agegroup:5–24years–Rate,38.4,,,Hospitalization
2023–2024,Anxiety disorders,Male,Agegroup:5–24years–Rate,14.2,,,Hospitalization
2023–2024,Anxiety disorders,Total,Agegroup:5–24years–Rate,25.9,,,Hospitalization
2023–2024,Personality disorders,Female,Agegroup:5–24years–Rate,65.7,,,Hospitalization
2023–2024,Personality disorders,Male,Agegroup:5–24years–Rate,16.0,,,Hospitalization
2023–2024,Personality disorders,Total,Agegroup:5–24years–Rate,40.0,,,Hospitalization
2023–2024,Other disorders,Female,Agegroup:5–24years–Rate,186.0,,,Hospitalization
2023–2024,Other disorders,Male,Agegroup:5–24years–Rate,96.4,,,Hospitalization
2023–2024,Other disorders,Total,Agegroup:5–24years–Rate,139.7,,,Hospitalization
2023–2024,   Trauma- and stressor-related disorders,Female,Agegroup:5–24years–Rate,99.7,,,Hospitalization
2023–2024,   Trauma- and stressor-related disorders,Male,Agegroup:5–24years–Rate,40.9,,,Hospitalization
2023–2024,   Trauma- and stressor-related disorders,Total,Agegroup:5–24years–Rate,69.3,,,Hospitalization
2023–2024,"   Disruptive, impulse control and conduct disorders",Female,Agegroup:5–24years–Rate,11.1,,,Hospitalization
2023–2024,"   Disruptive, impulse control and conduct disorders",Male,Agegroup:5–24years–Rate,11.4,,,Hospitalization
2023–2024,"   Disruptive, impulse control and conduct disorders",Total,Agegroup:5–24years–Rate,11.3,,,Hospitalization
2023–2024,   Eating and feeding disorders,Female,Agegroup:5–24years–Rate,34.3,,,Hospitalization
2023–2024,   Eating and feeding disorders,Male,Agegroup:5–24years–Rate,4.1,,,Hospitalization
2023–2024,   Eating and feeding disorders,Total,Agegroup:5–24years–Rate,18.7,,,Hospitalization
2023–2024,   Tic disorders,Female,Agegroup:5–24years–Rate,0.6,,,Hospitalization
2023–2024,   Tic disorders,Male,Agegroup:5–24years–Rate,0.6,,,Hospitalization
2023–2024,   Tic disorders,Total,Agegroup:5–24years–Rate,0.6,,,Hospitalization
2023–2024,   ADHD,Female,Agegroup:5–24years–Rate,12.3,,,Hospitalization
2023–2024,   ADHD,Male,Agegroup:5–24years–Rate,14.4,,,Hospitalization
2023–2024,   ADHD,Total,Agegroup:5–24years–Rate,13.4,,,Hospitalization
2018–2019,Neurocognitive disorders,Female,Agegroup:5–24years–95%CI,,,,Hospitalization
2018–2019,Neurocognitive disorders,Male,Agegroup:5–24years–95%CI,,,,Hospitalization
2018–2019,Neurocognitive disorders,Total,Agegroup:5–24years–95%CI,,,,Hospitalization
2018–2019,Substance-related disorders,Female,Agegroup:5–24years–95%CI,,,,Hospitalization
2018–2019,Substance-related disorders,Male,Agegroup:5–24years–95%CI,,,,Hospitalization
2018–2019,Substance-related disorders,Total,Agegroup:5–24years–95%CI,,,,Hospitalization
2018–2019,Schizophrenic and psychotic disorders,Female,Agegroup:5–24years–95%CI,,,,Hospitalization
2018–2019,Schizophrenic and psychotic disorders,Male,Agegroup:5–24years–95%CI,,,,Hospitalization
2018–2019,Schizophrenic and psychotic disorders,Total,Agegroup:5–24years–95%CI,,,,Hospitalization
2018–2019,Mood disorders,Female,Agegroup:5–24years–95%CI,,,,Hospitalization
2018–2019,Mood disorders,Male,Agegroup:5–24years–95%CI,,,,Hospitalization
2018–2019,Mood disorders,Total,Agegroup:5–24years–95%CI,,,,Hospitalization
2018–2019,Anxiety disorders,Female,Agegroup:5–24years–95%CI,,,,Hospitalization
2018–2019,Anxiety disorders,Male,Agegroup:5–24years–95%CI,,,,Hospitalization
2018–2019,Anxiety disorders,Total,Agegroup:5–24years–95%CI,,,,Hospitalization
2018–2019,Personality disorders,Female,Agegroup:5–24years–95%CI,,,,Hospitalization
2018–2019,Personality disorders,Male,Agegroup:5–24years–95%CI,,,,Hospitalization
2018–2019,Personality disorders,Total,Agegroup:5–24years–95%CI,,,,Hospitalization
2018–2019,Other disorders,Female,Agegroup:5–24years–95%CI,,,,Hospitalization
2018–2019,Other disorders,Male,Agegroup:5–24years–95%CI,,,,Hospitalization
2018–2019,Other disorders,Total,Agegroup:5–24years–95%CI,,,,Hospitalization
2018–2019,   Trauma- and stressor-related disorders,Female,Agegroup:5–24years–95%CI,,,,Hospitalization
2018–2019,   Trauma- and stressor-related disorders,Male,Agegroup:5–24years–95%CI,,,,Hospitalization
2018–2019,   Trauma- and stressor-related disorders,Total,Agegroup:5–24years–95%CI,,,,Hospitalization
2018–2019,"   Disruptive, impulse control and conduct disorders",Female,Agegroup:5–24years–95%CI,,,,Hospitalization
2018–2019,"   Disruptive, impulse control and conduct disorders",Male,Agegroup:5–24years–95%CI,,,,Hospitalization
2018–2019,"   Disruptive, impulse control and conduct disorders",Total,Agegroup:5–24years–95%CI,,,,Hospitalization
2018–2019,   Eating and feeding disorders,Female,Agegroup:5–24years–95%CI,,,,Hospitalization
2018–2019,   Eating and feeding disorders,Male,Agegroup:5–24years–95%CI,,,,Hospitalization
2018–2019,   Eating and feeding disorders,Total,Agegroup:5–24years–95%CI,,,,Hospitalization
2018–2019,   Tic disorders,Female,Agegroup:5–24years–95%CI,,,,Hospitalization
2018–2019,   Tic disorders,Male,Agegroup:5–24years–95%CI,,,,Hospitalization
2018–2019,   Tic disorders,Total,Agegroup:5–24years–95%CI,,,,Hospitalization
2018–2019,   ADHD,Female,Agegroup:5–24years–95%CI,,,,Hospitalization
2018–2019,   ADHD,Male,Agegroup:5–24years–95%CI,,,,Hospitalization
2018–2019,   ADHD,Total,Agegroup:5–24years–95%CI,,,,Hospitalization
2019–2020,Neurocognitive disorders,Female,Agegroup:5–24years–95%CI,,,,Hospitalization
2019–2020,Neurocognitive disorders,Male,Agegroup:5–24years–95%CI,,,,Hospitalization
2019–2020,Neurocognitive disorders,Total,Agegroup:5–24years–95%CI,,,,Hospitalization
2019–2020,Substance-related disorders,Female,Agegroup:5–24years–95%CI,,,,Hospitalization
2019–2020,Substance-related disorders,Male,Agegroup:5–24years–95%CI,,,,Hospitalization
2019–2020,Substance-related disorders,Total,Agegroup:5–24years–95%CI,,,,Hospitalization
2019–2020,Schizophrenic and psychotic disorders,Female,Agegroup:5–24years–95%CI,,,,Hospitalization
2019–2020,Schizophrenic and psychotic disorders,Male,Agegroup:5–24years–95%CI,,,,Hospitalization
2019–2020,Schizophrenic and psychotic disorders,Total,Agegroup:5–24years–95%CI,,,,Hospitalization
2019–2020,Mood disorders,Female,Agegroup:5–24years–95%CI,,,,Hospitalization
2019–2020,Mood disorders,Male,Agegroup:5–24years–95%CI,,,,Hospitalization
2019–2020,Mood disorders,Total,Agegroup:5–24years–95%CI,,,,Hospitalization
2019–2020,Anxiety disorders,Female,Agegroup:5–24years–95%CI,,,,Hospitalization
2019–2020,Anxiety disorders,Male,Agegroup:5–24years–95%CI,,,,Hospitalization
2019–2020,Anxiety disorders,Total,Agegroup:5–24years–95%CI,,,,Hospitalization
2019–2020,Personality disorders,Female,Agegroup:5–24years–95%CI,,,,Hospitalization
2019–2020,Personality disorders,Male,Agegroup:5–24years–95%CI,,,,Hospitalization
2019–2020,Personality disorders,Total,Agegroup:5–24years–95%CI,,,,Hospitalization
2019–2020,Other disorders,Female,Agegroup:5–24years–95%CI,,,,Hospitalization
2019–2020,Other disorders,Male,Agegroup:5–24years–95%CI,,,,Hospitalization
2019–2020,Other disorders,Total,Agegroup:5–24years–95%CI,,,,Hospitalization
2019–2020,   Trauma- and stressor-related disorders,Female,Agegroup:5–24years–95%CI,,,,Hospitalization
2019–2020,   Trauma- and stressor-related disorders,Male,Agegroup:5–24years–95%CI,,,,Hospitalization
2019–2020,   Trauma- and stressor-related disorders,Total,Agegroup:5–24years–95%CI,,,,Hospitalization
2019–2020,"   Disruptive, impulse control and conduct disorders",Female,Agegroup:5–24years–95%CI,,,,Hospitalization
2019–2020,"   Disruptive, impulse control and conduct disorders",Male,Agegroup:5–24years–95%CI,,,,Hospitalization
2019–2020,"   Disruptive, impulse control and conduct disorders",Total,Agegroup:5–24years–95%CI,,,,Hospitalization
2019–2020,   Eating and feeding disorders,Female,Agegroup:5–24years–95%CI,,,,Hospitalization
2019–2020,   Eating and feeding disorders,Male,Agegroup:5–24years–95%CI,,,,Hospitalization
2019–2020,   Eating and feeding disorders,Total,Agegroup:5–24years–95%CI,,,,Hospitalization
2019–2020,   Tic disorders,Female,Agegroup:5–24years–95%CI,,,,Hospitalization
2019–2020,   Tic disorders,Male,Agegroup:5–24years–95%CI,,,,Hospitalization
2019–2020,   Tic disorders,Total,Agegroup:5–24years–95%CI,,,,Hospitalization
2019–2020,   ADHD,Female,Agegroup:5–24years–95%CI,,,,Hospitalization
2019–2020,   ADHD,Male,Agegroup:5–24years–95%CI,,,,Hospitalization
2019–2020,   ADHD,Total,Agegroup:5–24years–95%CI,,,,Hospitalization
2020–2021,Neurocognitive disorders,Female,Agegroup:5–24years–95%CI,,,,Hospitalization
2020–2021,Neurocognitive disorders,Male,Agegroup:5–24years–95%CI,,,,Hospitalization
2020–2021,Neurocognitive disorders,Total,Agegroup:5–24years–95%CI,,,,Hospitalization
2020–2021,Substance-related disorders,Female,Agegroup:5–24years–95%CI,,,,Hospitalization
2020–2021,Substance-related disorders,Male,Agegroup:5–24years–95%CI,,,,Hospitalization
2020–2021,Substance-related disorders,Total,Agegroup:5–24years–95%CI,,,,Hospitalization
2020–2021,Schizophrenic and psychotic disorders,Female,Agegroup:5–24years–95%CI,,,,Hospitalization
2020–2021,Schizophrenic and psychotic disorders,Male,Agegroup:5–24years–95%CI,,,,Hospitalization
2020–2021,Schizophrenic and psychotic disorders,Total,Agegroup:5–24years–95%CI,,,,Hospitalization
2020–2021,Mood disorders,Female,Agegroup:5–24years–95%CI,,,,Hospitalization
2020–2021,Mood disorders,Male,Agegroup:5–24years–95%CI,,,,Hospitalization
2020–2021,Mood disorders,Total,Agegroup:5–24years–95%CI,,,,Hospitalization
2020–2021,Anxiety disorders,Female,Agegroup:5–24years–95%CI,,,,Hospitalization
2020–2021,Anxiety disorders,Male,Agegroup:5–24years–95%CI,,,,Hospitalization
2020–2021,Anxiety disorders,Total,Agegroup:5–24years–95%CI,,,,Hospitalization
2020–2021,Personality disorders,Female,Agegroup:5–24years–95%CI,,,,Hospitalization
2020–2021,Personality disorders,Male,Agegroup:5–24years–95%CI,,,,Hospitalization
2020–2021,Personality disorders,Total,Agegroup:5–24years–95%CI,,,,Hospitalization
2020–2021,Other disorders,Female,Agegroup:5–24years–95%CI,,,,Hospitalization
2020–2021,Other disorders,Male,Agegroup:5–24years–95%CI,,,,Hospitalization
2020–2021,Other disorders,Total,Agegroup:5–24years–95%CI,,,,Hospitalization
2020–2021,   Trauma- and stressor-related disorders,Female,Agegroup:5–24years–95%CI,,,,Hospitalization
2020–2021,   Trauma- and stressor-related disorders,Male,Agegroup:5–24years–95%CI,,,,Hospitalization
2020–2021,   Trauma- and stressor-related disorders,Total,Agegroup:5–24years–95%CI,,,,Hospitalization
2020–2021,"   Disruptive, impulse control and conduct disorders",Female,Agegroup:5–24years–95%CI,,,,Hospitalization
2020–2021,"   Disruptive, impulse control and conduct disorders",Male,Agegroup:5–24years–95%CI,,,,Hospitalization
2020–2021,"   Disruptive, impulse control and conduct disorders",Total,Agegroup:5–24years–95%CI,,,,Hospitalization
2020–2021,   Eating and feeding disorders,Female,Agegroup:5–24years–95%CI,,,,Hospitalization
2020–2021,   Eating and feeding disorders,Male,Agegroup:5–24years–95%CI,,,,Hospitalization
2020–2021,   Eating and feeding disorders,Total,Agegroup:5–24years–95%CI,,,,Hospitalization
2020–2021,   Tic disorders,Female,Agegroup:5–24years–95%CI,,,,Hospitalization
2020–2021,   Tic disorders,Male,Agegroup:5–24years–95%CI,,,,Hospitalization
2020–2021,   Tic disorders,Total,Agegroup:5–24years–95%CI,,,,Hospitalization
2020–2021,   ADHD,Female,Agegroup:5–24years–95%CI,,,,Hospitalization
2020–2021,   ADHD,Male,Agegroup:5–24years–95%CI,,,,Hospitalization
2020–2021,   ADHD,Total,Agegroup:5–24years–95%CI,,,,Hospitalization
2021–2022,Neurocognitive disorders,Female,Agegroup:5–24years–95%CI,,,,Hospitalization
2021–2022,Neurocognitive disorders,Male,Agegroup:5–24years–95%CI,,,,Hospitalization
2021–2022,Neurocognitive disorders,Total,Agegroup:5–24years–95%CI,,,,Hospitalization
2021–2022,Substance-related disorders,Female,Agegroup:5–24years–95%CI,,,,Hospitalization
2021–2022,Substance-related disorders,Male,Agegroup:5–24years–95%CI,,,,Hospitalization
2021–2022,Substance-related disorders,Total,Agegroup:5–24years–95%CI,,,,Hospitalization
2021–2022,Schizophrenic and psychotic disorders,Female,Agegroup:5–24years–95%CI,,,,Hospitalization
2021–2022,Schizophrenic and psychotic disorders,Male,Agegroup:5–24years–95%CI,,,,Hospitalization
2021–2022,Schizophrenic and psychotic disorders,Total,Agegroup:5–24years–95%CI,,,,Hospitalization
2021–2022,Mood disorders,Female,Agegroup:5–24years–95%CI,,,,Hospitalization
2021–2022,Mood disorders,Male,Agegroup:5–24years–95%CI,,,,Hospitalization
2021–2022,Mood disorders,Total,Agegroup:5–24years–95%CI,,,,Hospitalization
2021–2022,Anxiety disorders,Female,Agegroup:5–24years–95%CI,,,,Hospitalization
2021–2022,Anxiety disorders,Male,Agegroup:5–24years–95%CI,,,,Hospitalization
2021–2022,Anxiety disorders,Total,Agegroup:5–24years–95%CI,,,,Hospitalization
2021–2022,Personality disorders,Female,Agegroup:5–24years–95%CI,,,,Hospitalization
2021–2022,Personality disorders,Male,Agegroup:5–24years–95%CI,,,,Hospitalization
2021–2022,Personality disorders,Total,Agegroup:5–24years–95%CI,,,,Hospitalization
2021–2022,Other disorders,Female,Agegroup:5–24years–95%CI,,,,Hospitalization
2021–2022,Other disorders,Male,Agegroup:5–24years–95%CI,,,,Hospitalization
2021–2022,Other disorders,Total,Agegroup:5–24years–95%CI,,,,Hospitalization
2021–2022,   Trauma- and stressor-related disorders,Female,Agegroup:5–24years–95%CI,,,,Hospitalization
2021–2022,   Trauma- and stressor-related disorders,Male,Agegroup:5–24years–95%CI,,,,Hospitalization
2021–2022,   Trauma- and stressor-related disorders,Total,Agegroup:5–24years–95%CI,,,,Hospitalization
2021–2022,"   Disruptive, impulse control and conduct disorders",Female,Agegroup:5–24years–95%CI,,,,Hospitalization
2021–2022,"   Disruptive, impulse control and conduct disorders",Male,Agegroup:5–24years–95%CI,,,,Hospitalization
2021–2022,"   Disruptive, impulse control and conduct disorders",Total,Agegroup:5–24years–95%CI,,,,Hospitalization
2021–2022,   Eating and feeding disorders,Female,Agegroup:5–24years–95%CI,,,,Hospitalization
2021–2022,   Eating and feeding disorders,Male,Agegroup:5–24years–95%CI,,,,Hospitalization
2021–2022,   Eating and feeding disorders,Total,Agegroup:5–24years–95%CI,,,,Hospitalization
2021–2022,   Tic disorders,Female,Agegroup:5–24years–95%CI,,,,Hospitalization
2021–2022,   Tic disorders,Male,Agegroup:5–24years–95%CI,,,,Hospitalization
2021–2022,   Tic disorders,Total,Agegroup:5–24years–95%CI,,,,Hospitalization
2021–2022,   ADHD,Female,Agegroup:5–24years–95%CI,,,,Hospitalization
2021–2022,   ADHD,Male,Agegroup:5–24years–95%CI,,,,Hospitalization
2021–2022,   ADHD,Total,Agegroup:5–24years–95%CI,,,,Hospitalization
2022–2023,Neurocognitive disorders,Female,Agegroup:5–24years–95%CI,,,,Hospitalization
2022–2023,Neurocognitive disorders,Male,Agegroup:5–24years–95%CI,,,,Hospitalization
2022–2023,Neurocognitive disorders,Total,Agegroup:5–24years–95%CI,,,,Hospitalization
2022–2023,Substance-related disorders,Female,Agegroup:5–24years–95%CI,,,,Hospitalization
2022–2023,Substance-related disorders,Male,Agegroup:5–24years–95%CI,,,,Hospitalization
2022–2023,Substance-related disorders,Total,Agegroup:5–24years–95%CI,,,,Hospitalization
2022–2023,Schizophrenic and psychotic disorders,Female,Agegroup:5–24years–95%CI,,,,Hospitalization
2022–2023,Schizophrenic and psychotic disorders,Male,Agegroup:5–24years–95%CI,,,,Hospitalization
2022–2023,Schizophrenic and psychotic disorders,Total,Agegroup:5–24years–95%CI,,,,Hospitalization
2022–2023,Mood disorders,Female,Agegroup:5–24years–95%CI,,,,Hospitalization
2022–2023,Mood disorders,Male,Agegroup:5–24years–95%CI,,,,Hospitalization
2022–2023,Mood disorders,Total,Agegroup:5–24years–95%CI,,,,Hospitalization
2022–2023,Anxiety disorders,Female,Agegroup:5–24years–95%CI,,,,Hospitalization
2022–2023,Anxiety disorders,Male,Agegroup:5–24years–95%CI,,,,Hospitalization
2022–2023,Anxiety disorders,Total,Agegroup:5–24years–95%CI,,,,Hospitalization
2022–2023,Personality disorders,Female,Agegroup:5–24years–95%CI,,,,Hospitalization
2022–2023,Personality disorders,Male,Agegroup:5–24years–95%CI,,,,Hospitalization
2022–2023,Personality disorders,Total,Agegroup:5–24years–95%CI,,,,Hospitalization
2022–2023,Other disorders,Female,Agegroup:5–24years–95%CI,,,,Hospitalization
2022–2023,Other disorders,Male,Agegroup:5–24years–95%CI,,,,Hospitalization
2022–2023,Other disorders,Total,Agegroup:5–24years–95%CI,,,,Hospitalization
2022–2023,   Trauma- and stressor-related disorders,Female,Agegroup:5–24years–95%CI,,,,Hospitalization
2022–2023,   Trauma- and stressor-related disorders,Male,Agegroup:5–24years–95%CI,,,,Hospitalization
2022–2023,   Trauma- and stressor-related disorders,Total,Agegroup:5–24years–95%CI,,,,Hospitalization
2022–2023,"   Disruptive, impulse control and conduct disorders",Female,Agegroup:5–24years–95%CI,,,,Hospitalization
2022–2023,"   Disruptive, impulse control and conduct disorders",Male,Agegroup:5–24years–95%CI,,,,Hospitalization
2022–2023,"   Disruptive, impulse control and conduct disorders",Total,Agegroup:5–24years–95%CI,,,,Hospitalization
2022–2023,   Eating and feeding disorders,Female,Agegroup:5–24years–95%CI,,,,Hospitalization
2022–2023,   Eating and feeding disorders,Male,Agegroup:5–24years–95%CI,,,,Hospitalization
2022–2023,   Eating and feeding disorders,Total,Agegroup:5–24years–95%CI,,,,Hospitalization
2022–2023,   Tic disorders,Female,Agegroup:5–24years–95%CI,,,,Hospitalization
2022–2023,   Tic disorders,Male,Agegroup:5–24years–95%CI,,,,Hospitalization
2022–2023,   Tic disorders,Total,Agegroup:5–24years–95%CI,,,,Hospitalization
2022–2023,   ADHD,Female,Agegroup:5–24years–95%CI,,,,Hospitalization
2022–2023,   ADHD,Male,Agegroup:5–24years–95%CI,,,,Hospitalization
2022–2023,   ADHD,Total,Agegroup:5–24years–95%CI,,,,Hospitalization
2023–2024,Neurocognitive disorders,Female,Agegroup:5–24years–95%CI,,,,Hospitalization
2023–2024,Neurocognitive disorders,Male,Agegroup:5–24years–95%CI,,,,Hospitalization
2023–2024,Neurocognitive disorders,Total,Agegroup:5–24years–95%CI,,,,Hospitalization
2023–2024,Substance-related disorders,Female,Agegroup:5–24years–95%CI,,,,Hospitalization
2023–2024,Substance-related disorders,Male,Agegroup:5–24years–95%CI,,,,Hospitalization
2023–2024,Substance-related disorders,Total,Agegroup:5–24years–95%CI,,,,Hospitalization
2023–2024,Schizophrenic and psychotic disorders,Female,Agegroup:5–24years–95%CI,,,,Hospitalization
2023–2024,Schizophrenic and psychotic disorders,Male,Agegroup:5–24years–95%CI,,,,Hospitalization
2023–2024,Schizophrenic and psychotic disorders,Total,Agegroup:5–24years–95%CI,,,,Hospitalization
2023–2024,Mood disorders,Female,Agegroup:5–24years–95%CI,,,,Hospitalization
2023–2024,Mood disorders,Male,Agegroup:5–24years–95%CI,,,,Hospitalization
2023–2024,Mood disorders,Total,Agegroup:5–24years–95%CI,,,,Hospitalization
2023–2024,Anxiety disorders,Female,Agegroup:5–24years–95%CI,,,,Hospitalization
2023–2024,Anxiety disorders,Male,Agegroup:5–24years–95%CI,,,,Hospitalization
2023–2024,Anxiety disorders,Total,Agegroup:5–24years–95%CI,,,,Hospitalization
2023–2024,Personality disorders,Female,Agegroup:5–24years–95%CI,,,,Hospitalization
2023–2024,Personality disorders,Male,Agegroup:5–24years–95%CI,,,,Hospitalization
2023–2024,Personality disorders,Total,Agegroup:5–24years–95%CI,,,,Hospitalization
2023–2024,Other disorders,Female,Agegroup:5–24years–95%CI,,,,Hospitalization
2023–2024,Other disorders,Male,Agegroup:5–24years–95%CI,,,,Hospitalization
2023–2024,Other disorders,Total,Agegroup:5–24years–95%CI,,,,Hospitalization
2023–2024,   Trauma- and stressor-related disorders,Female,Agegroup:5–24years–95%CI,,,,Hospitalization
2023–2024,   Trauma- and stressor-related disorders,Male,Agegroup:5–24years–95%CI,,,,Hospitalization
2023–2024,   Trauma- and stressor-related disorders,Total,Agegroup:5–24years–95%CI,,,,Hospitalization
2023–2024,"   Disruptive, impulse control and conduct disorders",Female,Agegroup:5–24years–95%CI,,,,Hospitalization
2023–2024,"   Disruptive, impulse control and conduct disorders",Male,Agegroup:5–24years–95%CI,,,,Hospitalization
2023–2024,"   Disruptive, impulse control and conduct disorders",Total,Agegroup:5–24years–95%CI,,,,Hospitalization
2023–2024,   Eating and feeding disorders,Female,Agegroup:5–24years–95%CI,,,,Hospitalization
2023–2024,   Eating and feeding disorders,Male,Agegroup:5–24years–95%CI,,,,Hospitalization
2023–2024,   Eating and feeding disorders,Total,Agegroup:5–24years–95%CI,,,,Hospitalization
2023–2024,   Tic disorders,Female,Agegroup:5–24years–95%CI,,,,Hospitalization
2023–2024,   Tic disorders,Male,Agegroup:5–24years–95%CI,,,,Hospitalization
2023–2024,   Tic disorders,Total,Agegroup:5–24years–95%CI,,,,Hospitalization
2023–2024,   ADHD,Female,Agegroup:5–24years–95%CI,,,,Hospitalization
2023–2024,   ADHD,Male,Agegroup:5–24years–95%CI,,,,Hospitalization
2023–2024,   ADHD,Total,Agegroup:5–24years–95%CI,,,,Hospitalization
