ref_date_raw,start_year,geo,sex,age_group,indicator,value,ci_low,ci_high,metric_type,quality_flag
2019/2020,2019,Newfoundland and Labrador,Both sexes,"Total, 18 years and over","Perceived mental health, very good or excellent",68.6,,,percent,
2021/2022,2021,Newfoundland and Labrador,Both sexes,"Total, 18 years and over","Perceived mental health, very good or excellent",58.3,,,percent,
2023/2024,2023,Newfoundland and Labrador,Both sexes,"Total, 18 years and over","Perceived mental health, very good or excellent",53.5,,,percent,
2019/2020,2019,Newfoundland and Labrador,Both sexes,"Total, 18 years and over","Perceived mental health, fair or poor",8.0,,,percent,
2021/2022,2021,Newfoundland and Labrador,Both sexes,"Total, 18 years and over","Perceived mental health, fair or poor",13.2,,,percent,
2023/2024,2023,Newfoundland and Labrador,Both sexes,"Total, 18 years and over","Perceived mental health, fair or poor",16.5,,,percent,
2019/2020,2019,Newfoundland and Labrador,Both sexes,"Total, 18 years and over","Perceived life stress, most days quite a bit or extremely stressful",13.7,,,percent,
2021/2022,2021,Newfoundland and Labrador,Both sexes,"Total, 18 years and over","Perceived life stress, most days quite a bit or extremely stressful",17.0,,,percent,
2023/2024,2023,Newfoundland and Labrador,Both sexes,"Total, 18 years and over","Perceived life stress, most days quite a bit or extremely stressful",17.2,,,percent,
2019/2020,2019,Newfoundland and Labrador,Both sexes,"Total, 18 years and over",Mood disorder,10.1,,,percent,
2021/2022,2021,Newfoundland and Labrador,Both sexes,"Total, 18 years and over",Mood disorder,12.7,,,percent,
2023/2024,2023,Newfoundland and Labrador,Both sexes,"Total, 18 years and over",Mood disorder,15.2,,,percent,
2019/2020,2019,Newfoundland and Labrador,Both sexes,"Total, 18 years and over",Anxiety disorder,11.8,,,percent,
2021/2022,2021,Newfoundland and Labrador,Both sexes,"Total, 18 years and over",Anxiety disorder,16.4,,,percent,
2023/2024,2023,Newfoundland and Labrador,Both sexes,"Total, 18 years and over",Anxiety disorder,,,,percent,..
2019/2020,2019,Newfoundland and Labrador,Both sexes,"Total, 18 years and over","Cannabis use, past 12 months",23.2,,,percent,
2021/2022,2021,Newfoundland and Labrador,Both sexes,"Total, 18 years and over","Cannabis use, past 12 months",24.7,,,percent,
2023/2024,2023,Newfoundland and Labrador,Both sexes,"Total, 18 years and over","Cannabis use, past 12 months",23.8,,,percent,
2019/2020,2019,Newfoundland and Labrador,Both sexes,"Total, 18 years and over",Heavy drinking,23.6,,,percent,
2021/2022,2021,Newfoundland and Labrador,Both sexes,"Total, 18 years and over",Heavy drinking,25.1,,,percent,
2023/2024,2023,Newfoundland and Labrador,Both sexes,"Total, 18 years and over",Heavy drinking,22.9,,,percent,
2019/2020,2019,Newfoundland and Labrador,Both sexes,"Total, 18 years and over","Sense of belonging to local community, somewhat strong or very strong",79.3,,,percent,
2021/2022,2021,Newfoundland and Labrador,Both sexes,"Total, 18 years and over","Sense of belonging to local community, somewhat strong or very strong",76.6,,,percent,
2023/2024,2023,Newfoundland and Labrador,Both sexes,"Total, 18 years and over","Sense of belonging to local community, somewhat strong or very strong",72.7,,,percent,
2019/2020,2019,Newfoundland and Labrador,Males,"Total, 18 years and over","Perceived mental health, very good or excellent",70.2,,,percent,
2021/2022,2021,Newfoundland and Labrador,Males,"Total, 18 years and over","Perceived mental health, very good or excellent",59.6,,,percent,
2023/2024,2023,Newfoundland and Labrador,Males,"Total, 18 years and over","Perceived mental health, very good or excellent",55.8,,,percent,
2019/2020,2019,Newfoundland and Labrador,Males,"Total, 18 years and over","Perceived mental health, fair or poor",8.0,,,percent,
2021/2022,2021,Newfoundland and Labrador,Males,"Total, 18 years and over","Perceived mental health, fair or poor",12.3,,,percent,
2023/2024,2023,Newfoundland and Labrador,Males,"Total, 18 years and over","Perceived mental health, fair or poor",14.8,,,percent,
2019/2020,2019,Newfoundland and Labrador,Males,"Total, 18 years and over","Perceived life stress, most days quite a bit or extremely stressful",14.3,,,percent,
2021/2022,2021,Newfoundland and Labrador,Males,"Total, 18 years and over","Perceived life stress, most days quite a bit or extremely stressful",15.8,,,percent,
2023/2024,2023,Newfoundland and Labrador,Males,"Total, 18 years and over","Perceived life stress, most days quite a bit or extremely stressful",15.7,,,percent,
2019/2020,2019,Newfoundland and Labrador,Males,"Total, 18 years and over",Mood disorder,8.7,,,percent,
2021/2022,2021,Newfoundland and Labrador,Males,"Total, 18 years and over",Mood disorder,10.1,,,percent,
2023/2024,2023,Newfoundland and Labrador,Males,"Total, 18 years and over",Mood disorder,12.8,,,percent,
2019/2020,2019,Newfoundland and Labrador,Males,"Total, 18 years and over",Anxiety disorder,9.9,,,percent,
2021/2022,2021,Newfoundland and Labrador,Males,"Total, 18 years and over",Anxiety disorder,13.3,,,percent,
2023/2024,2023,Newfoundland and Labrador,Males,"Total, 18 years and over",Anxiety disorder,,,,percent,..
2019/2020,2019,Newfoundland and Labrador,Males,"Total, 18 years and over","Cannabis use, past 12 months",27.5,,,percent,
2021/2022,2021,Newfoundland and Labrador,Males,"Total, 18 years and over","Cannabis use, past 12 months",27.3,,,percent,
2023/2024,2023,Newfoundland and Labrador,Males,"Total, 18 years and over","Cannabis use, past 12 months",26.5,,,percent,
2019/2020,2019,Newfoundland and Labrador,Males,"Total, 18 years and over",Heavy drinking,30.3,,,percent,
2021/2022,2021,Newfoundland and Labrador,Males,"Total, 18 years and over",Heavy drinking,32.5,,,percent,
2023/2024,2023,Newfoundland and Labrador,Males,"Total, 18 years and over",Heavy drinking,29.7,,,percent,
2019/2020,2019,Newfoundland and Labrador,Males,"Total, 18 years and over","Sense of belonging to local community, somewhat strong or very strong",78.0,,,percent,
2021/2022,2021,Newfoundland and Labrador,Males,"Total, 18 years and over","Sense of belonging to local community, somewhat strong or very strong",77.2,,,percent,
2023/2024,2023,Newfoundland and Labrador,Males,"Total, 18 years and over","Sense of belonging to local community, somewhat strong or very strong",74.0,,,percent,
2019/2020,2019,Newfoundland and Labrador,Females,"Total, 18 years and over","Perceived mental health, very good or excellent",67.1,,,percent,
2021/2022,2021,Newfoundland and Labrador,Females,"Total, 18 years and over","Perceived mental health, very good or excellent",57.0,,,percent,
2023/2024,2023,Newfoundland and Labrador,Females,"Total, 18 years and over","Perceived mental health, very good or excellent",51.3,,,percent,
2019/2020,2019,Newfoundland and Labrador,Females,"Total, 18 years and over","Perceived mental health, fair or poor",8.0,,,percent,
2021/2022,2021,Newfoundland and Labrador,Females,"Total, 18 years and over","Perceived mental health, fair or poor",14.0,,,percent,
2023/2024,2023,Newfoundland and Labrador,Females,"Total, 18 years and over","Perceived mental health, fair or poor",18.1,,,percent,
2019/2020,2019,Newfoundland and Labrador,Females,"Total, 18 years and over","Perceived life stress, most days quite a bit or extremely stressful",13.1,,,percent,
2021/2022,2021,Newfoundland and Labrador,Females,"Total, 18 years and over","Perceived life stress, most days quite a bit or extremely stressful",18.2,,,percent,
2023/2024,2023,Newfoundland and Labrador,Females,"Total, 18 years and over","Perceived life stress, most days quite a bit or extremely stressful",18.7,,,percent,
2019/2020,2019,Newfoundland and Labrador,Females,"Total, 18 years and over",Mood disorder,11.5,,,percent,
2021/2022,2021,Newfoundland and Labrador,Females,"Total, 18 years and over",Mood disorder,15.1,,,percent,
2023/2024,2023,Newfoundland and Labrador,Females,"Total, 18 years and over",Mood disorder,17.5,,,percent,
2019/2020,2019,Newfoundland and Labrador,Females,"Total, 18 years and over",Anxiety disorder,13.6,,,percent,
2021/2022,2021,Newfoundland and Labrador,Females,"Total, 18 years and over",Anxiety disorder,19.3,,,percent,
2023/2024,2023,Newfoundland and Labrador,Females,"Total, 18 years and over",Anxiety disorder,,,,percent,..
2019/2020,2019,Newfoundland and Labrador,Females,"Total, 18 years and over","Cannabis use, past 12 months",19.3,,,percent,
2021/2022,2021,Newfoundland and Labrador,Females,"Total, 18 years and over","Cannabis use, past 12 months",22.3,,,percent,
2023/2024,2023,Newfoundland and Labrador,Females,"Total, 18 years and over","Cannabis use, past 12 months",21.3,,,percent,
2019/2020,2019,Newfoundland and Labrador,Females,"Total, 18 years and over",Heavy drinking,17.2,,,percent,
2021/2022,2021,Newfoundland and Labrador,Females,"Total, 18 years and over",Heavy drinking,18.1,,,percent,
2023/2024,2023,Newfoundland and Labrador,Females,"Total, 18 years and over",Heavy drinking,16.5,,,percent,
2019/2020,2019,Newfoundland and Labrador,Females,"Total, 18 years and over","Sense of belonging to local community, somewhat strong or very strong",80.6,,,percent,
2021/2022,2021,Newfoundland and Labrador,Females,"Total, 18 years and over","Sense of belonging to local community, somewhat strong or very strong",76.2,,,percent,
2023/2024,2023,Newfoundland and Labrador,Females,"Total, 18 years and over","Sense of belonging to local community, somewhat strong or very strong",71.6,,,percent,
2019/2020,2019,Prince Edward Island,Both sexes,"Total, 18 years and over","Perceived mental health, very good or excellent",63.3,,,percent,
2021/2022,2021,Prince Edward Island,Both sexes,"Total, 18 years and over","Perceived mental health, very good or excellent",55.8,,,percent,
2023/2024,2023,Prince Edward Island,Both sexes,"Total, 18 years and over","Perceived mental health, very good or excellent",49.7,,,percent,
2019/2020,2019,Prince Edward Island,Both sexes,"Total, 18 years and over","Perceived mental health, fair or poor",10.4,,,percent,
2021/2022,2021,Prince Edward Island,Both sexes,"Total, 18 years and over","Perceived mental health, fair or poor",14.6,,,percent,
2023/2024,2023,Prince Edward Island,Both sexes,"Total, 18 years and over","Perceived mental health, fair or poor",17.2,,,percent,
2019/2020,2019,Prince Edward Island,Both sexes,"Total, 18 years and over","Perceived life stress, most days quite a bit or extremely stressful",19.2,,,percent,
2021/2022,2021,Prince Edward Island,Both sexes,"Total, 18 years and over","Perceived life stress, most days quite a bit or extremely stressful",19.6,,,percent,
2023/2024,2023,Prince Edward Island,Both sexes,"Total, 18 years and over","Perceived life stress, most days quite a bit or extremely stressful",19.0,,,percent,
2019/2020,2019,Prince Edward Island,Both sexes,"Total, 18 years and over",Mood disorder,12.2,,,percent,
2021/2022,2021,Prince Edward Island,Both sexes,"Total, 18 years and over",Mood disorder,10.7,,,percent,
2023/2024,2023,Prince Edward Island,Both sexes,"Total, 18 years and over",Mood disorder,13.7,,,percent,
2019/2020,2019,Prince Edward Island,Both sexes,"Total, 18 years and over",Anxiety disorder,12.4,,,percent,
2021/2022,2021,Prince Edward Island,Both sexes,"Total, 18 years and over",Anxiety disorder,12.9,,,percent,
2023/2024,2023,Prince Edward Island,Both sexes,"Total, 18 years and over",Anxiety disorder,,,,percent,..
2019/2020,2019,Prince Edward Island,Both sexes,"Total, 18 years and over","Cannabis use, past 12 months",26.0,,,percent,
2021/2022,2021,Prince Edward Island,Both sexes,"Total, 18 years and over","Cannabis use, past 12 months",31.0,,,percent,
2023/2024,2023,Prince Edward Island,Both sexes,"Total, 18 years and over","Cannabis use, past 12 months",24.1,,,percent,
2019/2020,2019,Prince Edward Island,Both sexes,"Total, 18 years and over",Heavy drinking,21.3,,,percent,
2021/2022,2021,Prince Edward Island,Both sexes,"Total, 18 years and over",Heavy drinking,22.7,,,percent,
2023/2024,2023,Prince Edward Island,Both sexes,"Total, 18 years and over",Heavy drinking,22.5,,,percent,
2019/2020,2019,Prince Edward Island,Both sexes,"Total, 18 years and over","Sense of belonging to local community, somewhat strong or very strong",75.4,,,percent,
2021/2022,2021,Prince Edward Island,Both sexes,"Total, 18 years and over","Sense of belonging to local community, somewhat strong or very strong",72.7,,,percent,
2023/2024,2023,Prince Edward Island,Both sexes,"Total, 18 years and over","Sense of belonging to local community, somewhat strong or very strong",67.4,,,percent,
2019/2020,2019,Prince Edward Island,Males,"Total, 18 years and over","Perceived mental health, very good or excellent",68.0,,,percent,
2021/2022,2021,Prince Edward Island,Males,"Total, 18 years and over","Perceived mental health, very good or excellent",56.2,,,percent,
2023/2024,2023,Prince Edward Island,Males,"Total, 18 years and over","Perceived mental health, very good or excellent",53.7,,,percent,
2019/2020,2019,Prince Edward Island,Males,"Total, 18 years and over","Perceived mental health, fair or poor",9.3,,,percent,
2021/2022,2021,Prince Edward Island,Males,"Total, 18 years and over","Perceived mental health, fair or poor",11.8,,,percent,
2023/2024,2023,Prince Edward Island,Males,"Total, 18 years and over","Perceived mental health, fair or poor",16.9,,,percent,
2019/2020,2019,Prince Edward Island,Males,"Total, 18 years and over","Perceived life stress, most days quite a bit or extremely stressful",17.2,,,percent,
2021/2022,2021,Prince Edward Island,Males,"Total, 18 years and over","Perceived life stress, most days quite a bit or extremely stressful",18.1,,,percent,
2023/2024,2023,Prince Edward Island,Males,"Total, 18 years and over","Perceived life stress, most days quite a bit or extremely stressful",15.9,,,percent,
2019/2020,2019,Prince Edward Island,Males,"Total, 18 years and over",Mood disorder,6.8,,,percent,
2021/2022,2021,Prince Edward Island,Males,"Total, 18 years and over",Mood disorder,7.5,,,percent,
2023/2024,2023,Prince Edward Island,Males,"Total, 18 years and over",Mood disorder,10.7,,,percent,
2019/2020,2019,Prince Edward Island,Males,"Total, 18 years and over",Anxiety disorder,10.3,,,percent,
2021/2022,2021,Prince Edward Island,Males,"Total, 18 years and over",Anxiety disorder,9.4,,,percent,
2023/2024,2023,Prince Edward Island,Males,"Total, 18 years and over",Anxiety disorder,,,,percent,..
2019/2020,2019,Prince Edward Island,Males,"Total, 18 years and over","Cannabis use, past 12 months",32.0,,,percent,
2021/2022,2021,Prince Edward Island,Males,"Total, 18 years and over","Cannabis use, past 12 months",38.9,,,percent,
2023/2024,2023,Prince Edward Island,Males,"Total, 18 years and over","Cannabis use, past 12 months",30.9,,,percent,
2019/2020,2019,Prince Edward Island,Males,"Total, 18 years and over",Heavy drinking,29.9,,,percent,
2021/2022,2021,Prince Edward Island,Males,"Total, 18 years and over",Heavy drinking,27.1,,,percent,
2023/2024,2023,Prince Edward Island,Males,"Total, 18 years and over",Heavy drinking,25.6,,,percent,
2019/2020,2019,Prince Edward Island,Males,"Total, 18 years and over","Sense of belonging to local community, somewhat strong or very strong",79.2,,,percent,
2021/2022,2021,Prince Edward Island,Males,"Total, 18 years and over","Sense of belonging to local community, somewhat strong or very strong",75.9,,,percent,
2023/2024,2023,Prince Edward Island,Males,"Total, 18 years and over","Sense of belonging to local community, somewhat strong or very strong",69.0,,,percent,
2019/2020,2019,Prince Edward Island,Females,"Total, 18 years and over","Perceived mental health, very good or excellent",58.8,,,percent,
2021/2022,2021,Prince Edward Island,Females,"Total, 18 years and over","Perceived mental health, very good or excellent",55.5,,,percent,
2023/2024,2023,Prince Edward Island,Females,"Total, 18 years and over","Perceived mental health, very good or excellent",46.0,,,percent,
2019/2020,2019,Prince Edward Island,Females,"Total, 18 years and over","Perceived mental health, fair or poor",11.4,,,percent,
2021/2022,2021,Prince Edward Island,Females,"Total, 18 years and over","Perceived mental health, fair or poor",17.3,,,percent,
2023/2024,2023,Prince Edward Island,Females,"Total, 18 years and over","Perceived mental health, fair or poor",17.4,,,percent,
2019/2020,2019,Prince Edward Island,Females,"Total, 18 years and over","Perceived life stress, most days quite a bit or extremely stressful",21.0,,,percent,
2021/2022,2021,Prince Edward Island,Females,"Total, 18 years and over","Perceived life stress, most days quite a bit or extremely stressful",21.1,,,percent,
2023/2024,2023,Prince Edward Island,Females,"Total, 18 years and over","Perceived life stress, most days quite a bit or extremely stressful",22.1,,,percent,
2019/2020,2019,Prince Edward Island,Females,"Total, 18 years and over",Mood disorder,17.3,,,percent,
2021/2022,2021,Prince Edward Island,Females,"Total, 18 years and over",Mood disorder,13.8,,,percent,
2023/2024,2023,Prince Edward Island,Females,"Total, 18 years and over",Mood disorder,16.6,,,percent,
2019/2020,2019,Prince Edward Island,Females,"Total, 18 years and over",Anxiety disorder,14.3,,,percent,
2021/2022,2021,Prince Edward Island,Females,"Total, 18 years and over",Anxiety disorder,16.2,,,percent,
2023/2024,2023,Prince Edward Island,Females,"Total, 18 years and over",Anxiety disorder,,,,percent,..
2019/2020,2019,Prince Edward Island,Females,"Total, 18 years and over","Cannabis use, past 12 months",20.3,,,percent,
2021/2022,2021,Prince Edward Island,Females,"Total, 18 years and over","Cannabis use, past 12 months",23.5,,,percent,
2023/2024,2023,Prince Edward Island,Females,"Total, 18 years and over","Cannabis use, past 12 months",17.6,,,percent,
2019/2020,2019,Prince Edward Island,Females,"Total, 18 years and over",Heavy drinking,13.0,,,percent,
2021/2022,2021,Prince Edward Island,Females,"Total, 18 years and over",Heavy drinking,18.5,,,percent,
2023/2024,2023,Prince Edward Island,Females,"Total, 18 years and over",Heavy drinking,19.4,,,percent,
2019/2020,2019,Prince Edward Island,Females,"Total, 18 years and over","Sense of belonging to local community, somewhat strong or very strong",71.7,,,percent,
2021/2022,2021,Prince Edward Island,Females,"Total, 18 years and over","Sense of belonging to local community, somewhat strong or very strong",69.7,,,percent,
2023/2024,2023,Prince Edward Island,Females,"Total, 18 years and over","Sense of belonging to local community, somewhat strong or very strong",65.9,,,percent,
2019/2020,2019,Nova Scotia,Both sexes,"Total, 18 years and over","Perceived mental health, very good or excellent",64.5,,,percent,
2021/2022,2021,Nova Scotia,Both sexes,"Total, 18 years and over","Perceived mental health, very good or excellent",54.5,,,percent,
2023/2024,2023,Nova Scotia,Both sexes,"Total, 18 years and over","Perceived mental health, very good or excellent",47.8,,,percent,
2019/2020,2019,Nova Scotia,Both sexes,"Total, 18 years and over","Perceived mental health, fair or poor",12.9,,,percent,
2021/2022,2021,Nova Scotia,Both sexes,"Total, 18 years and over","Perceived mental health, fair or poor",14.7,,,percent,
2023/2024,2023,Nova Scotia,Both sexes,"Total, 18 years and over","Perceived mental health, fair or poor",19.7,,,percent,
2019/2020,2019,Nova Scotia,Both sexes,"Total, 18 years and over","Perceived life stress, most days quite a bit or extremely stressful",19.0,,,percent,
2021/2022,2021,Nova Scotia,Both sexes,"Total, 18 years and over","Perceived life stress, most days quite a bit or extremely stressful",20.6,,,percent,
2023/2024,2023,Nova Scotia,Both sexes,"Total, 18 years and over","Perceived life stress, most days quite a bit or extremely stressful",23.2,,,percent,
2019/2020,2019,Nova Scotia,Both sexes,"Total, 18 years and over",Mood disorder,15.2,,,percent,
2021/2022,2021,Nova Scotia,Both sexes,"Total, 18 years and over",Mood disorder,13.5,,,percent,
2023/2024,2023,Nova Scotia,Both sexes,"Total, 18 years and over",Mood disorder,17.6,,,percent,
2019/2020,2019,Nova Scotia,Both sexes,"Total, 18 years and over",Anxiety disorder,15.3,,,percent,
2021/2022,2021,Nova Scotia,Both sexes,"Total, 18 years and over",Anxiety disorder,16.2,,,percent,
2023/2024,2023,Nova Scotia,Both sexes,"Total, 18 years and over",Anxiety disorder,21.7,,,percent,
2019/2020,2019,Nova Scotia,Both sexes,"Total, 18 years and over","Cannabis use, past 12 months",30.0,,,percent,
2021/2022,2021,Nova Scotia,Both sexes,"Total, 18 years and over","Cannabis use, past 12 months",31.4,,,percent,
2023/2024,2023,Nova Scotia,Both sexes,"Total, 18 years and over","Cannabis use, past 12 months",31.2,,,percent,
2019/2020,2019,Nova Scotia,Both sexes,"Total, 18 years and over",Heavy drinking,21.6,,,percent,
2021/2022,2021,Nova Scotia,Both sexes,"Total, 18 years and over",Heavy drinking,21.8,,,percent,
2023/2024,2023,Nova Scotia,Both sexes,"Total, 18 years and over",Heavy drinking,22.2,,,percent,
2019/2020,2019,Nova Scotia,Both sexes,"Total, 18 years and over","Sense of belonging to local community, somewhat strong or very strong",75.7,,,percent,
2021/2022,2021,Nova Scotia,Both sexes,"Total, 18 years and over","Sense of belonging to local community, somewhat strong or very strong",71.6,,,percent,
2023/2024,2023,Nova Scotia,Both sexes,"Total, 18 years and over","Sense of belonging to local community, somewhat strong or very strong",62.8,,,percent,
2019/2020,2019,Nova Scotia,Males,"Total, 18 years and over","Perceived mental health, very good or excellent",69.4,,,percent,
2021/2022,2021,Nova Scotia,Males,"Total, 18 years and over","Perceived mental health, very good or excellent",58.1,,,percent,
2023/2024,2023,Nova Scotia,Males,"Total, 18 years and over","Perceived mental health, very good or excellent",50.0,,,percent,
2019/2020,2019,Nova Scotia,Males,"Total, 18 years and over","Perceived mental health, fair or poor",11.0,,,percent,
2021/2022,2021,Nova Scotia,Males,"Total, 18 years and over","Perceived mental health, fair or poor",12.9,,,percent,
2023/2024,2023,Nova Scotia,Males,"Total, 18 years and over","Perceived mental health, fair or poor",18.4,,,percent,
2019/2020,2019,Nova Scotia,Males,"Total, 18 years and over","Perceived life stress, most days quite a bit or extremely stressful",16.8,,,percent,
2021/2022,2021,Nova Scotia,Males,"Total, 18 years and over","Perceived life stress, most days quite a bit or extremely stressful",18.1,,,percent,
2023/2024,2023,Nova Scotia,Males,"Total, 18 years and over","Perceived life stress, most days quite a bit or extremely stressful",20.3,,,percent,
2019/2020,2019,Nova Scotia,Males,"Total, 18 years and over",Mood disorder,10.5,,,percent,
2021/2022,2021,Nova Scotia,Males,"Total, 18 years and over",Mood disorder,9.6,,,percent,
2023/2024,2023,Nova Scotia,Males,"Total, 18 years and over",Mood disorder,14.6,,,percent,
2019/2020,2019,Nova Scotia,Males,"Total, 18 years and over",Anxiety disorder,10.9,,,percent,
2021/2022,2021,Nova Scotia,Males,"Total, 18 years and over",Anxiety disorder,11.7,,,percent,
2023/2024,2023,Nova Scotia,Males,"Total, 18 years and over",Anxiety disorder,17.1,,,percent,
2019/2020,2019,Nova Scotia,Males,"Total, 18 years and over","Cannabis use, past 12 months",34.4,,,percent,
2021/2022,2021,Nova Scotia,Males,"Total, 18 years and over","Cannabis use, past 12 months",36.1,,,percent,
2023/2024,2023,Nova Scotia,Males,"Total, 18 years and over","Cannabis use, past 12 months",36.0,,,percent,
2019/2020,2019,Nova Scotia,Males,"Total, 18 years and over",Heavy drinking,25.2,,,percent,
2021/2022,2021,Nova Scotia,Males,"Total, 18 years and over",Heavy drinking,27.5,,,percent,
2023/2024,2023,Nova Scotia,Males,"Total, 18 years and over",Heavy drinking,27.4,,,percent,
2019/2020,2019,Nova Scotia,Males,"Total, 18 years and over","Sense of belonging to local community, somewhat strong or very strong",76.0,,,percent,
2021/2022,2021,Nova Scotia,Males,"Total, 18 years and over","Sense of belonging to local community, somewhat strong or very strong",72.2,,,percent,
2023/2024,2023,Nova Scotia,Males,"Total, 18 years and over","Sense of belonging to local community, somewhat strong or very strong",62.2,,,percent,
2019/2020,2019,Nova Scotia,Females,"Total, 18 years and over","Perceived mental health, very good or excellent",60.1,,,percent,
2021/2022,2021,Nova Scotia,Females,"Total, 18 years and over","Perceived mental health, very good or excellent",51.1,,,percent,
2023/2024,2023,Nova Scotia,Females,"Total, 18 years and over","Perceived mental health, very good or excellent",45.8,,,percent,
2019/2020,2019,Nova Scotia,Females,"Total, 18 years and over","Perceived mental health, fair or poor",14.6,,,percent,
2021/2022,2021,Nova Scotia,Females,"Total, 18 years and over","Perceived mental health, fair or poor",16.3,,,percent,
2023/2024,2023,Nova Scotia,Females,"Total, 18 years and over","Perceived mental health, fair or poor",20.9,,,percent,
2019/2020,2019,Nova Scotia,Females,"Total, 18 years and over","Perceived life stress, most days quite a bit or extremely stressful",21.0,,,percent,
2021/2022,2021,Nova Scotia,Females,"Total, 18 years and over","Perceived life stress, most days quite a bit or extremely stressful",22.9,,,percent,
2023/2024,2023,Nova Scotia,Females,"Total, 18 years and over","Perceived life stress, most days quite a bit or extremely stressful",25.9,,,percent,
2019/2020,2019,Nova Scotia,Females,"Total, 18 years and over",Mood disorder,19.6,,,percent,
2021/2022,2021,Nova Scotia,Females,"Total, 18 years and over",Mood disorder,17.1,,,percent,
2023/2024,2023,Nova Scotia,Females,"Total, 18 years and over",Mood disorder,20.4,,,percent,
2019/2020,2019,Nova Scotia,Females,"Total, 18 years and over",Anxiety disorder,19.5,,,percent,
2021/2022,2021,Nova Scotia,Females,"Total, 18 years and over",Anxiety disorder,20.4,,,percent,
2023/2024,2023,Nova Scotia,Females,"Total, 18 years and over",Anxiety disorder,26.0,,,percent,
2019/2020,2019,Nova Scotia,Females,"Total, 18 years and over","Cannabis use, past 12 months",26.0,,,percent,
2021/2022,2021,Nova Scotia,Females,"Total, 18 years and over","Cannabis use, past 12 months",27.2,,,percent,
2023/2024,2023,Nova Scotia,Females,"Total, 18 years and over","Cannabis use, past 12 months",26.7,,,percent,
2019/2020,2019,Nova Scotia,Females,"Total, 18 years and over",Heavy drinking,18.3,,,percent,
2021/2022,2021,Nova Scotia,Females,"Total, 18 years and over",Heavy drinking,16.5,,,percent,
2023/2024,2023,Nova Scotia,Females,"Total, 18 years and over",Heavy drinking,17.3,,,percent,
2019/2020,2019,Nova Scotia,Females,"Total, 18 years and over","Sense of belonging to local community, somewhat strong or very strong",75.4,,,percent,
2021/2022,2021,Nova Scotia,Females,"Total, 18 years and over","Sense of belonging to local community, somewhat strong or very strong",71.2,,,percent,
2023/2024,2023,Nova Scotia,Females,"Total, 18 years and over","Sense of belonging to local community, somewhat strong or very strong",63.3,,,percent,
2019/2020,2019,New Brunswick,Both sexes,"Total, 18 years and over","Perceived mental health, very good or excellent",61.1,,,percent,
2021/2022,2021,New Brunswick,Both sexes,"Total, 18 years and over","Perceived mental health, very good or excellent",53.9,,,percent,
2023/2024,2023,New Brunswick,Both sexes,"Total, 18 years and over","Perceived mental health, very good or excellent",49.2,,,percent,
2019/2020,2019,New Brunswick,Both sexes,"Total, 18 years and over","Perceived mental health, fair or poor",10.8,,,percent,
2021/2022,2021,New Brunswick,Both sexes,"Total, 18 years and over","Perceived mental health, fair or poor",14.8,,,percent,
2023/2024,2023,New Brunswick,Both sexes,"Total, 18 years and over","Perceived mental health, fair or poor",17.4,,,percent,
2019/2020,2019,New Brunswick,Both sexes,"Total, 18 years and over","Perceived life stress, most days quite a bit or extremely stressful",19.1,,,percent,
2021/2022,2021,New Brunswick,Both sexes,"Total, 18 years and over","Perceived life stress, most days quite a bit or extremely stressful",20.4,,,percent,
2023/2024,2023,New Brunswick,Both sexes,"Total, 18 years and over","Perceived life stress, most days quite a bit or extremely stressful",23.0,,,percent,
2019/2020,2019,New Brunswick,Both sexes,"Total, 18 years and over",Mood disorder,12.0,,,percent,
2021/2022,2021,New Brunswick,Both sexes,"Total, 18 years and over",Mood disorder,13.1,,,percent,
2023/2024,2023,New Brunswick,Both sexes,"Total, 18 years and over",Mood disorder,15.7,,,percent,
2019/2020,2019,New Brunswick,Both sexes,"Total, 18 years and over",Anxiety disorder,13.5,,,percent,
2021/2022,2021,New Brunswick,Both sexes,"Total, 18 years and over",Anxiety disorder,15.8,,,percent,
2023/2024,2023,New Brunswick,Both sexes,"Total, 18 years and over",Anxiety disorder,,,,percent,..
2019/2020,2019,New Brunswick,Both sexes,"Total, 18 years and over","Cannabis use, past 12 months",24.6,,,percent,
2021/2022,2021,New Brunswick,Both sexes,"Total, 18 years and over","Cannabis use, past 12 months",24.7,,,percent,
2023/2024,2023,New Brunswick,Both sexes,"Total, 18 years and over","Cannabis use, past 12 months",25.2,,,percent,
2019/2020,2019,New Brunswick,Both sexes,"Total, 18 years and over",Heavy drinking,19.7,,,percent,
2021/2022,2021,New Brunswick,Both sexes,"Total, 18 years and over",Heavy drinking,21.1,,,percent,
2023/2024,2023,New Brunswick,Both sexes,"Total, 18 years and over",Heavy drinking,21.1,,,percent,
2019/2020,2019,New Brunswick,Both sexes,"Total, 18 years and over","Sense of belonging to local community, somewhat strong or very strong",72.5,,,percent,
2021/2022,2021,New Brunswick,Both sexes,"Total, 18 years and over","Sense of belonging to local community, somewhat strong or very strong",72.5,,,percent,
2023/2024,2023,New Brunswick,Both sexes,"Total, 18 years and over","Sense of belonging to local community, somewhat strong or very strong",63.0,,,percent,
2019/2020,2019,New Brunswick,Males,"Total, 18 years and over","Perceived mental health, very good or excellent",64.4,,,percent,
2021/2022,2021,New Brunswick,Males,"Total, 18 years and over","Perceived mental health, very good or excellent",58.0,,,percent,
2023/2024,2023,New Brunswick,Males,"Total, 18 years and over","Perceived mental health, very good or excellent",49.7,,,percent,
2019/2020,2019,New Brunswick,Males,"Total, 18 years and over","Perceived mental health, fair or poor",12.1,,,percent,
2021/2022,2021,New Brunswick,Males,"Total, 18 years and over","Perceived mental health, fair or poor",12.4,,,percent,
2023/2024,2023,New Brunswick,Males,"Total, 18 years and over","Perceived mental health, fair or poor",16.2,,,percent,
2019/2020,2019,New Brunswick,Males,"Total, 18 years and over","Perceived life stress, most days quite a bit or extremely stressful",16.2,,,percent,
2021/2022,2021,New Brunswick,Males,"Total, 18 years and over","Perceived life stress, most days quite a bit or extremely stressful",18.0,,,percent,
2023/2024,2023,New Brunswick,Males,"Total, 18 years and over","Perceived life stress, most days quite a bit or extremely stressful",22.3,,,percent,
2019/2020,2019,New Brunswick,Males,"Total, 18 years and over",Mood disorder,10.1,,,percent,
2021/2022,2021,New Brunswick,Males,"Total, 18 years and over",Mood disorder,10.4,,,percent,
2023/2024,2023,New Brunswick,Males,"Total, 18 years and over",Mood disorder,12.3,,,percent,
2019/2020,2019,New Brunswick,Males,"Total, 18 years and over",Anxiety disorder,11.9,,,percent,
2021/2022,2021,New Brunswick,Males,"Total, 18 years and over",Anxiety disorder,11.9,,,percent,
2023/2024,2023,New Brunswick,Males,"Total, 18 years and over",Anxiety disorder,,,,percent,..
2019/2020,2019,New Brunswick,Males,"Total, 18 years and over","Cannabis use, past 12 months",30.6,,,percent,
2021/2022,2021,New Brunswick,Males,"Total, 18 years and over","Cannabis use, past 12 months",28.6,,,percent,
2023/2024,2023,New Brunswick,Males,"Total, 18 years and over","Cannabis use, past 12 months",27.7,,,percent,
2019/2020,2019,New Brunswick,Males,"Total, 18 years and over",Heavy drinking,26.8,,,percent,
2021/2022,2021,New Brunswick,Males,"Total, 18 years and over",Heavy drinking,25.7,,,percent,
2023/2024,2023,New Brunswick,Males,"Total, 18 years and over",Heavy drinking,26.7,,,percent,
2019/2020,2019,New Brunswick,Males,"Total, 18 years and over","Sense of belonging to local community, somewhat strong or very strong",71.8,,,percent,
2021/2022,2021,New Brunswick,Males,"Total, 18 years and over","Sense of belonging to local community, somewhat strong or very strong",72.9,,,percent,
2023/2024,2023,New Brunswick,Males,"Total, 18 years and over","Sense of belonging to local community, somewhat strong or very strong",61.1,,,percent,
2019/2020,2019,New Brunswick,Females,"Total, 18 years and over","Perceived mental health, very good or excellent",58.0,,,percent,
2021/2022,2021,New Brunswick,Females,"Total, 18 years and over","Perceived mental health, very good or excellent",50.0,,,percent,
2023/2024,2023,New Brunswick,Females,"Total, 18 years and over","Perceived mental health, very good or excellent",48.8,,,percent,
2019/2020,2019,New Brunswick,Females,"Total, 18 years and over","Perceived mental health, fair or poor",9.6,,,percent,
2021/2022,2021,New Brunswick,Females,"Total, 18 years and over","Perceived mental health, fair or poor",17.1,,,percent,
2023/2024,2023,New Brunswick,Females,"Total, 18 years and over","Perceived mental health, fair or poor",18.4,,,percent,
2019/2020,2019,New Brunswick,Females,"Total, 18 years and over","Perceived life stress, most days quite a bit or extremely stressful",21.9,,,percent,
2021/2022,2021,New Brunswick,Females,"Total, 18 years and over","Perceived life stress, most days quite a bit or extremely stressful",22.7,,,percent,
2023/2024,2023,New Brunswick,Females,"Total, 18 years and over","Perceived life stress, most days quite a bit or extremely stressful",23.7,,,percent,
2019/2020,2019,New Brunswick,Females,"Total, 18 years and over",Mood disorder,13.8,,,percent,
2021/2022,2021,New Brunswick,Females,"Total, 18 years and over",Mood disorder,15.7,,,percent,
2023/2024,2023,New Brunswick,Females,"Total, 18 years and over",Mood disorder,18.9,,,percent,
2019/2020,2019,New Brunswick,Females,"Total, 18 years and over",Anxiety disorder,15.2,,,percent,
2021/2022,2021,New Brunswick,Females,"Total, 18 years and over",Anxiety disorder,19.6,,,percent,
2023/2024,2023,New Brunswick,Females,"Total, 18 years and over",Anxiety disorder,,,,percent,..
2019/2020,2019,New Brunswick,Females,"Total, 18 years and over","Cannabis use, past 12 months",19.1,,,percent,
2021/2022,2021,New Brunswick,Females,"Total, 18 years and over","Cannabis use, past 12 months",21.1,,,percent,
2023/2024,2023,New Brunswick,Females,"Total, 18 years and over","Cannabis use, past 12 months",22.8,,,percent,
2019/2020,2019,New Brunswick,Females,"Total, 18 years and over",Heavy drinking,12.9,,,percent,
2021/2022,2021,New Brunswick,Females,"Total, 18 years and over",Heavy drinking,16.8,,,percent,
2023/2024,2023,New Brunswick,Females,"Total, 18 years and over",Heavy drinking,15.8,,,percent,
2019/2020,2019,New Brunswick,Females,"Total, 18 years and over","Sense of belonging to local community, somewhat strong or very strong",73.2,,,percent,
2021/2022,2021,New Brunswick,Females,"Total, 18 years and over","Sense of belonging to local community, somewhat strong or very strong",72.2,,,percent,
2023/2024,2023,New Brunswick,Females,"Total, 18 years and over","Sense of belonging to local community, somewhat strong or very strong",64.7,,,percent,
2019/2020,2019,Quebec,Both sexes,"Total, 18 years and over","Perceived mental health, very good or excellent",71.4,,,percent,
2021/2022,2021,Quebec,Both sexes,"Total, 18 years and over","Perceived mental health, very good or excellent",65.2,,,percent,
2023/2024,2023,Quebec,Both sexes,"Total, 18 years and over","Perceived mental health, very good or excellent",63.6,,,percent,
2019/2020,2019,Quebec,Both sexes,"Total, 18 years and over","Perceived mental health, fair or poor",6.0,,,percent,
2021/2022,2021,Quebec,Both sexes,"Total, 18 years and over","Perceived mental health, fair or poor",8.3,,,percent,
2023/2024,2023,Quebec,Both sexes,"Total, 18 years and over","Perceived mental health, fair or poor",8.8,,,percent,
2019/2020,2019,Quebec,Both sexes,"Total, 18 years and over","Perceived life stress, most days quite a bit or extremely stressful",23.3,,,percent,
2021/2022,2021,Quebec,Both sexes,"Total, 18 years and over","Perceived life stress, most days quite a bit or extremely stressful",21.4,,,percent,
2023/2024,2023,Quebec,Both sexes,"Total, 18 years and over","Perceived life stress, most days quite a bit or extremely stressful",20.9,,,percent,
2019/2020,2019,Quebec,Both sexes,"Total, 18 years and over",Mood disorder,6.2,,,percent,
2021/2022,2021,Quebec,Both sexes,"Total, 18 years and over",Mood disorder,7.3,,,percent,
2023/2024,2023,Quebec,Both sexes,"Total, 18 years and over",Mood disorder,9.6,,,percent,
2019/2020,2019,Quebec,Both sexes,"Total, 18 years and over",Anxiety disorder,8.4,,,percent,
2021/2022,2021,Quebec,Both sexes,"Total, 18 years and over",Anxiety disorder,11.2,,,percent,
2023/2024,2023,Quebec,Both sexes,"Total, 18 years and over",Anxiety disorder,,,,percent,..
2019/2020,2019,Quebec,Both sexes,"Total, 18 years and over","Cannabis use, past 12 months",16.8,,,percent,
2021/2022,2021,Quebec,Both sexes,"Total, 18 years and over","Cannabis use, past 12 months",16.2,,,percent,
2023/2024,2023,Quebec,Both sexes,"Total, 18 years and over","Cannabis use, past 12 months",15.6,,,percent,
2019/2020,2019,Quebec,Both sexes,"Total, 18 years and over",Heavy drinking,19.8,,,percent,
2021/2022,2021,Quebec,Both sexes,"Total, 18 years and over",Heavy drinking,19.7,,,percent,
2023/2024,2023,Quebec,Both sexes,"Total, 18 years and over",Heavy drinking,22.1,,,percent,
2019/2020,2019,Quebec,Both sexes,"Total, 18 years and over","Sense of belonging to local community, somewhat strong or very strong",62.9,,,percent,
2021/2022,2021,Quebec,Both sexes,"Total, 18 years and over","Sense of belonging to local community, somewhat strong or very strong",61.6,,,percent,
2023/2024,2023,Quebec,Both sexes,"Total, 18 years and over","Sense of belonging to local community, somewhat strong or very strong",56.6,,,percent,
2019/2020,2019,Quebec,Males,"Total, 18 years and over","Perceived mental health, very good or excellent",75.1,,,percent,
2021/2022,2021,Quebec,Males,"Total, 18 years and over","Perceived mental health, very good or excellent",68.0,,,percent,
2023/2024,2023,Quebec,Males,"Total, 18 years and over","Perceived mental health, very good or excellent",66.8,,,percent,
2019/2020,2019,Quebec,Males,"Total, 18 years and over","Perceived mental health, fair or poor",5.7,,,percent,
2021/2022,2021,Quebec,Males,"Total, 18 years and over","Perceived mental health, fair or poor",8.1,,,percent,
2023/2024,2023,Quebec,Males,"Total, 18 years and over","Perceived mental health, fair or poor",8.0,,,percent,
2019/2020,2019,Quebec,Males,"Total, 18 years and over","Perceived life stress, most days quite a bit or extremely stressful",22.0,,,percent,
2021/2022,2021,Quebec,Males,"Total, 18 years and over","Perceived life stress, most days quite a bit or extremely stressful",18.6,,,percent,
2023/2024,2023,Quebec,Males,"Total, 18 years and over","Perceived life stress, most days quite a bit or extremely stressful",18.8,,,percent,
2019/2020,2019,Quebec,Males,"Total, 18 years and over",Mood disorder,4.6,,,percent,
2021/2022,2021,Quebec,Males,"Total, 18 years and over",Mood disorder,5.8,,,percent,
2023/2024,2023,Quebec,Males,"Total, 18 years and over",Mood disorder,7.3,,,percent,
2019/2020,2019,Quebec,Males,"Total, 18 years and over",Anxiety disorder,5.7,,,percent,
2021/2022,2021,Quebec,Males,"Total, 18 years and over",Anxiety disorder,8.5,,,percent,
2023/2024,2023,Quebec,Males,"Total, 18 years and over",Anxiety disorder,,,,percent,..
2019/2020,2019,Quebec,Males,"Total, 18 years and over","Cannabis use, past 12 months",22.4,,,percent,
2021/2022,2021,Quebec,Males,"Total, 18 years and over","Cannabis use, past 12 months",20.5,,,percent,
2023/2024,2023,Quebec,Males,"Total, 18 years and over","Cannabis use, past 12 months",19.6,,,percent,
2019/2020,2019,Quebec,Males,"Total, 18 years and over",Heavy drinking,23.9,,,percent,
2021/2022,2021,Quebec,Males,"Total, 18 years and over",Heavy drinking,22.4,,,percent,
2023/2024,2023,Quebec,Males,"Total, 18 years and over",Heavy drinking,25.3,,,percent,
2019/2020,2019,Quebec,Males,"Total, 18 years and over","Sense of belonging to local community, somewhat strong or very strong",61.6,,,percent,
2021/2022,2021,Quebec,Males,"Total, 18 years and over","Sense of belonging to local community, somewhat strong or very strong",61.3,,,percent,
2023/2024,2023,Quebec,Males,"Total, 18 years and over","Sense of belonging to local community, somewhat strong or very strong",56.2,,,percent,
2019/2020,2019,Quebec,Females,"Total, 18 years and over","Perceived mental health, very good or excellent",67.8,,,percent,
2021/2022,2021,Quebec,Females,"Total, 18 years and over","Perceived mental health, very good or excellent",62.4,,,percent,
2023/2024,2023,Quebec,Females,"Total, 18 years and over","Perceived mental health, very good or excellent",60.4,,,percent,
2019/2020,2019,Quebec,Females,"Total, 18 years and over","Perceived mental health, fair or poor",6.3,,,percent,
2021/2022,2021,Quebec,Females,"Total, 18 years and over","Perceived mental health, fair or poor",8.4,,,percent,
2023/2024,2023,Quebec,Females,"Total, 18 years and over","Perceived mental health, fair or poor",9.7,,,percent,
2019/2020,2019,Quebec,Females,"Total, 18 years and over","Perceived life stress, most days quite a bit or extremely stressful",24.6,,,percent,
2021/2022,2021,Quebec,Females,"Total, 18 years and over","Perceived life stress, most days quite a bit or extremely stressful",24.2,,,percent,
2023/2024,2023,Quebec,Females,"Total, 18 years and over","Perceived life stress, most days quite a bit or extremely stressful",23.0,,,percent,
2019/2020,2019,Quebec,Females,"Total, 18 years and over",Mood disorder,7.8,,,percent,
2021/2022,2021,Quebec,Females,"Total, 18 years and over",Mood disorder,8.7,,,percent,
2023/2024,2023,Quebec,Females,"Total, 18 years and over",Mood disorder,11.9,,,percent,
2019/2020,2019,Quebec,Females,"Total, 18 years and over",Anxiety disorder,11.1,,,percent,
2021/2022,2021,Quebec,Females,"Total, 18 years and over",Anxiety disorder,13.8,,,percent,
2023/2024,2023,Quebec,Females,"Total, 18 years and over",Anxiety disorder,,,,percent,..
2019/2020,2019,Quebec,Females,"Total, 18 years and over","Cannabis use, past 12 months",11.4,,,percent,
2021/2022,2021,Quebec,Females,"Total, 18 years and over","Cannabis use, past 12 months",11.9,,,percent,
2023/2024,2023,Quebec,Females,"Total, 18 years and over","Cannabis use, past 12 months",11.7,,,percent,
2019/2020,2019,Quebec,Females,"Total, 18 years and over",Heavy drinking,15.8,,,percent,
2021/2022,2021,Quebec,Females,"Total, 18 years and over",Heavy drinking,17.1,,,percent,
2023/2024,2023,Quebec,Females,"Total, 18 years and over",Heavy drinking,18.8,,,percent,
2019/2020,2019,Quebec,Females,"Total, 18 years and over","Sense of belonging to local community, somewhat strong or very strong",64.3,,,percent,
2021/2022,2021,Quebec,Females,"Total, 18 years and over","Sense of belonging to local community, somewhat strong or very strong",61.9,,,percent,
2023/2024,2023,Quebec,Females,"Total, 18 years and over","Sense of belonging to local community, somewhat strong or very strong",57.1,,,percent,
2019/2020,2019,Ontario,Both sexes,"Total, 18 years and over","Perceived mental health, very good or excellent",64.3,,,percent,
2021/2022,2021,Ontario,Both sexes,"Total, 18 years and over","Perceived mental health, very good or excellent",54.3,,,percent,
2023/2024,2023,Ontario,Both sexes,"Total, 18 years and over","Perceived mental health, very good or excellent",51.3,,,percent,
2019/2020,2019,Ontario,Both sexes,"Total, 18 years and over","Perceived mental health, fair or poor",10.0,,,percent,
2021/2022,2021,Ontario,Both sexes,"Total, 18 years and over","Perceived mental health, fair or poor",14.2,,,percent,
2023/2024,2023,Ontario,Both sexes,"Total, 18 years and over","Perceived mental health, fair or poor",16.3,,,percent,
2019/2020,2019,Ontario,Both sexes,"Total, 18 years and over","Perceived life stress, most days quite a bit or extremely stressful",21.4,,,percent,
2021/2022,2021,Ontario,Both sexes,"Total, 18 years and over","Perceived life stress, most days quite a bit or extremely stressful",22.1,,,percent,
2023/2024,2023,Ontario,Both sexes,"Total, 18 years and over","Perceived life stress, most days quite a bit or extremely stressful",23.5,,,percent,
2019/2020,2019,Ontario,Both sexes,"Total, 18 years and over",Mood disorder,9.8,,,percent,
2021/2022,2021,Ontario,Both sexes,"Total, 18 years and over",Mood disorder,11.6,,,percent,
2023/2024,2023,Ontario,Both sexes,"Total, 18 years and over",Mood disorder,13.3,,,percent,
2019/2020,2019,Ontario,Both sexes,"Total, 18 years and over",Anxiety disorder,10.0,,,percent,
2021/2022,2021,Ontario,Both sexes,"Total, 18 years and over",Anxiety disorder,12.9,,,percent,
2023/2024,2023,Ontario,Both sexes,"Total, 18 years and over",Anxiety disorder,,,,percent,..
2019/2020,2019,Ontario,Both sexes,"Total, 18 years and over","Cannabis use, past 12 months",22.5,,,percent,
2021/2022,2021,Ontario,Both sexes,"Total, 18 years and over","Cannabis use, past 12 months",24.4,,,percent,
2023/2024,2023,Ontario,Both sexes,"Total, 18 years and over","Cannabis use, past 12 months",20.9,,,percent,
2019/2020,2019,Ontario,Both sexes,"Total, 18 years and over",Heavy drinking,16.7,,,percent,
2021/2022,2021,Ontario,Both sexes,"Total, 18 years and over",Heavy drinking,17.6,,,percent,
2023/2024,2023,Ontario,Both sexes,"Total, 18 years and over",Heavy drinking,17.4,,,percent,
2019/2020,2019,Ontario,Both sexes,"Total, 18 years and over","Sense of belonging to local community, somewhat strong or very strong",70.2,,,percent,
2021/2022,2021,Ontario,Both sexes,"Total, 18 years and over","Sense of belonging to local community, somewhat strong or very strong",66.4,,,percent,
2023/2024,2023,Ontario,Both sexes,"Total, 18 years and over","Sense of belonging to local community, somewhat strong or very strong",61.6,,,percent,
2019/2020,2019,Ontario,Males,"Total, 18 years and over","Perceived mental health, very good or excellent",67.2,,,percent,
2021/2022,2021,Ontario,Males,"Total, 18 years and over","Perceived mental health, very good or excellent",58.2,,,percent,
2023/2024,2023,Ontario,Males,"Total, 18 years and over","Perceived mental health, very good or excellent",55.0,,,percent,
2019/2020,2019,Ontario,Males,"Total, 18 years and over","Perceived mental health, fair or poor",9.4,,,percent,
2021/2022,2021,Ontario,Males,"Total, 18 years and over","Perceived mental health, fair or poor",12.4,,,percent,
2023/2024,2023,Ontario,Males,"Total, 18 years and over","Perceived mental health, fair or poor",14.7,,,percent,
2019/2020,2019,Ontario,Males,"Total, 18 years and over","Perceived life stress, most days quite a bit or extremely stressful",20.2,,,percent,
2021/2022,2021,Ontario,Males,"Total, 18 years and over","Perceived life stress, most days quite a bit or extremely stressful",20.3,,,percent,
2023/2024,2023,Ontario,Males,"Total, 18 years and over","Perceived life stress, most days quite a bit or extremely stressful",21.0,,,percent,
2019/2020,2019,Ontario,Males,"Total, 18 years and over",Mood disorder,7.9,,,percent,
2021/2022,2021,Ontario,Males,"Total, 18 years and over",Mood disorder,8.8,,,percent,
2023/2024,2023,Ontario,Males,"Total, 18 years and over",Mood disorder,10.3,,,percent,
2019/2020,2019,Ontario,Males,"Total, 18 years and over",Anxiety disorder,7.5,,,percent,
2021/2022,2021,Ontario,Males,"Total, 18 years and over",Anxiety disorder,8.7,,,percent,
2023/2024,2023,Ontario,Males,"Total, 18 years and over",Anxiety disorder,,,,percent,..
2019/2020,2019,Ontario,Males,"Total, 18 years and over","Cannabis use, past 12 months",26.3,,,percent,
2021/2022,2021,Ontario,Males,"Total, 18 years and over","Cannabis use, past 12 months",27.6,,,percent,
2023/2024,2023,Ontario,Males,"Total, 18 years and over","Cannabis use, past 12 months",23.6,,,percent,
2019/2020,2019,Ontario,Males,"Total, 18 years and over",Heavy drinking,20.8,,,percent,
2021/2022,2021,Ontario,Males,"Total, 18 years and over",Heavy drinking,20.8,,,percent,
2023/2024,2023,Ontario,Males,"Total, 18 years and over",Heavy drinking,20.3,,,percent,
2019/2020,2019,Ontario,Males,"Total, 18 years and over","Sense of belonging to local community, somewhat strong or very strong",68.5,,,percent,
2021/2022,2021,Ontario,Males,"Total, 18 years and over","Sense of belonging to local community, somewhat strong or very strong",66.2,,,percent,
2023/2024,2023,Ontario,Males,"Total, 18 years and over","Sense of belonging to local community, somewhat strong or very strong",61.9,,,percent,
2019/2020,2019,Ontario,Females,"Total, 18 years and over","Perceived mental health, very good or excellent",61.5,,,percent,
2021/2022,2021,Ontario,Females,"Total, 18 years and over","Perceived mental health, very good or excellent",50.6,,,percent,
2023/2024,2023,Ontario,Females,"Total, 18 years and over","Perceived mental health, very good or excellent",47.8,,,percent,
2019/2020,2019,Ontario,Females,"Total, 18 years and over","Perceived mental health, fair or poor",10.5,,,percent,
2021/2022,2021,Ontario,Females,"Total, 18 years and over","Perceived mental health, fair or poor",15.8,,,percent,
2023/2024,2023,Ontario,Females,"Total, 18 years and over","Perceived mental health, fair or poor",18.0,,,percent,
2019/2020,2019,Ontario,Females,"Total, 18 years and over","Perceived life stress, most days quite a bit or extremely stressful",22.6,,,percent,
2021/2022,2021,Ontario,Females,"Total, 18 years and over","Perceived life stress, most days quite a bit or extremely stressful",23.8,,,percent,
2023/2024,2023,Ontario,Females,"Total, 18 years and over","Perceived life stress, most days quite a bit or extremely stressful",26.0,,,percent,
2019/2020,2019,Ontario,Females,"Total, 18 years and over",Mood disorder,11.6,,,percent,
2021/2022,2021,Ontario,Females,"Total, 18 years and over",Mood disorder,14.2,,,percent,
2023/2024,2023,Ontario,Females,"Total, 18 years and over",Mood disorder,16.2,,,percent,
2019/2020,2019,Ontario,Females,"Total, 18 years and over",Anxiety disorder,12.5,,,percent,
2021/2022,2021,Ontario,Females,"Total, 18 years and over",Anxiety disorder,17.0,,,percent,
2023/2024,2023,Ontario,Females,"Total, 18 years and over",Anxiety disorder,,,,percent,..
2019/2020,2019,Ontario,Females,"Total, 18 years and over","Cannabis use, past 12 months",18.8,,,percent,
2021/2022,2021,Ontario,Females,"Total, 18 years and over","Cannabis use, past 12 months",21.4,,,percent,
2023/2024,2023,Ontario,Females,"Total, 18 years and over","Cannabis use, past 12 months",18.3,,,percent,
2019/2020,2019,Ontario,Females,"Total, 18 years and over",Heavy drinking,12.8,,,percent,
2021/2022,2021,Ontario,Females,"Total, 18 years and over",Heavy drinking,14.5,,,percent,
2023/2024,2023,Ontario,Females,"Total, 18 years and over",Heavy drinking,14.5,,,percent,
2019/2020,2019,Ontario,Females,"Total, 18 years and over","Sense of belonging to local community, somewhat strong or very strong",71.8,,,percent,
2021/2022,2021,Ontario,Females,"Total, 18 years and over","Sense of belonging to local community, somewhat strong or very strong",66.5,,,percent,
2023/2024,2023,Ontario,Females,"Total, 18 years and over","Sense of belonging to local community, somewhat strong or very strong",61.3,,,percent,
2019/2020,2019,Manitoba,Both sexes,"Total, 18 years and over","Perceived mental health, very good or excellent",62.9,,,percent,
2021/2022,2021,Manitoba,Both sexes,"Total, 18 years and over","Perceived mental health, very good or excellent",54.8,,,percent,
2023/2024,2023,Manitoba,Both sexes,"Total, 18 years and over","Perceived mental health, very good or excellent",51.6,,,percent,
2019/2020,2019,Manitoba,Both sexes,"Total, 18 years and over","Perceived mental health, fair or poor",8.9,,,percent,
2021/2022,2021,Manitoba,Both sexes,"Total, 18 years and over","Perceived mental health, fair or poor",12.9,,,percent,
2023/2024,2023,Manitoba,Both sexes,"Total, 18 years and over","Perceived mental health, fair or poor",16.3,,,percent,
2019/2020,2019,Manitoba,Both sexes,"Total, 18 years and over","Perceived life stress, most days quite a bit or extremely stressful",21.1,,,percent,
2021/2022,2021,Manitoba,Both sexes,"Total, 18 years and over","Perceived life stress, most days quite a bit or extremely stressful",20.4,,,percent,
2023/2024,2023,Manitoba,Both sexes,"Total, 18 years and over","Perceived life stress, most days quite a bit or extremely stressful",20.4,,,percent,
2019/2020,2019,Manitoba,Both sexes,"Total, 18 years and over",Mood disorder,10.2,,,percent,
2021/2022,2021,Manitoba,Both sexes,"Total, 18 years and over",Mood disorder,10.8,,,percent,
2023/2024,2023,Manitoba,Both sexes,"Total, 18 years and over",Mood disorder,14.6,,,percent,
2019/2020,2019,Manitoba,Both sexes,"Total, 18 years and over",Anxiety disorder,9.7,,,percent,
2021/2022,2021,Manitoba,Both sexes,"Total, 18 years and over",Anxiety disorder,11.8,,,percent,
2023/2024,2023,Manitoba,Both sexes,"Total, 18 years and over",Anxiety disorder,16.4,,,percent,
2019/2020,2019,Manitoba,Both sexes,"Total, 18 years and over","Cannabis use, past 12 months",22.5,,,percent,
2021/2022,2021,Manitoba,Both sexes,"Total, 18 years and over","Cannabis use, past 12 months",23.5,,,percent,
2023/2024,2023,Manitoba,Both sexes,"Total, 18 years and over","Cannabis use, past 12 months",23.3,,,percent,
2019/2020,2019,Manitoba,Both sexes,"Total, 18 years and over",Heavy drinking,19.2,,,percent,
2021/2022,2021,Manitoba,Both sexes,"Total, 18 years and over",Heavy drinking,19.3,,,percent,
2023/2024,2023,Manitoba,Both sexes,"Total, 18 years and over",Heavy drinking,20.5,,,percent,
2019/2020,2019,Manitoba,Both sexes,"Total, 18 years and over","Sense of belonging to local community, somewhat strong or very strong",71.8,,,percent,
2021/2022,2021,Manitoba,Both sexes,"Total, 18 years and over","Sense of belonging to local community, somewhat strong or very strong",68.1,,,percent,
2023/2024,2023,Manitoba,Both sexes,"Total, 18 years and over","Sense of belonging to local community, somewhat strong or very strong",64.5,,,percent,
2019/2020,2019,Manitoba,Males,"Total, 18 years and over","Perceived mental health, very good or excellent",66.6,,,percent,
2021/2022,2021,Manitoba,Males,"Total, 18 years and over","Perceived mental health, very good or excellent",58.4,,,percent,
2023/2024,2023,Manitoba,Males,"Total, 18 years and over","Perceived mental health, very good or excellent",56.7,,,percent,
2019/2020,2019,Manitoba,Males,"Total, 18 years and over","Perceived mental health, fair or poor",7.6,,,percent,
2021/2022,2021,Manitoba,Males,"Total, 18 years and over","Perceived mental health, fair or poor",11.1,,,percent,
2023/2024,2023,Manitoba,Males,"Total, 18 years and over","Perceived mental health, fair or poor",13.5,,,percent,
2019/2020,2019,Manitoba,Males,"Total, 18 years and over","Perceived life stress, most days quite a bit or extremely stressful",18.9,,,percent,
2021/2022,2021,Manitoba,Males,"Total, 18 years and over","Perceived life stress, most days quite a bit or extremely stressful",21.1,,,percent,
2023/2024,2023,Manitoba,Males,"Total, 18 years and over","Perceived life stress, most days quite a bit or extremely stressful",18.9,,,percent,
2019/2020,2019,Manitoba,Males,"Total, 18 years and over",Mood disorder,7.2,,,percent,
2021/2022,2021,Manitoba,Males,"Total, 18 years and over",Mood disorder,7.9,,,percent,
2023/2024,2023,Manitoba,Males,"Total, 18 years and over",Mood disorder,10.5,,,percent,
2019/2020,2019,Manitoba,Males,"Total, 18 years and over",Anxiety disorder,6.3,,,percent,
2021/2022,2021,Manitoba,Males,"Total, 18 years and over",Anxiety disorder,8.3,,,percent,
2023/2024,2023,Manitoba,Males,"Total, 18 years and over",Anxiety disorder,10.0,,,percent,
2019/2020,2019,Manitoba,Males,"Total, 18 years and over","Cannabis use, past 12 months",26.4,,,percent,
2021/2022,2021,Manitoba,Males,"Total, 18 years and over","Cannabis use, past 12 months",26.7,,,percent,
2023/2024,2023,Manitoba,Males,"Total, 18 years and over","Cannabis use, past 12 months",27.1,,,percent,
2019/2020,2019,Manitoba,Males,"Total, 18 years and over",Heavy drinking,23.9,,,percent,
2021/2022,2021,Manitoba,Males,"Total, 18 years and over",Heavy drinking,24.0,,,percent,
2023/2024,2023,Manitoba,Males,"Total, 18 years and over",Heavy drinking,23.6,,,percent,
2019/2020,2019,Manitoba,Males,"Total, 18 years and over","Sense of belonging to local community, somewhat strong or very strong",70.6,,,percent,
2021/2022,2021,Manitoba,Males,"Total, 18 years and over","Sense of belonging to local community, somewhat strong or very strong",67.9,,,percent,
2023/2024,2023,Manitoba,Males,"Total, 18 years and over","Sense of belonging to local community, somewhat strong or very strong",64.7,,,percent,
2019/2020,2019,Manitoba,Females,"Total, 18 years and over","Perceived mental health, very good or excellent",59.4,,,percent,
2021/2022,2021,Manitoba,Females,"Total, 18 years and over","Perceived mental health, very good or excellent",51.3,,,percent,
2023/2024,2023,Manitoba,Females,"Total, 18 years and over","Perceived mental health, very good or excellent",46.5,,,percent,
2019/2020,2019,Manitoba,Females,"Total, 18 years and over","Perceived mental health, fair or poor",10.1,,,percent,
2021/2022,2021,Manitoba,Females,"Total, 18 years and over","Perceived mental health, fair or poor",14.7,,,percent,
2023/2024,2023,Manitoba,Females,"Total, 18 years and over","Perceived mental health, fair or poor",19.1,,,percent,
2019/2020,2019,Manitoba,Females,"Total, 18 years and over","Perceived life stress, most days quite a bit or extremely stressful",23.3,,,percent,
2021/2022,2021,Manitoba,Females,"Total, 18 years and over","Perceived life stress, most days quite a bit or extremely stressful",19.6,,,percent,
2023/2024,2023,Manitoba,Females,"Total, 18 years and over","Perceived life stress, most days quite a bit or extremely stressful",22.0,,,percent,
2019/2020,2019,Manitoba,Females,"Total, 18 years and over",Mood disorder,13.1,,,percent,
2021/2022,2021,Manitoba,Females,"Total, 18 years and over",Mood disorder,13.6,,,percent,
2023/2024,2023,Manitoba,Females,"Total, 18 years and over",Mood disorder,18.7,,,percent,
2019/2020,2019,Manitoba,Females,"Total, 18 years and over",Anxiety disorder,13.0,,,percent,
2021/2022,2021,Manitoba,Females,"Total, 18 years and over",Anxiety disorder,15.3,,,percent,
2023/2024,2023,Manitoba,Females,"Total, 18 years and over",Anxiety disorder,22.9,,,percent,
2019/2020,2019,Manitoba,Females,"Total, 18 years and over","Cannabis use, past 12 months",18.7,,,percent,
2021/2022,2021,Manitoba,Females,"Total, 18 years and over","Cannabis use, past 12 months",20.3,,,percent,
2023/2024,2023,Manitoba,Females,"Total, 18 years and over","Cannabis use, past 12 months",19.6,,,percent,
2019/2020,2019,Manitoba,Females,"Total, 18 years and over",Heavy drinking,14.7,,,percent,
2021/2022,2021,Manitoba,Females,"Total, 18 years and over",Heavy drinking,14.7,,,percent,
2023/2024,2023,Manitoba,Females,"Total, 18 years and over",Heavy drinking,17.5,,,percent,
2019/2020,2019,Manitoba,Females,"Total, 18 years and over","Sense of belonging to local community, somewhat strong or very strong",72.9,,,percent,
2021/2022,2021,Manitoba,Females,"Total, 18 years and over","Sense of belonging to local community, somewhat strong or very strong",68.3,,,percent,
2023/2024,2023,Manitoba,Females,"Total, 18 years and over","Sense of belonging to local community, somewhat strong or very strong",64.4,,,percent,
2019/2020,2019,Saskatchewan,Both sexes,"Total, 18 years and over","Perceived mental health, very good or excellent",61.4,,,percent,
2021/2022,2021,Saskatchewan,Both sexes,"Total, 18 years and over","Perceived mental health, very good or excellent",52.6,,,percent,
2023/2024,2023,Saskatchewan,Both sexes,"Total, 18 years and over","Perceived mental health, very good or excellent",50.3,,,percent,
2019/2020,2019,Saskatchewan,Both sexes,"Total, 18 years and over","Perceived mental health, fair or poor",9.3,,,percent,
2021/2022,2021,Saskatchewan,Both sexes,"Total, 18 years and over","Perceived mental health, fair or poor",14.7,,,percent,
2023/2024,2023,Saskatchewan,Both sexes,"Total, 18 years and over","Perceived mental health, fair or poor",16.7,,,percent,
2019/2020,2019,Saskatchewan,Both sexes,"Total, 18 years and over","Perceived life stress, most days quite a bit or extremely stressful",17.7,,,percent,
2021/2022,2021,Saskatchewan,Both sexes,"Total, 18 years and over","Perceived life stress, most days quite a bit or extremely stressful",20.0,,,percent,
2023/2024,2023,Saskatchewan,Both sexes,"Total, 18 years and over","Perceived life stress, most days quite a bit or extremely stressful",21.5,,,percent,
2019/2020,2019,Saskatchewan,Both sexes,"Total, 18 years and over",Mood disorder,12.1,,,percent,
2021/2022,2021,Saskatchewan,Both sexes,"Total, 18 years and over",Mood disorder,12.3,,,percent,
2023/2024,2023,Saskatchewan,Both sexes,"Total, 18 years and over",Mood disorder,14.0,,,percent,
2019/2020,2019,Saskatchewan,Both sexes,"Total, 18 years and over",Anxiety disorder,10.1,,,percent,
2021/2022,2021,Saskatchewan,Both sexes,"Total, 18 years and over",Anxiety disorder,12.6,,,percent,
2023/2024,2023,Saskatchewan,Both sexes,"Total, 18 years and over",Anxiety disorder,16.9,,,percent,
2019/2020,2019,Saskatchewan,Both sexes,"Total, 18 years and over","Cannabis use, past 12 months",21.7,,,percent,
2021/2022,2021,Saskatchewan,Both sexes,"Total, 18 years and over","Cannabis use, past 12 months",23.4,,,percent,
2023/2024,2023,Saskatchewan,Both sexes,"Total, 18 years and over","Cannabis use, past 12 months",22.1,,,percent,
2019/2020,2019,Saskatchewan,Both sexes,"Total, 18 years and over",Heavy drinking,20.6,,,percent,
2021/2022,2021,Saskatchewan,Both sexes,"Total, 18 years and over",Heavy drinking,19.4,,,percent,
2023/2024,2023,Saskatchewan,Both sexes,"Total, 18 years and over",Heavy drinking,19.5,,,percent,
2019/2020,2019,Saskatchewan,Both sexes,"Total, 18 years and over","Sense of belonging to local community, somewhat strong or very strong",74.2,,,percent,
2021/2022,2021,Saskatchewan,Both sexes,"Total, 18 years and over","Sense of belonging to local community, somewhat strong or very strong",71.9,,,percent,
2023/2024,2023,Saskatchewan,Both sexes,"Total, 18 years and over","Sense of belonging to local community, somewhat strong or very strong",66.5,,,percent,
2019/2020,2019,Saskatchewan,Males,"Total, 18 years and over","Perceived mental health, very good or excellent",62.4,,,percent,
2021/2022,2021,Saskatchewan,Males,"Total, 18 years and over","Perceived mental health, very good or excellent",56.4,,,percent,
2023/2024,2023,Saskatchewan,Males,"Total, 18 years and over","Perceived mental health, very good or excellent",54.5,,,percent,
2019/2020,2019,Saskatchewan,Males,"Total, 18 years and over","Perceived mental health, fair or poor",7.7,,,percent,
2021/2022,2021,Saskatchewan,Males,"Total, 18 years and over","Perceived mental health, fair or poor",12.9,,,percent,
2023/2024,2023,Saskatchewan,Males,"Total, 18 years and over","Perceived mental health, fair or poor",15.4,,,percent,
2019/2020,2019,Saskatchewan,Males,"Total, 18 years and over","Perceived life stress, most days quite a bit or extremely stressful",16.6,,,percent,
2021/2022,2021,Saskatchewan,Males,"Total, 18 years and over","Perceived life stress, most days quite a bit or extremely stressful",19.7,,,percent,
2023/2024,2023,Saskatchewan,Males,"Total, 18 years and over","Perceived life stress, most days quite a bit or extremely stressful",19.6,,,percent,
2019/2020,2019,Saskatchewan,Males,"Total, 18 years and over",Mood disorder,10.8,,,percent,
2021/2022,2021,Saskatchewan,Males,"Total, 18 years and over",Mood disorder,9.7,,,percent,
2023/2024,2023,Saskatchewan,Males,"Total, 18 years and over",Mood disorder,12.2,,,percent,
2019/2020,2019,Saskatchewan,Males,"Total, 18 years and over",Anxiety disorder,9.3,,,percent,
2021/2022,2021,Saskatchewan,Males,"Total, 18 years and over",Anxiety disorder,9.0,,,percent,
2023/2024,2023,Saskatchewan,Males,"Total, 18 years and over",Anxiety disorder,12.7,,,percent,
2019/2020,2019,Saskatchewan,Males,"Total, 18 years and over","Cannabis use, past 12 months",25.7,,,percent,
2021/2022,2021,Saskatchewan,Males,"Total, 18 years and over","Cannabis use, past 12 months",26.6,,,percent,
2023/2024,2023,Saskatchewan,Males,"Total, 18 years and over","Cannabis use, past 12 months",26.0,,,percent,
2019/2020,2019,Saskatchewan,Males,"Total, 18 years and over",Heavy drinking,27.0,,,percent,
2021/2022,2021,Saskatchewan,Males,"Total, 18 years and over",Heavy drinking,22.5,,,percent,
2023/2024,2023,Saskatchewan,Males,"Total, 18 years and over",Heavy drinking,23.5,,,percent,
2019/2020,2019,Saskatchewan,Males,"Total, 18 years and over","Sense of belonging to local community, somewhat strong or very strong",73.9,,,percent,
2021/2022,2021,Saskatchewan,Males,"Total, 18 years and over","Sense of belonging to local community, somewhat strong or very strong",73.0,,,percent,
2023/2024,2023,Saskatchewan,Males,"Total, 18 years and over","Sense of belonging to local community, somewhat strong or very strong",65.9,,,percent,
2019/2020,2019,Saskatchewan,Females,"Total, 18 years and over","Perceived mental health, very good or excellent",60.3,,,percent,
2021/2022,2021,Saskatchewan,Females,"Total, 18 years and over","Perceived mental health, very good or excellent",48.7,,,percent,
2023/2024,2023,Saskatchewan,Females,"Total, 18 years and over","Perceived mental health, very good or excellent",46.1,,,percent,
2019/2020,2019,Saskatchewan,Females,"Total, 18 years and over","Perceived mental health, fair or poor",10.9,,,percent,
2021/2022,2021,Saskatchewan,Females,"Total, 18 years and over","Perceived mental health, fair or poor",16.5,,,percent,
2023/2024,2023,Saskatchewan,Females,"Total, 18 years and over","Perceived mental health, fair or poor",17.9,,,percent,
2019/2020,2019,Saskatchewan,Females,"Total, 18 years and over","Perceived life stress, most days quite a bit or extremely stressful",18.8,,,percent,
2021/2022,2021,Saskatchewan,Females,"Total, 18 years and over","Perceived life stress, most days quite a bit or extremely stressful",20.4,,,percent,
2023/2024,2023,Saskatchewan,Females,"Total, 18 years and over","Perceived life stress, most days quite a bit or extremely stressful",23.5,,,percent,
2019/2020,2019,Saskatchewan,Females,"Total, 18 years and over",Mood disorder,13.5,,,percent,
2021/2022,2021,Saskatchewan,Females,"Total, 18 years and over",Mood disorder,14.9,,,percent,
2023/2024,2023,Saskatchewan,Females,"Total, 18 years and over",Mood disorder,15.9,,,percent,
2019/2020,2019,Saskatchewan,Females,"Total, 18 years and over",Anxiety disorder,11.0,,,percent,
2021/2022,2021,Saskatchewan,Females,"Total, 18 years and over",Anxiety disorder,16.3,,,percent,
2023/2024,2023,Saskatchewan,Females,"Total, 18 years and over",Anxiety disorder,21.1,,,percent,
2019/2020,2019,Saskatchewan,Females,"Total, 18 years and over","Cannabis use, past 12 months",17.7,,,percent,
2021/2022,2021,Saskatchewan,Females,"Total, 18 years and over","Cannabis use, past 12 months",20.1,,,percent,
2023/2024,2023,Saskatchewan,Females,"Total, 18 years and over","Cannabis use, past 12 months",18.2,,,percent,
2019/2020,2019,Saskatchewan,Females,"Total, 18 years and over",Heavy drinking,14.1,,,percent,
2021/2022,2021,Saskatchewan,Females,"Total, 18 years and over",Heavy drinking,16.3,,,percent,
2023/2024,2023,Saskatchewan,Females,"Total, 18 years and over",Heavy drinking,15.5,,,percent,
2019/2020,2019,Saskatchewan,Females,"Total, 18 years and over","Sense of belonging to local community, somewhat strong or very strong",74.6,,,percent,
2021/2022,2021,Saskatchewan,Females,"Total, 18 years and over","Sense of belonging to local community, somewhat strong or very strong",70.9,,,percent,
2023/2024,2023,Saskatchewan,Females,"Total, 18 years and over","Sense of belonging to local community, somewhat strong or very strong",67.2,,,percent,
2019/2020,2019,Alberta,Both sexes,"Total, 18 years and over","Perceived mental health, very good or excellent",65.6,,,percent,
2021/2022,2021,Alberta,Both sexes,"Total, 18 years and over","Perceived mental health, very good or excellent",55.1,,,percent,
2023/2024,2023,Alberta,Both sexes,"Total, 18 years and over","Perceived mental health, very good or excellent",52.4,,,percent,
2019/2020,2019,Alberta,Both sexes,"Total, 18 years and over","Perceived mental health, fair or poor",9.8,,,percent,
2021/2022,2021,Alberta,Both sexes,"Total, 18 years and over","Perceived mental health, fair or poor",14.4,,,percent,
2023/2024,2023,Alberta,Both sexes,"Total, 18 years and over","Perceived mental health, fair or poor",17.2,,,percent,
2019/2020,2019,Alberta,Both sexes,"Total, 18 years and over","Perceived life stress, most days quite a bit or extremely stressful",20.8,,,percent,
2021/2022,2021,Alberta,Both sexes,"Total, 18 years and over","Perceived life stress, most days quite a bit or extremely stressful",22.0,,,percent,
2023/2024,2023,Alberta,Both sexes,"Total, 18 years and over","Perceived life stress, most days quite a bit or extremely stressful",23.2,,,percent,
2019/2020,2019,Alberta,Both sexes,"Total, 18 years and over",Mood disorder,10.7,,,percent,
2021/2022,2021,Alberta,Both sexes,"Total, 18 years and over",Mood disorder,11.9,,,percent,
2023/2024,2023,Alberta,Both sexes,"Total, 18 years and over",Mood disorder,14.8,,,percent,
2019/2020,2019,Alberta,Both sexes,"Total, 18 years and over",Anxiety disorder,9.9,,,percent,
2021/2022,2021,Alberta,Both sexes,"Total, 18 years and over",Anxiety disorder,12.8,,,percent,
2023/2024,2023,Alberta,Both sexes,"Total, 18 years and over",Anxiety disorder,,,,percent,..
2019/2020,2019,Alberta,Both sexes,"Total, 18 years and over","Cannabis use, past 12 months",25.7,,,percent,
2021/2022,2021,Alberta,Both sexes,"Total, 18 years and over","Cannabis use, past 12 months",26.3,,,percent,
2023/2024,2023,Alberta,Both sexes,"Total, 18 years and over","Cannabis use, past 12 months",22.9,,,percent,
2019/2020,2019,Alberta,Both sexes,"Total, 18 years and over",Heavy drinking,20.2,,,percent,
2021/2022,2021,Alberta,Both sexes,"Total, 18 years and over",Heavy drinking,19.8,,,percent,
2023/2024,2023,Alberta,Both sexes,"Total, 18 years and over",Heavy drinking,19.0,,,percent,
2019/2020,2019,Alberta,Both sexes,"Total, 18 years and over","Sense of belonging to local community, somewhat strong or very strong",68.1,,,percent,
2021/2022,2021,Alberta,Both sexes,"Total, 18 years and over","Sense of belonging to local community, somewhat strong or very strong",64.7,,,percent,
2023/2024,2023,Alberta,Both sexes,"Total, 18 years and over","Sense of belonging to local community, somewhat strong or very strong",60.4,,,percent,
2019/2020,2019,Alberta,Males,"Total, 18 years and over","Perceived mental health, very good or excellent",67.7,,,percent,
2021/2022,2021,Alberta,Males,"Total, 18 years and over","Perceived mental health, very good or excellent",60.0,,,percent,
2023/2024,2023,Alberta,Males,"Total, 18 years and over","Perceived mental health, very good or excellent",56.8,,,percent,
2019/2020,2019,Alberta,Males,"Total, 18 years and over","Perceived mental health, fair or poor",8.8,,,percent,
2021/2022,2021,Alberta,Males,"Total, 18 years and over","Perceived mental health, fair or poor",12.5,,,percent,
2023/2024,2023,Alberta,Males,"Total, 18 years and over","Perceived mental health, fair or poor",14.4,,,percent,
2019/2020,2019,Alberta,Males,"Total, 18 years and over","Perceived life stress, most days quite a bit or extremely stressful",19.1,,,percent,
2021/2022,2021,Alberta,Males,"Total, 18 years and over","Perceived life stress, most days quite a bit or extremely stressful",20.4,,,percent,
2023/2024,2023,Alberta,Males,"Total, 18 years and over","Perceived life stress, most days quite a bit or extremely stressful",21.2,,,percent,
2019/2020,2019,Alberta,Males,"Total, 18 years and over",Mood disorder,7.9,,,percent,
2021/2022,2021,Alberta,Males,"Total, 18 years and over",Mood disorder,8.7,,,percent,
2023/2024,2023,Alberta,Males,"Total, 18 years and over",Mood disorder,10.8,,,percent,
2019/2020,2019,Alberta,Males,"Total, 18 years and over",Anxiety disorder,7.1,,,percent,
2021/2022,2021,Alberta,Males,"Total, 18 years and over",Anxiety disorder,8.5,,,percent,
2023/2024,2023,Alberta,Males,"Total, 18 years and over",Anxiety disorder,,,,percent,..
2019/2020,2019,Alberta,Males,"Total, 18 years and over","Cannabis use, past 12 months",29.3,,,percent,
2021/2022,2021,Alberta,Males,"Total, 18 years and over","Cannabis use, past 12 months",28.9,,,percent,
2023/2024,2023,Alberta,Males,"Total, 18 years and over","Cannabis use, past 12 months",23.7,,,percent,
2019/2020,2019,Alberta,Males,"Total, 18 years and over",Heavy drinking,24.6,,,percent,
2021/2022,2021,Alberta,Males,"Total, 18 years and over",Heavy drinking,24.4,,,percent,
2023/2024,2023,Alberta,Males,"Total, 18 years and over",Heavy drinking,22.4,,,percent,
2019/2020,2019,Alberta,Males,"Total, 18 years and over","Sense of belonging to local community, somewhat strong or very strong",66.8,,,percent,
2021/2022,2021,Alberta,Males,"Total, 18 years and over","Sense of belonging to local community, somewhat strong or very strong",64.1,,,percent,
2023/2024,2023,Alberta,Males,"Total, 18 years and over","Sense of belonging to local community, somewhat strong or very strong",60.7,,,percent,
2019/2020,2019,Alberta,Females,"Total, 18 years and over","Perceived mental health, very good or excellent",63.5,,,percent,
2021/2022,2021,Alberta,Females,"Total, 18 years and over","Perceived mental health, very good or excellent",50.2,,,percent,
2023/2024,2023,Alberta,Females,"Total, 18 years and over","Perceived mental health, very good or excellent",48.1,,,percent,
2019/2020,2019,Alberta,Females,"Total, 18 years and over","Perceived mental health, fair or poor",10.9,,,percent,
2021/2022,2021,Alberta,Females,"Total, 18 years and over","Perceived mental health, fair or poor",16.2,,,percent,
2023/2024,2023,Alberta,Females,"Total, 18 years and over","Perceived mental health, fair or poor",19.9,,,percent,
2019/2020,2019,Alberta,Females,"Total, 18 years and over","Perceived life stress, most days quite a bit or extremely stressful",22.6,,,percent,
2021/2022,2021,Alberta,Females,"Total, 18 years and over","Perceived life stress, most days quite a bit or extremely stressful",23.6,,,percent,
2023/2024,2023,Alberta,Females,"Total, 18 years and over","Perceived life stress, most days quite a bit or extremely stressful",25.2,,,percent,
2019/2020,2019,Alberta,Females,"Total, 18 years and over",Mood disorder,13.6,,,percent,
2021/2022,2021,Alberta,Females,"Total, 18 years and over",Mood disorder,15.1,,,percent,
2023/2024,2023,Alberta,Females,"Total, 18 years and over",Mood disorder,18.8,,,percent,
2019/2020,2019,Alberta,Females,"Total, 18 years and over",Anxiety disorder,12.7,,,percent,
2021/2022,2021,Alberta,Females,"Total, 18 years and over",Anxiety disorder,17.2,,,percent,
2023/2024,2023,Alberta,Females,"Total, 18 years and over",Anxiety disorder,,,,percent,..
2019/2020,2019,Alberta,Females,"Total, 18 years and over","Cannabis use, past 12 months",22.1,,,percent,
2021/2022,2021,Alberta,Females,"Total, 18 years and over","Cannabis use, past 12 months",23.6,,,percent,
2023/2024,2023,Alberta,Females,"Total, 18 years and over","Cannabis use, past 12 months",22.1,,,percent,
2019/2020,2019,Alberta,Females,"Total, 18 years and over",Heavy drinking,15.8,,,percent,
2021/2022,2021,Alberta,Females,"Total, 18 years and over",Heavy drinking,15.1,,,percent,
2023/2024,2023,Alberta,Females,"Total, 18 years and over",Heavy drinking,15.6,,,percent,
2019/2020,2019,Alberta,Females,"Total, 18 years and over","Sense of belonging to local community, somewhat strong or very strong",69.4,,,percent,
2021/2022,2021,Alberta,Females,"Total, 18 years and over","Sense of belonging to local community, somewhat strong or very strong",65.3,,,percent,
2023/2024,2023,Alberta,Females,"Total, 18 years and over","Sense of belonging to local community, somewhat strong or very strong",60.2,,,percent,
2019/2020,2019,British Columbia,Both sexes,"Total, 18 years and over","Perceived mental health, very good or excellent",62.4,,,percent,
2021/2022,2021,British Columbia,Both sexes,"Total, 18 years and over","Perceived mental health, very good or excellent",53.0,,,percent,
2023/2024,2023,British Columbia,Both sexes,"Total, 18 years and over","Perceived mental health, very good or excellent",49.1,,,percent,
2019/2020,2019,British Columbia,Both sexes,"Total, 18 years and over","Perceived mental health, fair or poor",9.8,,,percent,
2021/2022,2021,British Columbia,Both sexes,"Total, 18 years and over","Perceived mental health, fair or poor",16.0,,,percent,
2023/2024,2023,British Columbia,Both sexes,"Total, 18 years and over","Perceived mental health, fair or poor",17.7,,,percent,
2019/2020,2019,British Columbia,Both sexes,"Total, 18 years and over","Perceived life stress, most days quite a bit or extremely stressful",21.2,,,percent,
2021/2022,2021,British Columbia,Both sexes,"Total, 18 years and over","Perceived life stress, most days quite a bit or extremely stressful",21.3,,,percent,
2023/2024,2023,British Columbia,Both sexes,"Total, 18 years and over","Perceived life stress, most days quite a bit or extremely stressful",23.6,,,percent,
2019/2020,2019,British Columbia,Both sexes,"Total, 18 years and over",Mood disorder,9.9,,,percent,
2021/2022,2021,British Columbia,Both sexes,"Total, 18 years and over",Mood disorder,12.4,,,percent,
2023/2024,2023,British Columbia,Both sexes,"Total, 18 years and over",Mood disorder,14.4,,,percent,
2019/2020,2019,British Columbia,Both sexes,"Total, 18 years and over",Anxiety disorder,9.4,,,percent,
2021/2022,2021,British Columbia,Both sexes,"Total, 18 years and over",Anxiety disorder,12.3,,,percent,
2023/2024,2023,British Columbia,Both sexes,"Total, 18 years and over",Anxiety disorder,,,,percent,..
2019/2020,2019,British Columbia,Both sexes,"Total, 18 years and over","Cannabis use, past 12 months",24.0,,,percent,
2021/2022,2021,British Columbia,Both sexes,"Total, 18 years and over","Cannabis use, past 12 months",26.2,,,percent,
2023/2024,2023,British Columbia,Both sexes,"Total, 18 years and over","Cannabis use, past 12 months",23.9,,,percent,
2019/2020,2019,British Columbia,Both sexes,"Total, 18 years and over",Heavy drinking,18.7,,,percent,
2021/2022,2021,British Columbia,Both sexes,"Total, 18 years and over",Heavy drinking,18.0,,,percent,
2023/2024,2023,British Columbia,Both sexes,"Total, 18 years and over",Heavy drinking,19.0,,,percent,
2019/2020,2019,British Columbia,Both sexes,"Total, 18 years and over","Sense of belonging to local community, somewhat strong or very strong",69.5,,,percent,
2021/2022,2021,British Columbia,Both sexes,"Total, 18 years and over","Sense of belonging to local community, somewhat strong or very strong",67.3,,,percent,
2023/2024,2023,British Columbia,Both sexes,"Total, 18 years and over","Sense of belonging to local community, somewhat strong or very strong",61.3,,,percent,
2019/2020,2019,British Columbia,Males,"Total, 18 years and over","Perceived mental health, very good or excellent",65.9,,,percent,
2021/2022,2021,British Columbia,Males,"Total, 18 years and over","Perceived mental health, very good or excellent",57.1,,,percent,
2023/2024,2023,British Columbia,Males,"Total, 18 years and over","Perceived mental health, very good or excellent",51.4,,,percent,
2019/2020,2019,British Columbia,Males,"Total, 18 years and over","Perceived mental health, fair or poor",8.9,,,percent,
2021/2022,2021,British Columbia,Males,"Total, 18 years and over","Perceived mental health, fair or poor",13.5,,,percent,
2023/2024,2023,British Columbia,Males,"Total, 18 years and over","Perceived mental health, fair or poor",17.2,,,percent,
2019/2020,2019,British Columbia,Males,"Total, 18 years and over","Perceived life stress, most days quite a bit or extremely stressful",21.4,,,percent,
2021/2022,2021,British Columbia,Males,"Total, 18 years and over","Perceived life stress, most days quite a bit or extremely stressful",19.6,,,percent,
2023/2024,2023,British Columbia,Males,"Total, 18 years and over","Perceived life stress, most days quite a bit or extremely stressful",21.3,,,percent,
2019/2020,2019,British Columbia,Males,"Total, 18 years and over",Mood disorder,7.6,,,percent,
2021/2022,2021,British Columbia,Males,"Total, 18 years and over",Mood disorder,9.4,,,percent,
2023/2024,2023,British Columbia,Males,"Total, 18 years and over",Mood disorder,11.4,,,percent,
2019/2020,2019,British Columbia,Males,"Total, 18 years and over",Anxiety disorder,7.1,,,percent,
2021/2022,2021,British Columbia,Males,"Total, 18 years and over",Anxiety disorder,8.1,,,percent,
2023/2024,2023,British Columbia,Males,"Total, 18 years and over",Anxiety disorder,,,,percent,..
2019/2020,2019,British Columbia,Males,"Total, 18 years and over","Cannabis use, past 12 months",28.2,,,percent,
2021/2022,2021,British Columbia,Males,"Total, 18 years and over","Cannabis use, past 12 months",29.3,,,percent,
2023/2024,2023,British Columbia,Males,"Total, 18 years and over","Cannabis use, past 12 months",27.4,,,percent,
2019/2020,2019,British Columbia,Males,"Total, 18 years and over",Heavy drinking,21.9,,,percent,
2021/2022,2021,British Columbia,Males,"Total, 18 years and over",Heavy drinking,21.2,,,percent,
2023/2024,2023,British Columbia,Males,"Total, 18 years and over",Heavy drinking,21.1,,,percent,
2019/2020,2019,British Columbia,Males,"Total, 18 years and over","Sense of belonging to local community, somewhat strong or very strong",67.7,,,percent,
2021/2022,2021,British Columbia,Males,"Total, 18 years and over","Sense of belonging to local community, somewhat strong or very strong",65.3,,,percent,
2023/2024,2023,British Columbia,Males,"Total, 18 years and over","Sense of belonging to local community, somewhat strong or very strong",60.2,,,percent,
2019/2020,2019,British Columbia,Females,"Total, 18 years and over","Perceived mental health, very good or excellent",59.2,,,percent,
2021/2022,2021,British Columbia,Females,"Total, 18 years and over","Perceived mental health, very good or excellent",49.2,,,percent,
2023/2024,2023,British Columbia,Females,"Total, 18 years and over","Perceived mental health, very good or excellent",46.8,,,percent,
2019/2020,2019,British Columbia,Females,"Total, 18 years and over","Perceived mental health, fair or poor",10.6,,,percent,
2021/2022,2021,British Columbia,Females,"Total, 18 years and over","Perceived mental health, fair or poor",18.4,,,percent,
2023/2024,2023,British Columbia,Females,"Total, 18 years and over","Perceived mental health, fair or poor",18.1,,,percent,
2019/2020,2019,British Columbia,Females,"Total, 18 years and over","Perceived life stress, most days quite a bit or extremely stressful",21.0,,,percent,
2021/2022,2021,British Columbia,Females,"Total, 18 years and over","Perceived life stress, most days quite a bit or extremely stressful",23.0,,,percent,
2023/2024,2023,British Columbia,Females,"Total, 18 years and over","Perceived life stress, most days quite a bit or extremely stressful",25.8,,,percent,
2019/2020,2019,British Columbia,Females,"Total, 18 years and over",Mood disorder,12.0,,,percent,
2021/2022,2021,British Columbia,Females,"Total, 18 years and over",Mood disorder,15.2,,,percent,
2023/2024,2023,British Columbia,Females,"Total, 18 years and over",Mood disorder,17.3,,,percent,
2019/2020,2019,British Columbia,Females,"Total, 18 years and over",Anxiety disorder,11.6,,,percent,
2021/2022,2021,British Columbia,Females,"Total, 18 years and over",Anxiety disorder,16.3,,,percent,
2023/2024,2023,British Columbia,Females,"Total, 18 years and over",Anxiety disorder,,,,percent,..
2019/2020,2019,British Columbia,Females,"Total, 18 years and over","Cannabis use, past 12 months",19.9,,,percent,
2021/2022,2021,British Columbia,Females,"Total, 18 years and over","Cannabis use, past 12 months",23.3,,,percent,
2023/2024,2023,British Columbia,Females,"Total, 18 years and over","Cannabis use, past 12 months",20.6,,,percent,
2019/2020,2019,British Columbia,Females,"Total, 18 years and over",Heavy drinking,15.6,,,percent,
2021/2022,2021,British Columbia,Females,"Total, 18 years and over",Heavy drinking,14.9,,,percent,
2023/2024,2023,British Columbia,Females,"Total, 18 years and over",Heavy drinking,17.0,,,percent,
2019/2020,2019,British Columbia,Females,"Total, 18 years and over","Sense of belonging to local community, somewhat strong or very strong",71.2,,,percent,
2021/2022,2021,British Columbia,Females,"Total, 18 years and over","Sense of belonging to local community, somewhat strong or very strong",69.2,,,percent,
2023/2024,2023,British Columbia,Females,"Total, 18 years and over","Sense of belonging to local community, somewhat strong or very strong",62.4,,,percent,
2019/2020,2019,Yukon,Both sexes,"Total, 18 years and over","Perceived mental health, very good or excellent",65.8,,,percent,
2021/2022,2021,Yukon,Both sexes,"Total, 18 years and over","Perceived mental health, very good or excellent",47.1,,,percent,
2023/2024,2023,Yukon,Both sexes,"Total, 18 years and over","Perceived mental health, very good or excellent",51.0,,,percent,
2019/2020,2019,Yukon,Both sexes,"Total, 18 years and over","Perceived mental health, fair or poor",8.4,,,percent,
2021/2022,2021,Yukon,Both sexes,"Total, 18 years and over","Perceived mental health, fair or poor",15.4,,,percent,
2023/2024,2023,Yukon,Both sexes,"Total, 18 years and over","Perceived mental health, fair or poor",15.0,,,percent,
2019/2020,2019,Yukon,Both sexes,"Total, 18 years and over","Perceived life stress, most days quite a bit or extremely stressful",17.0,,,percent,
2021/2022,2021,Yukon,Both sexes,"Total, 18 years and over","Perceived life stress, most days quite a bit or extremely stressful",25.3,,,percent,
2023/2024,2023,Yukon,Both sexes,"Total, 18 years and over","Perceived life stress, most days quite a bit or extremely stressful",21.1,,,percent,
2019/2020,2019,Yukon,Both sexes,"Total, 18 years and over",Mood disorder,8.4,,,percent,
2021/2022,2021,Yukon,Both sexes,"Total, 18 years and over",Mood disorder,17.2,,,percent,
2023/2024,2023,Yukon,Both sexes,"Total, 18 years and over",Mood disorder,12.8,,,percent,
2019/2020,2019,Yukon,Both sexes,"Total, 18 years and over",Anxiety disorder,6.8,,,percent,
2021/2022,2021,Yukon,Both sexes,"Total, 18 years and over",Anxiety disorder,14.8,,,percent,
2023/2024,2023,Yukon,Both sexes,"Total, 18 years and over",Anxiety disorder,13.7,,,percent,
2019/2020,2019,Yukon,Both sexes,"Total, 18 years and over","Cannabis use, past 12 months",34.1,,,percent,
2021/2022,2021,Yukon,Both sexes,"Total, 18 years and over","Cannabis use, past 12 months",41.0,,,percent,
2023/2024,2023,Yukon,Both sexes,"Total, 18 years and over","Cannabis use, past 12 months",31.1,,,percent,
2019/2020,2019,Yukon,Both sexes,"Total, 18 years and over",Heavy drinking,22.1,,,percent,
2021/2022,2021,Yukon,Both sexes,"Total, 18 years and over",Heavy drinking,29.2,,,percent,
2023/2024,2023,Yukon,Both sexes,"Total, 18 years and over",Heavy drinking,21.3,,,percent,
2019/2020,2019,Yukon,Both sexes,"Total, 18 years and over","Sense of belonging to local community, somewhat strong or very strong",83.6,,,percent,
2021/2022,2021,Yukon,Both sexes,"Total, 18 years and over","Sense of belonging to local community, somewhat strong or very strong",76.7,,,percent,
2023/2024,2023,Yukon,Both sexes,"Total, 18 years and over","Sense of belonging to local community, somewhat strong or very strong",72.4,,,percent,
2019/2020,2019,Yukon,Males,"Total, 18 years and over","Perceived mental health, very good or excellent",67.9,,,percent,
2021/2022,2021,Yukon,Males,"Total, 18 years and over","Perceived mental health, very good or excellent",56.3,,,percent,
2023/2024,2023,Yukon,Males,"Total, 18 years and over","Perceived mental health, very good or excellent",53.6,,,percent,
2019/2020,2019,Yukon,Males,"Total, 18 years and over","Perceived mental health, fair or poor",7.2,,,percent,
2021/2022,2021,Yukon,Males,"Total, 18 years and over","Perceived mental health, fair or poor",12.0,,,percent,
2023/2024,2023,Yukon,Males,"Total, 18 years and over","Perceived mental health, fair or poor",13.5,,,percent,
2019/2020,2019,Yukon,Males,"Total, 18 years and over","Perceived life stress, most days quite a bit or extremely stressful",16.1,,,percent,
2021/2022,2021,Yukon,Males,"Total, 18 years and over","Perceived life stress, most days quite a bit or extremely stressful",23.1,,,percent,
2023/2024,2023,Yukon,Males,"Total, 18 years and over","Perceived life stress, most days quite a bit or extremely stressful",19.6,,,percent,
2019/2020,2019,Yukon,Males,"Total, 18 years and over",Mood disorder,5.8,,,percent,
2021/2022,2021,Yukon,Males,"Total, 18 years and over",Mood disorder,13.1,,,percent,
2023/2024,2023,Yukon,Males,"Total, 18 years and over",Mood disorder,6.3,,,percent,
2019/2020,2019,Yukon,Males,"Total, 18 years and over",Anxiety disorder,3.1,,,percent,
2021/2022,2021,Yukon,Males,"Total, 18 years and over",Anxiety disorder,8.2,,,percent,
2023/2024,2023,Yukon,Males,"Total, 18 years and over",Anxiety disorder,7.0,,,percent,
2019/2020,2019,Yukon,Males,"Total, 18 years and over","Cannabis use, past 12 months",40.0,,,percent,
2021/2022,2021,Yukon,Males,"Total, 18 years and over","Cannabis use, past 12 months",47.1,,,percent,
2023/2024,2023,Yukon,Males,"Total, 18 years and over","Cannabis use, past 12 months",32.6,,,percent,
2019/2020,2019,Yukon,Males,"Total, 18 years and over",Heavy drinking,24.8,,,percent,
2021/2022,2021,Yukon,Males,"Total, 18 years and over",Heavy drinking,34.6,,,percent,
2023/2024,2023,Yukon,Males,"Total, 18 years and over",Heavy drinking,24.5,,,percent,
2019/2020,2019,Yukon,Males,"Total, 18 years and over","Sense of belonging to local community, somewhat strong or very strong",81.3,,,percent,
2021/2022,2021,Yukon,Males,"Total, 18 years and over","Sense of belonging to local community, somewhat strong or very strong",79.0,,,percent,
2023/2024,2023,Yukon,Males,"Total, 18 years and over","Sense of belonging to local community, somewhat strong or very strong",72.4,,,percent,
2019/2020,2019,Yukon,Females,"Total, 18 years and over","Perceived mental health, very good or excellent",63.8,,,percent,
2021/2022,2021,Yukon,Females,"Total, 18 years and over","Perceived mental health, very good or excellent",37.8,,,percent,
2023/2024,2023,Yukon,Females,"Total, 18 years and over","Perceived mental health, very good or excellent",48.4,,,percent,
2019/2020,2019,Yukon,Females,"Total, 18 years and over","Perceived mental health, fair or poor",9.6,,,percent,
2021/2022,2021,Yukon,Females,"Total, 18 years and over","Perceived mental health, fair or poor",18.7,,,percent,
2023/2024,2023,Yukon,Females,"Total, 18 years and over","Perceived mental health, fair or poor",16.4,,,percent,
2019/2020,2019,Yukon,Females,"Total, 18 years and over","Perceived life stress, most days quite a bit or extremely stressful",18.0,,,percent,
2021/2022,2021,Yukon,Females,"Total, 18 years and over","Perceived life stress, most days quite a bit or extremely stressful",27.5,,,percent,
2023/2024,2023,Yukon,Females,"Total, 18 years and over","Perceived life stress, most days quite a bit or extremely stressful",22.6,,,percent,
2019/2020,2019,Yukon,Females,"Total, 18 years and over",Mood disorder,11.2,,,percent,
2021/2022,2021,Yukon,Females,"Total, 18 years and over",Mood disorder,21.4,,,percent,
2023/2024,2023,Yukon,Females,"Total, 18 years and over",Mood disorder,19.1,,,percent,
2019/2020,2019,Yukon,Females,"Total, 18 years and over",Anxiety disorder,10.5,,,percent,
2021/2022,2021,Yukon,Females,"Total, 18 years and over",Anxiety disorder,21.5,,,percent,
2023/2024,2023,Yukon,Females,"Total, 18 years and over",Anxiety disorder,20.3,,,percent,
2019/2020,2019,Yukon,Females,"Total, 18 years and over","Cannabis use, past 12 months",28.3,,,percent,
2021/2022,2021,Yukon,Females,"Total, 18 years and over","Cannabis use, past 12 months",34.8,,,percent,
2023/2024,2023,Yukon,Females,"Total, 18 years and over","Cannabis use, past 12 months",29.6,,,percent,
2019/2020,2019,Yukon,Females,"Total, 18 years and over",Heavy drinking,19.3,,,percent,
2021/2022,2021,Yukon,Females,"Total, 18 years and over",Heavy drinking,23.8,,,percent,
2023/2024,2023,Yukon,Females,"Total, 18 years and over",Heavy drinking,18.3,,,percent,
2019/2020,2019,Yukon,Females,"Total, 18 years and over","Sense of belonging to local community, somewhat strong or very strong",85.8,,,percent,
2021/2022,2021,Yukon,Females,"Total, 18 years and over","Sense of belonging to local community, somewhat strong or very strong",74.3,,,percent,
2023/2024,2023,Yukon,Females,"Total, 18 years and over","Sense of belonging to local community, somewhat strong or very strong",72.3,,,percent,
2019/2020,2019,Northwest Territories,Both sexes,"Total, 18 years and over","Perceived mental health, very good or excellent",58.7,,,percent,
2021/2022,2021,Northwest Territories,Both sexes,"Total, 18 years and over","Perceived mental health, very good or excellent",41.4,,,percent,
2023/2024,2023,Northwest Territories,Both sexes,"Total, 18 years and over","Perceived mental health, very good or excellent",46.1,,,percent,
2019/2020,2019,Northwest Territories,Both sexes,"Total, 18 years and over","Perceived mental health, fair or poor",13.2,,,percent,
2021/2022,2021,Northwest Territories,Both sexes,"Total, 18 years and over","Perceived mental health, fair or poor",17.7,,,percent,
2023/2024,2023,Northwest Territories,Both sexes,"Total, 18 years and over","Perceived mental health, fair or poor",18.1,,,percent,
2019/2020,2019,Northwest Territories,Both sexes,"Total, 18 years and over","Perceived life stress, most days quite a bit or extremely stressful",20.5,,,percent,
2021/2022,2021,Northwest Territories,Both sexes,"Total, 18 years and over","Perceived life stress, most days quite a bit or extremely stressful",20.4,,,percent,
2023/2024,2023,Northwest Territories,Both sexes,"Total, 18 years and over","Perceived life stress, most days quite a bit or extremely stressful",22.6,,,percent,
2019/2020,2019,Northwest Territories,Both sexes,"Total, 18 years and over",Mood disorder,8.9,,,percent,
2021/2022,2021,Northwest Territories,Both sexes,"Total, 18 years and over",Mood disorder,12.0,,,percent,
2023/2024,2023,Northwest Territories,Both sexes,"Total, 18 years and over",Mood disorder,14.0,,,percent,
2019/2020,2019,Northwest Territories,Both sexes,"Total, 18 years and over",Anxiety disorder,7.7,,,percent,
2021/2022,2021,Northwest Territories,Both sexes,"Total, 18 years and over",Anxiety disorder,14.7,,,percent,
2023/2024,2023,Northwest Territories,Both sexes,"Total, 18 years and over",Anxiety disorder,15.9,,,percent,
2019/2020,2019,Northwest Territories,Both sexes,"Total, 18 years and over","Cannabis use, past 12 months",34.7,,,percent,
2021/2022,2021,Northwest Territories,Both sexes,"Total, 18 years and over","Cannabis use, past 12 months",38.6,,,percent,
2023/2024,2023,Northwest Territories,Both sexes,"Total, 18 years and over","Cannabis use, past 12 months",35.2,,,percent,
2019/2020,2019,Northwest Territories,Both sexes,"Total, 18 years and over",Heavy drinking,31.1,,,percent,
2021/2022,2021,Northwest Territories,Both sexes,"Total, 18 years and over",Heavy drinking,31.7,,,percent,
2023/2024,2023,Northwest Territories,Both sexes,"Total, 18 years and over",Heavy drinking,24.8,,,percent,
2019/2020,2019,Northwest Territories,Both sexes,"Total, 18 years and over","Sense of belonging to local community, somewhat strong or very strong",79.3,,,percent,
2021/2022,2021,Northwest Territories,Both sexes,"Total, 18 years and over","Sense of belonging to local community, somewhat strong or very strong",75.3,,,percent,
2023/2024,2023,Northwest Territories,Both sexes,"Total, 18 years and over","Sense of belonging to local community, somewhat strong or very strong",71.6,,,percent,
2019/2020,2019,Northwest Territories,Males,"Total, 18 years and over","Perceived mental health, very good or excellent",63.5,,,percent,
2021/2022,2021,Northwest Territories,Males,"Total, 18 years and over","Perceived mental health, very good or excellent",47.1,,,percent,
2023/2024,2023,Northwest Territories,Males,"Total, 18 years and over","Perceived mental health, very good or excellent",51.9,,,percent,
2019/2020,2019,Northwest Territories,Males,"Total, 18 years and over","Perceived mental health, fair or poor",12.8,,,percent,
2021/2022,2021,Northwest Territories,Males,"Total, 18 years and over","Perceived mental health, fair or poor",14.0,,,percent,
2023/2024,2023,Northwest Territories,Males,"Total, 18 years and over","Perceived mental health, fair or poor",14.3,,,percent,
2019/2020,2019,Northwest Territories,Males,"Total, 18 years and over","Perceived life stress, most days quite a bit or extremely stressful",14.3,,,percent,
2021/2022,2021,Northwest Territories,Males,"Total, 18 years and over","Perceived life stress, most days quite a bit or extremely stressful",16.3,,,percent,
2023/2024,2023,Northwest Territories,Males,"Total, 18 years and over","Perceived life stress, most days quite a bit or extremely stressful",20.5,,,percent,
2019/2020,2019,Northwest Territories,Males,"Total, 18 years and over",Mood disorder,8.5,,,percent,
2021/2022,2021,Northwest Territories,Males,"Total, 18 years and over",Mood disorder,6.7,,,percent,
2023/2024,2023,Northwest Territories,Males,"Total, 18 years and over",Mood disorder,10.6,,,percent,
2019/2020,2019,Northwest Territories,Males,"Total, 18 years and over",Anxiety disorder,4.6,,,percent,
2021/2022,2021,Northwest Territories,Males,"Total, 18 years and over",Anxiety disorder,8.1,,,percent,
2023/2024,2023,Northwest Territories,Males,"Total, 18 years and over",Anxiety disorder,10.5,,,percent,
2019/2020,2019,Northwest Territories,Males,"Total, 18 years and over","Cannabis use, past 12 months",38.4,,,percent,
2021/2022,2021,Northwest Territories,Males,"Total, 18 years and over","Cannabis use, past 12 months",45.1,,,percent,
2023/2024,2023,Northwest Territories,Males,"Total, 18 years and over","Cannabis use, past 12 months",35.8,,,percent,
2019/2020,2019,Northwest Territories,Males,"Total, 18 years and over",Heavy drinking,34.9,,,percent,
2021/2022,2021,Northwest Territories,Males,"Total, 18 years and over",Heavy drinking,37.2,,,percent,
2023/2024,2023,Northwest Territories,Males,"Total, 18 years and over",Heavy drinking,25.9,,,percent,
2019/2020,2019,Northwest Territories,Males,"Total, 18 years and over","Sense of belonging to local community, somewhat strong or very strong",72.2,,,percent,
2021/2022,2021,Northwest Territories,Males,"Total, 18 years and over","Sense of belonging to local community, somewhat strong or very strong",77.6,,,percent,
2023/2024,2023,Northwest Territories,Males,"Total, 18 years and over","Sense of belonging to local community, somewhat strong or very strong",71.4,,,percent,
2019/2020,2019,Northwest Territories,Females,"Total, 18 years and over","Perceived mental health, very good or excellent",53.8,,,percent,
2021/2022,2021,Northwest Territories,Females,"Total, 18 years and over","Perceived mental health, very good or excellent",35.6,,,percent,
2023/2024,2023,Northwest Territories,Females,"Total, 18 years and over","Perceived mental health, very good or excellent",40.3,,,percent,
2019/2020,2019,Northwest Territories,Females,"Total, 18 years and over","Perceived mental health, fair or poor",13.6,,,percent,
2021/2022,2021,Northwest Territories,Females,"Total, 18 years and over","Perceived mental health, fair or poor",21.5,,,percent,
2023/2024,2023,Northwest Territories,Females,"Total, 18 years and over","Perceived mental health, fair or poor",21.9,,,percent,
2019/2020,2019,Northwest Territories,Females,"Total, 18 years and over","Perceived life stress, most days quite a bit or extremely stressful",26.9,,,percent,
2021/2022,2021,Northwest Territories,Females,"Total, 18 years and over","Perceived life stress, most days quite a bit or extremely stressful",24.8,,,percent,
2023/2024,2023,Northwest Territories,Females,"Total, 18 years and over","Perceived life stress, most days quite a bit or extremely stressful",24.6,,,percent,
2019/2020,2019,Northwest Territories,Females,"Total, 18 years and over",Mood disorder,9.3,,,percent,
2021/2022,2021,Northwest Territories,Females,"Total, 18 years and over",Mood disorder,17.5,,,percent,
2023/2024,2023,Northwest Territories,Females,"Total, 18 years and over",Mood disorder,17.5,,,percent,
2019/2020,2019,Northwest Territories,Females,"Total, 18 years and over",Anxiety disorder,11.0,,,percent,
2021/2022,2021,Northwest Territories,Females,"Total, 18 years and over",Anxiety disorder,21.6,,,percent,
2023/2024,2023,Northwest Territories,Females,"Total, 18 years and over",Anxiety disorder,21.5,,,percent,
2019/2020,2019,Northwest Territories,Females,"Total, 18 years and over","Cannabis use, past 12 months",31.0,,,percent,
2021/2022,2021,Northwest Territories,Females,"Total, 18 years and over","Cannabis use, past 12 months",31.9,,,percent,
2023/2024,2023,Northwest Territories,Females,"Total, 18 years and over","Cannabis use, past 12 months",34.5,,,percent,
2019/2020,2019,Northwest Territories,Females,"Total, 18 years and over",Heavy drinking,27.2,,,percent,
2021/2022,2021,Northwest Territories,Females,"Total, 18 years and over",Heavy drinking,26.0,,,percent,
2023/2024,2023,Northwest Territories,Females,"Total, 18 years and over",Heavy drinking,23.7,,,percent,
2019/2020,2019,Northwest Territories,Females,"Total, 18 years and over","Sense of belonging to local community, somewhat strong or very strong",86.5,,,percent,
2021/2022,2021,Northwest Territories,Females,"Total, 18 years and over","Sense of belonging to local community, somewhat strong or very strong",72.9,,,percent,
2023/2024,2023,Northwest Territories,Females,"Total, 18 years and over","Sense of belonging to local community, somewhat strong or very strong",71.8,,,percent,
2019/2020,2019,Nunavut,Both sexes,"Total, 18 years and over","Perceived mental health, very good or excellent",48.7,,,percent,E
2021/2022,2021,Nunavut,Both sexes,"Total, 18 years and over","Perceived mental health, very good or excellent",44.8,,,percent,
2023/2024,2023,Nunavut,Both sexes,"Total, 18 years and over","Perceived mental health, very good or excellent",42.6,,,percent,
2019/2020,2019,Nunavut,Both sexes,"Total, 18 years and over","Perceived mental health, fair or poor",8.2,,,percent,E
2021/2022,2021,Nunavut,Both sexes,"Total, 18 years and over","Perceived mental health, fair or poor",16.9,,,percent,
2023/2024,2023,Nunavut,Both sexes,"Total, 18 years and over","Perceived mental health, fair or poor",15.2,,,percent,
2019/2020,2019,Nunavut,Both sexes,"Total, 18 years and over","Perceived life stress, most days quite a bit or extremely stressful",13.9,,,percent,
2021/2022,2021,Nunavut,Both sexes,"Total, 18 years and over","Perceived life stress, most days quite a bit or extremely stressful",19.1,,,percent,
2023/2024,2023,Nunavut,Both sexes,"Total, 18 years and over","Perceived life stress, most days quite a bit or extremely stressful",15.4,,,percent,
2019/2020,2019,Nunavut,Both sexes,"Total, 18 years and over",Mood disorder,7.3,,,percent,
2021/2022,2021,Nunavut,Both sexes,"Total, 18 years and over",Mood disorder,14.2,,,percent,
2023/2024,2023,Nunavut,Both sexes,"Total, 18 years and over",Mood disorder,14.6,,,percent,
2019/2020,2019,Nunavut,Both sexes,"Total, 18 years and over",Anxiety disorder,7.6,,,percent,
2021/2022,2021,Nunavut,Both sexes,"Total, 18 years and over",Anxiety disorder,9.6,,,percent,
2023/2024,2023,Nunavut,Both sexes,"Total, 18 years and over",Anxiety disorder,,,,percent,..
2019/2020,2019,Nunavut,Both sexes,"Total, 18 years and over","Cannabis use, past 12 months",43.0,,,percent,
2021/2022,2021,Nunavut,Both sexes,"Total, 18 years and over","Cannabis use, past 12 months",47.7,,,percent,
2023/2024,2023,Nunavut,Both sexes,"Total, 18 years and over","Cannabis use, past 12 months",46.5,,,percent,
2019/2020,2019,Nunavut,Both sexes,"Total, 18 years and over",Heavy drinking,21.8,,,percent,
2021/2022,2021,Nunavut,Both sexes,"Total, 18 years and over",Heavy drinking,26.4,,,percent,
2023/2024,2023,Nunavut,Both sexes,"Total, 18 years and over",Heavy drinking,21.0,,,percent,
2019/2020,2019,Nunavut,Both sexes,"Total, 18 years and over","Sense of belonging to local community, somewhat strong or very strong",83.7,,,percent,
2021/2022,2021,Nunavut,Both sexes,"Total, 18 years and over","Sense of belonging to local community, somewhat strong or very strong",85.8,,,percent,
2023/2024,2023,Nunavut,Both sexes,"Total, 18 years and over","Sense of belonging to local community, somewhat strong or very strong",83.2,,,percent,
2019/2020,2019,Nunavut,Males,"Total, 18 years and over","Perceived mental health, very good or excellent",,,,percent,F
2021/2022,2021,Nunavut,Males,"Total, 18 years and over","Perceived mental health, very good or excellent",49.8,,,percent,
2023/2024,2023,Nunavut,Males,"Total, 18 years and over","Perceived mental health, very good or excellent",46.2,,,percent,
2019/2020,2019,Nunavut,Males,"Total, 18 years and over","Perceived mental health, fair or poor",8.9,,,percent,E
2021/2022,2021,Nunavut,Males,"Total, 18 years and over","Perceived mental health, fair or poor",13.1,,,percent,
2023/2024,2023,Nunavut,Males,"Total, 18 years and over","Perceived mental health, fair or poor",12.6,,,percent,
2019/2020,2019,Nunavut,Males,"Total, 18 years and over","Perceived life stress, most days quite a bit or extremely stressful",12.7,,,percent,
2021/2022,2021,Nunavut,Males,"Total, 18 years and over","Perceived life stress, most days quite a bit or extremely stressful",17.7,,,percent,
2023/2024,2023,Nunavut,Males,"Total, 18 years and over","Perceived life stress, most days quite a bit or extremely stressful",13.8,,,percent,
2019/2020,2019,Nunavut,Males,"Total, 18 years and over",Mood disorder,8.0,,,percent,
2021/2022,2021,Nunavut,Males,"Total, 18 years and over",Mood disorder,13.5,,,percent,
2023/2024,2023,Nunavut,Males,"Total, 18 years and over",Mood disorder,11.0,,,percent,
2019/2020,2019,Nunavut,Males,"Total, 18 years and over",Anxiety disorder,6.0,,,percent,
2021/2022,2021,Nunavut,Males,"Total, 18 years and over",Anxiety disorder,5.2,,,percent,
2023/2024,2023,Nunavut,Males,"Total, 18 years and over",Anxiety disorder,,,,percent,..
2019/2020,2019,Nunavut,Males,"Total, 18 years and over","Cannabis use, past 12 months",57.9,,,percent,E
2021/2022,2021,Nunavut,Males,"Total, 18 years and over","Cannabis use, past 12 months",59.6,,,percent,
2023/2024,2023,Nunavut,Males,"Total, 18 years and over","Cannabis use, past 12 months",55.8,,,percent,
2019/2020,2019,Nunavut,Males,"Total, 18 years and over",Heavy drinking,27.0,,,percent,E
2021/2022,2021,Nunavut,Males,"Total, 18 years and over",Heavy drinking,32.4,,,percent,
2023/2024,2023,Nunavut,Males,"Total, 18 years and over",Heavy drinking,21.1,,,percent,
2019/2020,2019,Nunavut,Males,"Total, 18 years and over","Sense of belonging to local community, somewhat strong or very strong",85.7,,,percent,
2021/2022,2021,Nunavut,Males,"Total, 18 years and over","Sense of belonging to local community, somewhat strong or very strong",85.7,,,percent,
2023/2024,2023,Nunavut,Males,"Total, 18 years and over","Sense of belonging to local community, somewhat strong or very strong",82.4,,,percent,
2019/2020,2019,Nunavut,Females,"Total, 18 years and over","Perceived mental health, very good or excellent",,,,percent,F
2021/2022,2021,Nunavut,Females,"Total, 18 years and over","Perceived mental health, very good or excellent",39.6,,,percent,
2023/2024,2023,Nunavut,Females,"Total, 18 years and over","Perceived mental health, very good or excellent",38.9,,,percent,
2019/2020,2019,Nunavut,Females,"Total, 18 years and over","Perceived mental health, fair or poor",7.5,,,percent,E
2021/2022,2021,Nunavut,Females,"Total, 18 years and over","Perceived mental health, fair or poor",20.9,,,percent,E
2023/2024,2023,Nunavut,Females,"Total, 18 years and over","Perceived mental health, fair or poor",17.9,,,percent,
2019/2020,2019,Nunavut,Females,"Total, 18 years and over","Perceived life stress, most days quite a bit or extremely stressful",15.1,,,percent,
2021/2022,2021,Nunavut,Females,"Total, 18 years and over","Perceived life stress, most days quite a bit or extremely stressful",20.5,,,percent,
2023/2024,2023,Nunavut,Females,"Total, 18 years and over","Perceived life stress, most days quite a bit or extremely stressful",17.0,,,percent,
2019/2020,2019,Nunavut,Females,"Total, 18 years and over",Mood disorder,6.6,,,percent,
2021/2022,2021,Nunavut,Females,"Total, 18 years and over",Mood disorder,14.9,,,percent,
2023/2024,2023,Nunavut,Females,"Total, 18 years and over",Mood disorder,18.3,,,percent,
2019/2020,2019,Nunavut,Females,"Total, 18 years and over",Anxiety disorder,9.3,,,percent,E
2021/2022,2021,Nunavut,Females,"Total, 18 years and over",Anxiety disorder,14.0,,,percent,
2023/2024,2023,Nunavut,Females,"Total, 18 years and over",Anxiety disorder,,,,percent,..
2019/2020,2019,Nunavut,Females,"Total, 18 years and over","Cannabis use, past 12 months",27.5,,,percent,
2021/2022,2021,Nunavut,Females,"Total, 18 years and over","Cannabis use, past 12 months",35.4,,,percent,E
2023/2024,2023,Nunavut,Females,"Total, 18 years and over","Cannabis use, past 12 months",37.0,,,percent,
2019/2020,2019,Nunavut,Females,"Total, 18 years and over",Heavy drinking,16.3,,,percent,E
2021/2022,2021,Nunavut,Females,"Total, 18 years and over",Heavy drinking,20.3,,,percent,
2023/2024,2023,Nunavut,Females,"Total, 18 years and over",Heavy drinking,20.8,,,percent,
2019/2020,2019,Nunavut,Females,"Total, 18 years and over","Sense of belonging to local community, somewhat strong or very strong",81.6,,,percent,E
2021/2022,2021,Nunavut,Females,"Total, 18 years and over","Sense of belonging to local community, somewhat strong or very strong",85.8,,,percent,E
2023/2024,2023,Nunavut,Females,"Total, 18 years and over","Sense of belonging to local community, somewhat strong or very strong",84.1,,,percent,
