ref_date_raw,start_year,geo,sex,age_group,indicator,value,ci_low,ci_high,metric_type,quality_flag,vector,ref_date,dguid,uom,scalar_factor
2015,2015,Alberta,Both sexes,12 to 17 years,Consultation with a health professional about emotional or mental health,,27500.0,,,,v111451568,2015,2016A000248,Number,units
2015,2015,Alberta,Both sexes,12 to 17 years,Consultation with a health professional about emotional or mental health,,,49800.0,,,v111451569,2015,2016A000248,Number,units
2015,2015,Alberta,Both sexes,12 to 17 years,Consultation with a health professional about emotional or mental health,15.1,,,percent,,v111451570,2015,2016A000248,Percent,units
2015,2015,Alberta,Both sexes,12 to 17 years,Consultation with a health professional about emotional or mental health,10.8,,,percent,,v111451571,2015,2016A000248,Percent,units
2015,2015,Alberta,Both sexes,12 to 17 years,Consultation with a health professional about emotional or mental health,19.4,,,percent,,v111451572,2015,2016A000248,Percent,units
2015,2015,Alberta,Both sexes,12 to 17 years,"Positive mental health, flourishing",,215300.0,,,,v111451575,2015,2016A000248,Number,units
2015,2015,Alberta,Both sexes,12 to 17 years,"Positive mental health, flourishing",,,239200.0,,,v111451576,2015,2016A000248,Number,units
2015,2015,Alberta,Both sexes,12 to 17 years,"Positive mental health, flourishing",87.9,,,percent,,v111451577,2015,2016A000248,Percent,units
2015,2015,Alberta,Both sexes,12 to 17 years,"Positive mental health, flourishing",83.9,,,percent,,v111451578,2015,2016A000248,Percent,units
2015,2015,Alberta,Both sexes,12 to 17 years,"Positive mental health, flourishing",91.8,,,percent,,v111451579,2015,2016A000248,Percent,units
2015,2015,Alberta,Both sexes,12 to 17 years,Suicidal thoughts (15 years and over),,8000.0,,,,v111451582,2015,2016A000248,Number,units
2015,2015,Alberta,Both sexes,12 to 17 years,Suicidal thoughts (15 years and over),,,21800.0,,,v111451583,2015,2016A000248,Number,units
2015,2015,Alberta,Both sexes,12 to 17 years,Suicidal thoughts (15 years and over),11.6,,,percent,e,v111451584,2015,2016A000248,Percent,units
2015,2015,Alberta,Both sexes,12 to 17 years,Suicidal thoughts (15 years and over),6.4,,,percent,e,v111451585,2015,2016A000248,Percent,units
2015,2015,Alberta,Both sexes,12 to 17 years,Suicidal thoughts (15 years and over),16.7,,,percent,e,v111451586,2015,2016A000248,Percent,units
2015,2015,Alberta,Females,12 to 17 years,Consultation with a health professional about emotional or mental health,,14200.0,,,,v111451610,2015,2016A000248,Number,units
2015,2015,Alberta,Females,12 to 17 years,Consultation with a health professional about emotional or mental health,,,31800.0,,,v111451611,2015,2016A000248,Number,units
2015,2015,Alberta,Females,12 to 17 years,Consultation with a health professional about emotional or mental health,18.5,,,percent,e,v111451612,2015,2016A000248,Percent,units
2015,2015,Alberta,Females,12 to 17 years,Consultation with a health professional about emotional or mental health,11.5,,,percent,e,v111451613,2015,2016A000248,Percent,units
2015,2015,Alberta,Females,12 to 17 years,Consultation with a health professional about emotional or mental health,25.5,,,percent,e,v111451614,2015,2016A000248,Percent,units
2015,2015,Alberta,Females,12 to 17 years,"Positive mental health, flourishing",,95500.0,,,,v111451617,2015,2016A000248,Number,units
2015,2015,Alberta,Females,12 to 17 years,"Positive mental health, flourishing",,,114600.0,,,v111451618,2015,2016A000248,Number,units
2015,2015,Alberta,Females,12 to 17 years,"Positive mental health, flourishing",83.1,,,percent,,v111451619,2015,2016A000248,Percent,units
2015,2015,Alberta,Females,12 to 17 years,"Positive mental health, flourishing",76.5,,,percent,,v111451620,2015,2016A000248,Percent,units
2015,2015,Alberta,Females,12 to 17 years,"Positive mental health, flourishing",89.7,,,percent,,v111451621,2015,2016A000248,Percent,units
2015,2015,Alberta,Females,12 to 17 years,Suicidal thoughts (15 years and over),,4200.0,,,,v111451624,2015,2016A000248,Number,units
2015,2015,Alberta,Females,12 to 17 years,Suicidal thoughts (15 years and over),,,16300.0,,,v111451625,2015,2016A000248,Number,units
2015,2015,Alberta,Females,12 to 17 years,Suicidal thoughts (15 years and over),16.4,,,percent,e,v111451626,2015,2016A000248,Percent,units
2015,2015,Alberta,Females,12 to 17 years,Suicidal thoughts (15 years and over),7.3,,,percent,e,v111451627,2015,2016A000248,Percent,units
2015,2015,Alberta,Females,12 to 17 years,Suicidal thoughts (15 years and over),25.5,,,percent,e,v111451628,2015,2016A000248,Percent,units
2015,2015,Alberta,Males,12 to 17 years,Consultation with a health professional about emotional or mental health,,8600.0,,,,v111451589,2015,2016A000248,Number,units
2015,2015,Alberta,Males,12 to 17 years,Consultation with a health professional about emotional or mental health,,,22600.0,,,v111451590,2015,2016A000248,Number,units
2015,2015,Alberta,Males,12 to 17 years,Consultation with a health professional about emotional or mental health,11.9,,,percent,e,v111451591,2015,2016A000248,Percent,units
2015,2015,Alberta,Males,12 to 17 years,Consultation with a health professional about emotional or mental health,6.6,,,percent,e,v111451592,2015,2016A000248,Percent,units
2015,2015,Alberta,Males,12 to 17 years,Consultation with a health professional about emotional or mental health,17.2,,,percent,e,v111451593,2015,2016A000248,Percent,units
2015,2015,Alberta,Males,12 to 17 years,"Positive mental health, flourishing",,115500.0,,,,v111451596,2015,2016A000248,Number,units
2015,2015,Alberta,Males,12 to 17 years,"Positive mental health, flourishing",,,128900.0,,,v111451597,2015,2016A000248,Number,units
2015,2015,Alberta,Males,12 to 17 years,"Positive mental health, flourishing",92.5,,,percent,,v111451598,2015,2016A000248,Percent,units
2015,2015,Alberta,Males,12 to 17 years,"Positive mental health, flourishing",88.2,,,percent,,v111451599,2015,2016A000248,Percent,units
2015,2015,Alberta,Males,12 to 17 years,"Positive mental health, flourishing",96.7,,,percent,,v111451600,2015,2016A000248,Percent,units
2015,2015,Alberta,Both sexes,18 to 34 years,Consultation with a health professional about emotional or mental health,,162800.0,,,,v111451631,2015,2016A000248,Number,units
2015,2015,Alberta,Both sexes,18 to 34 years,Consultation with a health professional about emotional or mental health,,,222300.0,,,v111451632,2015,2016A000248,Number,units
2015,2015,Alberta,Both sexes,18 to 34 years,Consultation with a health professional about emotional or mental health,18.0,,,percent,,v111451633,2015,2016A000248,Percent,units
2015,2015,Alberta,Both sexes,18 to 34 years,Consultation with a health professional about emotional or mental health,15.2,,,percent,,v111451634,2015,2016A000248,Percent,units
2015,2015,Alberta,Both sexes,18 to 34 years,Consultation with a health professional about emotional or mental health,20.7,,,percent,,v111451635,2015,2016A000248,Percent,units
2015,2015,Alberta,Both sexes,18 to 34 years,"Positive mental health, flourishing",,855600.0,,,,v111451638,2015,2016A000248,Number,units
2015,2015,Alberta,Both sexes,18 to 34 years,"Positive mental health, flourishing",,,915300.0,,,v111451639,2015,2016A000248,Number,units
2015,2015,Alberta,Both sexes,18 to 34 years,"Positive mental health, flourishing",82.5,,,percent,,v111451640,2015,2016A000248,Percent,units
2015,2015,Alberta,Both sexes,18 to 34 years,"Positive mental health, flourishing",79.8,,,percent,,v111451641,2015,2016A000248,Percent,units
2015,2015,Alberta,Both sexes,18 to 34 years,"Positive mental health, flourishing",85.2,,,percent,,v111451642,2015,2016A000248,Percent,units
2015,2015,Alberta,Both sexes,18 to 34 years,Suicidal thoughts (15 years and over),,165900.0,,,,v111451645,2015,2016A000248,Number,units
2015,2015,Alberta,Both sexes,18 to 34 years,Suicidal thoughts (15 years and over),,,222100.0,,,v111451646,2015,2016A000248,Number,units
2015,2015,Alberta,Both sexes,18 to 34 years,Suicidal thoughts (15 years and over),18.1,,,percent,,v111451647,2015,2016A000248,Percent,units
2015,2015,Alberta,Both sexes,18 to 34 years,Suicidal thoughts (15 years and over),15.5,,,percent,,v111451648,2015,2016A000248,Percent,units
2015,2015,Alberta,Both sexes,18 to 34 years,Suicidal thoughts (15 years and over),20.8,,,percent,,v111451649,2015,2016A000248,Percent,units
2015,2015,Alberta,Females,18 to 34 years,Consultation with a health professional about emotional or mental health,,113800.0,,,,v111451673,2015,2016A000248,Number,units
2015,2015,Alberta,Females,18 to 34 years,Consultation with a health professional about emotional or mental health,,,155100.0,,,v111451674,2015,2016A000248,Number,units
2015,2015,Alberta,Females,18 to 34 years,Consultation with a health professional about emotional or mental health,25.6,,,percent,,v111451675,2015,2016A000248,Percent,units
2015,2015,Alberta,Females,18 to 34 years,Consultation with a health professional about emotional or mental health,21.7,,,percent,,v111451676,2015,2016A000248,Percent,units
2015,2015,Alberta,Females,18 to 34 years,Consultation with a health professional about emotional or mental health,29.5,,,percent,,v111451677,2015,2016A000248,Percent,units
2015,2015,Alberta,Females,18 to 34 years,"Positive mental health, flourishing",,406000.0,,,,v111451680,2015,2016A000248,Number,units
2015,2015,Alberta,Females,18 to 34 years,"Positive mental health, flourishing",,,446700.0,,,v111451681,2015,2016A000248,Number,units
2015,2015,Alberta,Females,18 to 34 years,"Positive mental health, flourishing",81.3,,,percent,,v111451682,2015,2016A000248,Percent,units
2015,2015,Alberta,Females,18 to 34 years,"Positive mental health, flourishing",77.4,,,percent,,v111451683,2015,2016A000248,Percent,units
2015,2015,Alberta,Females,18 to 34 years,"Positive mental health, flourishing",85.1,,,percent,,v111451684,2015,2016A000248,Percent,units
2015,2015,Alberta,Females,18 to 34 years,Suicidal thoughts (15 years and over),,91600.0,,,,v111451687,2015,2016A000248,Number,units
2015,2015,Alberta,Females,18 to 34 years,Suicidal thoughts (15 years and over),,,130900.0,,,v111451688,2015,2016A000248,Number,units
2015,2015,Alberta,Females,18 to 34 years,Suicidal thoughts (15 years and over),21.3,,,percent,,v111451689,2015,2016A000248,Percent,units
2015,2015,Alberta,Females,18 to 34 years,Suicidal thoughts (15 years and over),17.5,,,percent,,v111451690,2015,2016A000248,Percent,units
2015,2015,Alberta,Females,18 to 34 years,Suicidal thoughts (15 years and over),25.1,,,percent,,v111451691,2015,2016A000248,Percent,units
2015,2015,Alberta,Males,18 to 34 years,Consultation with a health professional about emotional or mental health,,37100.0,,,,v111451652,2015,2016A000248,Number,units
2015,2015,Alberta,Males,18 to 34 years,Consultation with a health professional about emotional or mental health,,,79100.0,,,v111451653,2015,2016A000248,Number,units
2015,2015,Alberta,Males,18 to 34 years,Consultation with a health professional about emotional or mental health,10.6,,,percent,e,v111451654,2015,2016A000248,Percent,units
2015,2015,Alberta,Males,18 to 34 years,Consultation with a health professional about emotional or mental health,6.8,,,percent,e,v111451655,2015,2016A000248,Percent,units
2015,2015,Alberta,Males,18 to 34 years,Consultation with a health professional about emotional or mental health,14.4,,,percent,e,v111451656,2015,2016A000248,Percent,units
2015,2015,Alberta,Males,18 to 34 years,"Positive mental health, flourishing",,437500.0,,,,v111451659,2015,2016A000248,Number,units
2015,2015,Alberta,Males,18 to 34 years,"Positive mental health, flourishing",,,480800.0,,,v111451660,2015,2016A000248,Number,units
2015,2015,Alberta,Males,18 to 34 years,"Positive mental health, flourishing",83.8,,,percent,,v111451661,2015,2016A000248,Percent,units
2015,2015,Alberta,Males,18 to 34 years,"Positive mental health, flourishing",79.9,,,percent,,v111451662,2015,2016A000248,Percent,units
2015,2015,Alberta,Males,18 to 34 years,"Positive mental health, flourishing",87.6,,,percent,,v111451663,2015,2016A000248,Percent,units
2015,2015,Alberta,Males,18 to 34 years,Suicidal thoughts (15 years and over),,62300.0,,,,v111451666,2015,2016A000248,Number,units
2015,2015,Alberta,Males,18 to 34 years,Suicidal thoughts (15 years and over),,,103200.0,,,v111451667,2015,2016A000248,Number,units
2015,2015,Alberta,Males,18 to 34 years,Suicidal thoughts (15 years and over),15.1,,,percent,,v111451668,2015,2016A000248,Percent,units
2015,2015,Alberta,Males,18 to 34 years,Suicidal thoughts (15 years and over),11.4,,,percent,,v111451669,2015,2016A000248,Percent,units
2015,2015,Alberta,Males,18 to 34 years,Suicidal thoughts (15 years and over),18.9,,,percent,,v111451670,2015,2016A000248,Percent,units
2015,2015,Alberta,Both sexes,35 to 49 years,Consultation with a health professional about emotional or mental health,,119700.0,,,,v111451694,2015,2016A000248,Number,units
2015,2015,Alberta,Both sexes,35 to 49 years,Consultation with a health professional about emotional or mental health,,,167600.0,,,v111451695,2015,2016A000248,Number,units
2015,2015,Alberta,Both sexes,35 to 49 years,Consultation with a health professional about emotional or mental health,16.4,,,percent,,v111451696,2015,2016A000248,Percent,units
2015,2015,Alberta,Both sexes,35 to 49 years,Consultation with a health professional about emotional or mental health,13.7,,,percent,,v111451697,2015,2016A000248,Percent,units
2015,2015,Alberta,Both sexes,35 to 49 years,Consultation with a health professional about emotional or mental health,19.1,,,percent,,v111451698,2015,2016A000248,Percent,units
2015,2015,Alberta,Both sexes,35 to 49 years,"Positive mental health, flourishing",,695900.0,,,,v111451701,2015,2016A000248,Number,units
2015,2015,Alberta,Both sexes,35 to 49 years,"Positive mental health, flourishing",,,751200.0,,,v111451702,2015,2016A000248,Number,units
2015,2015,Alberta,Both sexes,35 to 49 years,"Positive mental health, flourishing",82.8,,,percent,,v111451703,2015,2016A000248,Percent,units
2015,2015,Alberta,Both sexes,35 to 49 years,"Positive mental health, flourishing",79.7,,,percent,,v111451704,2015,2016A000248,Percent,units
2015,2015,Alberta,Both sexes,35 to 49 years,"Positive mental health, flourishing",85.9,,,percent,,v111451705,2015,2016A000248,Percent,units
2015,2015,Alberta,Both sexes,35 to 49 years,Suicidal thoughts (15 years and over),,99300.0,,,,v111451708,2015,2016A000248,Number,units
2015,2015,Alberta,Both sexes,35 to 49 years,Suicidal thoughts (15 years and over),,,145300.0,,,v111451709,2015,2016A000248,Number,units
2015,2015,Alberta,Both sexes,35 to 49 years,Suicidal thoughts (15 years and over),14.0,,,percent,,v111451710,2015,2016A000248,Percent,units
2015,2015,Alberta,Both sexes,35 to 49 years,Suicidal thoughts (15 years and over),11.4,,,percent,,v111451711,2015,2016A000248,Percent,units
2015,2015,Alberta,Both sexes,35 to 49 years,Suicidal thoughts (15 years and over),16.6,,,percent,,v111451712,2015,2016A000248,Percent,units
2015,2015,Alberta,Females,35 to 49 years,Consultation with a health professional about emotional or mental health,,67800.0,,,,v111451736,2015,2016A000248,Number,units
2015,2015,Alberta,Females,35 to 49 years,Consultation with a health professional about emotional or mental health,,,103500.0,,,v111451737,2015,2016A000248,Number,units
2015,2015,Alberta,Females,35 to 49 years,Consultation with a health professional about emotional or mental health,20.2,,,percent,,v111451738,2015,2016A000248,Percent,units
2015,2015,Alberta,Females,35 to 49 years,Consultation with a health professional about emotional or mental health,16.0,,,percent,,v111451739,2015,2016A000248,Percent,units
2015,2015,Alberta,Females,35 to 49 years,Consultation with a health professional about emotional or mental health,24.4,,,percent,,v111451740,2015,2016A000248,Percent,units
2015,2015,Alberta,Females,35 to 49 years,"Positive mental health, flourishing",,329400.0,,,,v111451743,2015,2016A000248,Number,units
2015,2015,Alberta,Females,35 to 49 years,"Positive mental health, flourishing",,,368900.0,,,v111451744,2015,2016A000248,Number,units
2015,2015,Alberta,Females,35 to 49 years,"Positive mental health, flourishing",82.5,,,percent,,v111451745,2015,2016A000248,Percent,units
2015,2015,Alberta,Females,35 to 49 years,"Positive mental health, flourishing",77.8,,,percent,,v111451746,2015,2016A000248,Percent,units
2015,2015,Alberta,Females,35 to 49 years,"Positive mental health, flourishing",87.1,,,percent,,v111451747,2015,2016A000248,Percent,units
2015,2015,Alberta,Females,35 to 49 years,Suicidal thoughts (15 years and over),,53900.0,,,,v111451750,2015,2016A000248,Number,units
2015,2015,Alberta,Females,35 to 49 years,Suicidal thoughts (15 years and over),,,88700.0,,,v111451751,2015,2016A000248,Number,units
2015,2015,Alberta,Females,35 to 49 years,Suicidal thoughts (15 years and over),16.9,,,percent,,v111451752,2015,2016A000248,Percent,units
2015,2015,Alberta,Females,35 to 49 years,Suicidal thoughts (15 years and over),12.7,,,percent,,v111451753,2015,2016A000248,Percent,units
2015,2015,Alberta,Females,35 to 49 years,Suicidal thoughts (15 years and over),21.0,,,percent,,v111451754,2015,2016A000248,Percent,units
2015,2015,Alberta,Males,35 to 49 years,Consultation with a health professional about emotional or mental health,,40300.0,,,,v111451715,2015,2016A000248,Number,units
2015,2015,Alberta,Males,35 to 49 years,Consultation with a health professional about emotional or mental health,,,75700.0,,,v111451716,2015,2016A000248,Number,units
2015,2015,Alberta,Males,35 to 49 years,Consultation with a health professional about emotional or mental health,12.8,,,percent,e,v111451717,2015,2016A000248,Percent,units
2015,2015,Alberta,Males,35 to 49 years,Consultation with a health professional about emotional or mental health,8.9,,,percent,e,v111451718,2015,2016A000248,Percent,units
2015,2015,Alberta,Males,35 to 49 years,Consultation with a health professional about emotional or mental health,16.7,,,percent,e,v111451719,2015,2016A000248,Percent,units
2015,2015,Alberta,Males,35 to 49 years,"Positive mental health, flourishing",,353600.0,,,,v111451722,2015,2016A000248,Number,units
2015,2015,Alberta,Males,35 to 49 years,"Positive mental health, flourishing",,,395200.0,,,v111451723,2015,2016A000248,Number,units
2015,2015,Alberta,Males,35 to 49 years,"Positive mental health, flourishing",83.1,,,percent,,v111451724,2015,2016A000248,Percent,units
2015,2015,Alberta,Males,35 to 49 years,"Positive mental health, flourishing",78.7,,,percent,,v111451725,2015,2016A000248,Percent,units
2015,2015,Alberta,Males,35 to 49 years,"Positive mental health, flourishing",87.5,,,percent,,v111451726,2015,2016A000248,Percent,units
2015,2015,Alberta,Males,35 to 49 years,Suicidal thoughts (15 years and over),,35200.0,,,,v111451729,2015,2016A000248,Number,units
2015,2015,Alberta,Males,35 to 49 years,Suicidal thoughts (15 years and over),,,66800.0,,,v111451730,2015,2016A000248,Number,units
2015,2015,Alberta,Males,35 to 49 years,Suicidal thoughts (15 years and over),11.3,,,percent,e,v111451731,2015,2016A000248,Percent,units
2015,2015,Alberta,Males,35 to 49 years,Suicidal thoughts (15 years and over),7.8,,,percent,e,v111451732,2015,2016A000248,Percent,units
2015,2015,Alberta,Males,35 to 49 years,Suicidal thoughts (15 years and over),14.8,,,percent,e,v111451733,2015,2016A000248,Percent,units
2015,2015,Alberta,Both sexes,50 to 64 years,Consultation with a health professional about emotional or mental health,,85900.0,,,,v111451757,2015,2016A000248,Number,units
2015,2015,Alberta,Both sexes,50 to 64 years,Consultation with a health professional about emotional or mental health,,,122900.0,,,v111451758,2015,2016A000248,Number,units
2015,2015,Alberta,Both sexes,50 to 64 years,Consultation with a health professional about emotional or mental health,13.4,,,percent,,v111451759,2015,2016A000248,Percent,units
2015,2015,Alberta,Both sexes,50 to 64 years,Consultation with a health professional about emotional or mental health,11.0,,,percent,,v111451760,2015,2016A000248,Percent,units
2015,2015,Alberta,Both sexes,50 to 64 years,Consultation with a health professional about emotional or mental health,15.8,,,percent,,v111451761,2015,2016A000248,Percent,units
2015,2015,Alberta,Both sexes,50 to 64 years,"Positive mental health, flourishing",,625000.0,,,,v111451764,2015,2016A000248,Number,units
2015,2015,Alberta,Both sexes,50 to 64 years,"Positive mental health, flourishing",,,674800.0,,,v111451765,2015,2016A000248,Number,units
2015,2015,Alberta,Both sexes,50 to 64 years,"Positive mental health, flourishing",83.4,,,percent,,v111451766,2015,2016A000248,Percent,units
2015,2015,Alberta,Both sexes,50 to 64 years,"Positive mental health, flourishing",80.3,,,percent,,v111451767,2015,2016A000248,Percent,units
2015,2015,Alberta,Both sexes,50 to 64 years,"Positive mental health, flourishing",86.4,,,percent,,v111451768,2015,2016A000248,Percent,units
2015,2015,Alberta,Both sexes,50 to 64 years,Suicidal thoughts (15 years and over),,80100.0,,,,v111451771,2015,2016A000248,Number,units
2015,2015,Alberta,Both sexes,50 to 64 years,Suicidal thoughts (15 years and over),,,118900.0,,,v111451772,2015,2016A000248,Number,units
2015,2015,Alberta,Both sexes,50 to 64 years,Suicidal thoughts (15 years and over),12.9,,,percent,,v111451773,2015,2016A000248,Percent,units
2015,2015,Alberta,Both sexes,50 to 64 years,Suicidal thoughts (15 years and over),10.4,,,percent,,v111451774,2015,2016A000248,Percent,units
2015,2015,Alberta,Both sexes,50 to 64 years,Suicidal thoughts (15 years and over),15.5,,,percent,,v111451775,2015,2016A000248,Percent,units
2015,2015,Alberta,Females,50 to 64 years,Consultation with a health professional about emotional or mental health,,51000.0,,,,v111451799,2015,2016A000248,Number,units
2015,2015,Alberta,Females,50 to 64 years,Consultation with a health professional about emotional or mental health,,,81600.0,,,v111451800,2015,2016A000248,Number,units
2015,2015,Alberta,Females,50 to 64 years,Consultation with a health professional about emotional or mental health,17.4,,,percent,,v111451801,2015,2016A000248,Percent,units
2015,2015,Alberta,Females,50 to 64 years,Consultation with a health professional about emotional or mental health,13.4,,,percent,,v111451802,2015,2016A000248,Percent,units
2015,2015,Alberta,Females,50 to 64 years,Consultation with a health professional about emotional or mental health,21.4,,,percent,,v111451803,2015,2016A000248,Percent,units
2015,2015,Alberta,Females,50 to 64 years,"Positive mental health, flourishing",,293100.0,,,,v111451806,2015,2016A000248,Number,units
2015,2015,Alberta,Females,50 to 64 years,"Positive mental health, flourishing",,,329100.0,,,v111451807,2015,2016A000248,Number,units
2015,2015,Alberta,Females,50 to 64 years,"Positive mental health, flourishing",81.5,,,percent,,v111451808,2015,2016A000248,Percent,units
2015,2015,Alberta,Females,50 to 64 years,"Positive mental health, flourishing",76.8,,,percent,,v111451809,2015,2016A000248,Percent,units
2015,2015,Alberta,Females,50 to 64 years,"Positive mental health, flourishing",86.2,,,percent,,v111451810,2015,2016A000248,Percent,units
2015,2015,Alberta,Females,50 to 64 years,Suicidal thoughts (15 years and over),,35400.0,,,,v111451813,2015,2016A000248,Number,units
2015,2015,Alberta,Females,50 to 64 years,Suicidal thoughts (15 years and over),,,56600.0,,,v111451814,2015,2016A000248,Number,units
2015,2015,Alberta,Females,50 to 64 years,Suicidal thoughts (15 years and over),12.3,,,percent,,v111451815,2015,2016A000248,Percent,units
2015,2015,Alberta,Females,50 to 64 years,Suicidal thoughts (15 years and over),9.5,,,percent,,v111451816,2015,2016A000248,Percent,units
2015,2015,Alberta,Females,50 to 64 years,Suicidal thoughts (15 years and over),15.1,,,percent,,v111451817,2015,2016A000248,Percent,units
2015,2015,Alberta,Males,50 to 64 years,Consultation with a health professional about emotional or mental health,,27100.0,,,,v111451778,2015,2016A000248,Number,units
2015,2015,Alberta,Males,50 to 64 years,Consultation with a health professional about emotional or mental health,,,49000.0,,,v111451779,2015,2016A000248,Number,units
2015,2015,Alberta,Males,50 to 64 years,Consultation with a health professional about emotional or mental health,9.6,,,percent,,v111451780,2015,2016A000248,Percent,units
2015,2015,Alberta,Males,50 to 64 years,Consultation with a health professional about emotional or mental health,6.9,,,percent,,v111451781,2015,2016A000248,Percent,units
2015,2015,Alberta,Males,50 to 64 years,Consultation with a health professional about emotional or mental health,12.3,,,percent,,v111451782,2015,2016A000248,Percent,units
2015,2015,Alberta,Males,50 to 64 years,"Positive mental health, flourishing",,321500.0,,,,v111451785,2015,2016A000248,Number,units
2015,2015,Alberta,Males,50 to 64 years,"Positive mental health, flourishing",,,356000.0,,,v111451786,2015,2016A000248,Number,units
2015,2015,Alberta,Males,50 to 64 years,"Positive mental health, flourishing",85.2,,,percent,,v111451787,2015,2016A000248,Percent,units
2015,2015,Alberta,Males,50 to 64 years,"Positive mental health, flourishing",81.4,,,percent,,v111451788,2015,2016A000248,Percent,units
2015,2015,Alberta,Males,50 to 64 years,"Positive mental health, flourishing",88.9,,,percent,,v111451789,2015,2016A000248,Percent,units
2015,2015,Alberta,Males,50 to 64 years,Suicidal thoughts (15 years and over),,37400.0,,,,v111451792,2015,2016A000248,Number,units
2015,2015,Alberta,Males,50 to 64 years,Suicidal thoughts (15 years and over),,,69600.0,,,v111451793,2015,2016A000248,Number,units
2015,2015,Alberta,Males,50 to 64 years,Suicidal thoughts (15 years and over),13.5,,,percent,e,v111451794,2015,2016A000248,Percent,units
2015,2015,Alberta,Males,50 to 64 years,Suicidal thoughts (15 years and over),9.5,,,percent,e,v111451795,2015,2016A000248,Percent,units
2015,2015,Alberta,Males,50 to 64 years,Suicidal thoughts (15 years and over),17.6,,,percent,e,v111451796,2015,2016A000248,Percent,units
2015,2015,Alberta,Both sexes,65 years and over,Consultation with a health professional about emotional or mental health,,19600.0,,,,v111451820,2015,2016A000248,Number,units
2015,2015,Alberta,Both sexes,65 years and over,Consultation with a health professional about emotional or mental health,,,35800.0,,,v111451821,2015,2016A000248,Number,units
2015,2015,Alberta,Both sexes,65 years and over,Consultation with a health professional about emotional or mental health,6.5,,,percent,,v111451822,2015,2016A000248,Percent,units
2015,2015,Alberta,Both sexes,65 years and over,Consultation with a health professional about emotional or mental health,4.6,,,percent,,v111451823,2015,2016A000248,Percent,units
2015,2015,Alberta,Both sexes,65 years and over,Consultation with a health professional about emotional or mental health,8.3,,,percent,,v111451824,2015,2016A000248,Percent,units
2015,2015,Alberta,Both sexes,65 years and over,"Positive mental health, flourishing",,329000.0,,,,v111451827,2015,2016A000248,Number,units
2015,2015,Alberta,Both sexes,65 years and over,"Positive mental health, flourishing",,,360500.0,,,v111451828,2015,2016A000248,Number,units
2015,2015,Alberta,Both sexes,65 years and over,"Positive mental health, flourishing",80.5,,,percent,,v111451829,2015,2016A000248,Percent,units
2015,2015,Alberta,Both sexes,65 years and over,"Positive mental health, flourishing",77.5,,,percent,,v111451830,2015,2016A000248,Percent,units
2015,2015,Alberta,Both sexes,65 years and over,"Positive mental health, flourishing",83.6,,,percent,,v111451831,2015,2016A000248,Percent,units
2015,2015,Alberta,Both sexes,65 years and over,Suicidal thoughts (15 years and over),,31200.0,,,,v111451834,2015,2016A000248,Number,units
2015,2015,Alberta,Both sexes,65 years and over,Suicidal thoughts (15 years and over),,,52100.0,,,v111451835,2015,2016A000248,Number,units
2015,2015,Alberta,Both sexes,65 years and over,Suicidal thoughts (15 years and over),9.8,,,percent,,v111451836,2015,2016A000248,Percent,units
2015,2015,Alberta,Both sexes,65 years and over,Suicidal thoughts (15 years and over),7.3,,,percent,,v111451837,2015,2016A000248,Percent,units
2015,2015,Alberta,Both sexes,65 years and over,Suicidal thoughts (15 years and over),12.2,,,percent,,v111451838,2015,2016A000248,Percent,units
2015,2015,Alberta,Females,65 years and over,Consultation with a health professional about emotional or mental health,,13900.0,,,,v111451862,2015,2016A000248,Number,units
2015,2015,Alberta,Females,65 years and over,Consultation with a health professional about emotional or mental health,,,28200.0,,,v111451863,2015,2016A000248,Number,units
2015,2015,Alberta,Females,65 years and over,Consultation with a health professional about emotional or mental health,9.1,,,percent,e,v111451864,2015,2016A000248,Percent,units
2015,2015,Alberta,Females,65 years and over,Consultation with a health professional about emotional or mental health,6.1,,,percent,e,v111451865,2015,2016A000248,Percent,units
2015,2015,Alberta,Females,65 years and over,Consultation with a health professional about emotional or mental health,12.2,,,percent,e,v111451866,2015,2016A000248,Percent,units
2015,2015,Alberta,Females,65 years and over,"Positive mental health, flourishing",,168300.0,,,,v111451869,2015,2016A000248,Number,units
2015,2015,Alberta,Females,65 years and over,"Positive mental health, flourishing",,,194000.0,,,v111451870,2015,2016A000248,Number,units
2015,2015,Alberta,Females,65 years and over,"Positive mental health, flourishing",78.7,,,percent,,v111451871,2015,2016A000248,Percent,units
2015,2015,Alberta,Females,65 years and over,"Positive mental health, flourishing",74.3,,,percent,,v111451872,2015,2016A000248,Percent,units
2015,2015,Alberta,Females,65 years and over,"Positive mental health, flourishing",83.2,,,percent,,v111451873,2015,2016A000248,Percent,units
2015,2015,Alberta,Females,65 years and over,Suicidal thoughts (15 years and over),,19100.0,,,,v111451876,2015,2016A000248,Number,units
2015,2015,Alberta,Females,65 years and over,Suicidal thoughts (15 years and over),,,34600.0,,,v111451877,2015,2016A000248,Number,units
2015,2015,Alberta,Females,65 years and over,Suicidal thoughts (15 years and over),11.7,,,percent,,v111451878,2015,2016A000248,Percent,units
2015,2015,Alberta,Females,65 years and over,Suicidal thoughts (15 years and over),8.3,,,percent,,v111451879,2015,2016A000248,Percent,units
2015,2015,Alberta,Females,65 years and over,Suicidal thoughts (15 years and over),15.1,,,percent,,v111451880,2015,2016A000248,Percent,units
2015,2015,Alberta,Males,65 years and over,Consultation with a health professional about emotional or mental health,,2800.0,,,,v111451841,2015,2016A000248,Number,units
2015,2015,Alberta,Males,65 years and over,Consultation with a health professional about emotional or mental health,,,10600.0,,,v111451842,2015,2016A000248,Number,units
2015,2015,Alberta,Males,65 years and over,Consultation with a health professional about emotional or mental health,3.4,,,percent,e,v111451843,2015,2016A000248,Percent,units
2015,2015,Alberta,Males,65 years and over,Consultation with a health professional about emotional or mental health,1.4,,,percent,e,v111451844,2015,2016A000248,Percent,units
2015,2015,Alberta,Males,65 years and over,Consultation with a health professional about emotional or mental health,5.3,,,percent,e,v111451845,2015,2016A000248,Percent,units
2015,2015,Alberta,Males,65 years and over,"Positive mental health, flourishing",,152700.0,,,,v111451848,2015,2016A000248,Number,units
2015,2015,Alberta,Males,65 years and over,"Positive mental health, flourishing",,,174500.0,,,v111451849,2015,2016A000248,Number,units
2015,2015,Alberta,Males,65 years and over,"Positive mental health, flourishing",82.6,,,percent,,v111451850,2015,2016A000248,Percent,units
2015,2015,Alberta,Males,65 years and over,"Positive mental health, flourishing",77.8,,,percent,,v111451851,2015,2016A000248,Percent,units
2015,2015,Alberta,Males,65 years and over,"Positive mental health, flourishing",87.4,,,percent,,v111451852,2015,2016A000248,Percent,units
2015,2015,Alberta,Males,65 years and over,Suicidal thoughts (15 years and over),,8500.0,,,,v111451855,2015,2016A000248,Number,units
2015,2015,Alberta,Males,65 years and over,Suicidal thoughts (15 years and over),,,21100.0,,,v111451856,2015,2016A000248,Number,units
2015,2015,Alberta,Males,65 years and over,Suicidal thoughts (15 years and over),7.5,,,percent,e,v111451857,2015,2016A000248,Percent,units
2015,2015,Alberta,Males,65 years and over,Suicidal thoughts (15 years and over),4.3,,,percent,e,v111451858,2015,2016A000248,Percent,units
2015,2015,Alberta,Males,65 years and over,Suicidal thoughts (15 years and over),10.7,,,percent,e,v111451859,2015,2016A000248,Percent,units
2015,2015,Alberta,Both sexes,"Total, 12 years and over",Consultation with a health professional about emotional or mental health,,464100.0,,,,v111451505,2015,2016A000248,Number,units
2015,2015,Alberta,Both sexes,"Total, 12 years and over",Consultation with a health professional about emotional or mental health,,,549800.0,,,v111451506,2015,2016A000248,Number,units
2015,2015,Alberta,Both sexes,"Total, 12 years and over",Consultation with a health professional about emotional or mental health,14.9,,,percent,,v111451507,2015,2016A000248,Percent,units
2015,2015,Alberta,Both sexes,"Total, 12 years and over",Consultation with a health professional about emotional or mental health,13.6,,,percent,,v111451508,2015,2016A000248,Percent,units
2015,2015,Alberta,Both sexes,"Total, 12 years and over",Consultation with a health professional about emotional or mental health,16.1,,,percent,,v111451509,2015,2016A000248,Percent,units
2015,2015,Alberta,Both sexes,"Total, 12 years and over","Positive mental health, flourishing",,2780900.0,,,,v111451512,2015,2016A000248,Number,units
2015,2015,Alberta,Both sexes,"Total, 12 years and over","Positive mental health, flourishing",,,2880900.0,,,v111451513,2015,2016A000248,Number,units
2015,2015,Alberta,Both sexes,"Total, 12 years and over","Positive mental health, flourishing",82.9,,,percent,,v111451514,2015,2016A000248,Percent,units
2015,2015,Alberta,Both sexes,"Total, 12 years and over","Positive mental health, flourishing",81.5,,,percent,,v111451515,2015,2016A000248,Percent,units
2015,2015,Alberta,Both sexes,"Total, 12 years and over","Positive mental health, flourishing",84.4,,,percent,,v111451516,2015,2016A000248,Percent,units
2015,2015,Alberta,Both sexes,"Total, 12 years and over",Suicidal thoughts (15 years and over),,428400.0,,,,v111451519,2015,2016A000248,Number,units
2015,2015,Alberta,Both sexes,"Total, 12 years and over",Suicidal thoughts (15 years and over),,,516300.0,,,v111451520,2015,2016A000248,Number,units
2015,2015,Alberta,Both sexes,"Total, 12 years and over",Suicidal thoughts (15 years and over),14.5,,,percent,,v111451521,2015,2016A000248,Percent,units
2015,2015,Alberta,Both sexes,"Total, 12 years and over",Suicidal thoughts (15 years and over),13.1,,,percent,,v111451522,2015,2016A000248,Percent,units
2015,2015,Alberta,Both sexes,"Total, 12 years and over",Suicidal thoughts (15 years and over),15.8,,,percent,,v111451523,2015,2016A000248,Percent,units
2015,2015,Alberta,Females,"Total, 12 years and over",Consultation with a health professional about emotional or mental health,,298600.0,,,,v111451547,2015,2016A000248,Number,units
2015,2015,Alberta,Females,"Total, 12 years and over",Consultation with a health professional about emotional or mental health,,,362200.0,,,v111451548,2015,2016A000248,Number,units
2015,2015,Alberta,Females,"Total, 12 years and over",Consultation with a health professional about emotional or mental health,19.6,,,percent,,v111451549,2015,2016A000248,Percent,units
2015,2015,Alberta,Females,"Total, 12 years and over",Consultation with a health professional about emotional or mental health,17.7,,,percent,,v111451550,2015,2016A000248,Percent,units
2015,2015,Alberta,Females,"Total, 12 years and over",Consultation with a health professional about emotional or mental health,21.5,,,percent,,v111451551,2015,2016A000248,Percent,units
2015,2015,Alberta,Females,"Total, 12 years and over","Positive mental health, flourishing",,1336200.0,,,,v111451554,2015,2016A000248,Number,units
2015,2015,Alberta,Females,"Total, 12 years and over","Positive mental health, flourishing",,,1409200.0,,,v111451555,2015,2016A000248,Number,units
2015,2015,Alberta,Females,"Total, 12 years and over","Positive mental health, flourishing",81.4,,,percent,,v111451556,2015,2016A000248,Percent,units
2015,2015,Alberta,Females,"Total, 12 years and over","Positive mental health, flourishing",79.3,,,percent,,v111451557,2015,2016A000248,Percent,units
2015,2015,Alberta,Females,"Total, 12 years and over","Positive mental health, flourishing",83.6,,,percent,,v111451558,2015,2016A000248,Percent,units
2015,2015,Alberta,Females,"Total, 12 years and over",Suicidal thoughts (15 years and over),,236800.0,,,,v111451561,2015,2016A000248,Number,units
2015,2015,Alberta,Females,"Total, 12 years and over",Suicidal thoughts (15 years and over),,,294600.0,,,v111451562,2015,2016A000248,Number,units
2015,2015,Alberta,Females,"Total, 12 years and over",Suicidal thoughts (15 years and over),16.5,,,percent,,v111451563,2015,2016A000248,Percent,units
2015,2015,Alberta,Females,"Total, 12 years and over",Suicidal thoughts (15 years and over),14.7,,,percent,,v111451564,2015,2016A000248,Percent,units
2015,2015,Alberta,Females,"Total, 12 years and over",Suicidal thoughts (15 years and over),18.3,,,percent,,v111451565,2015,2016A000248,Percent,units
2015,2015,Alberta,Males,"Total, 12 years and over",Consultation with a health professional about emotional or mental health,,146800.0,,,,v111451526,2015,2016A000248,Number,units
2015,2015,Alberta,Males,"Total, 12 years and over",Consultation with a health professional about emotional or mental health,,,206300.0,,,v111451527,2015,2016A000248,Number,units
2015,2015,Alberta,Males,"Total, 12 years and over",Consultation with a health professional about emotional or mental health,10.2,,,percent,,v111451528,2015,2016A000248,Percent,units
2015,2015,Alberta,Males,"Total, 12 years and over",Consultation with a health professional about emotional or mental health,8.5,,,percent,,v111451529,2015,2016A000248,Percent,units
2015,2015,Alberta,Males,"Total, 12 years and over",Consultation with a health professional about emotional or mental health,11.9,,,percent,,v111451530,2015,2016A000248,Percent,units
2015,2015,Alberta,Males,"Total, 12 years and over","Positive mental health, flourishing",,1423400.0,,,,v111451533,2015,2016A000248,Number,units
2015,2015,Alberta,Males,"Total, 12 years and over","Positive mental health, flourishing",,,1493000.0,,,v111451534,2015,2016A000248,Number,units
2015,2015,Alberta,Males,"Total, 12 years and over","Positive mental health, flourishing",84.5,,,percent,,v111451535,2015,2016A000248,Percent,units
2015,2015,Alberta,Males,"Total, 12 years and over","Positive mental health, flourishing",82.5,,,percent,,v111451536,2015,2016A000248,Percent,units
2015,2015,Alberta,Males,"Total, 12 years and over","Positive mental health, flourishing",86.4,,,percent,,v111451537,2015,2016A000248,Percent,units
2015,2015,Alberta,Males,"Total, 12 years and over",Suicidal thoughts (15 years and over),,173900.0,,,,v111451540,2015,2016A000248,Number,units
2015,2015,Alberta,Males,"Total, 12 years and over",Suicidal thoughts (15 years and over),,,239500.0,,,v111451541,2015,2016A000248,Number,units
2015,2015,Alberta,Males,"Total, 12 years and over",Suicidal thoughts (15 years and over),12.5,,,percent,,v111451542,2015,2016A000248,Percent,units
2015,2015,Alberta,Males,"Total, 12 years and over",Suicidal thoughts (15 years and over),10.5,,,percent,,v111451543,2015,2016A000248,Percent,units
2015,2015,Alberta,Males,"Total, 12 years and over",Suicidal thoughts (15 years and over),14.5,,,percent,,v111451544,2015,2016A000248,Percent,units
2015,2015,British Columbia,Both sexes,12 to 17 years,Consultation with a health professional about emotional or mental health,,18500.0,,,,v111451946,2015,2016A000259,Number,units
2015,2015,British Columbia,Both sexes,12 to 17 years,Consultation with a health professional about emotional or mental health,,,36600.0,,,v111451947,2015,2016A000259,Number,units
2015,2015,British Columbia,Both sexes,12 to 17 years,Consultation with a health professional about emotional or mental health,10.3,,,percent,e,v111451948,2015,2016A000259,Percent,units
2015,2015,British Columbia,Both sexes,12 to 17 years,Consultation with a health professional about emotional or mental health,7.0,,,percent,e,v111451949,2015,2016A000259,Percent,units
2015,2015,British Columbia,Both sexes,12 to 17 years,Consultation with a health professional about emotional or mental health,13.7,,,percent,e,v111451950,2015,2016A000259,Percent,units
2015,2015,British Columbia,Both sexes,12 to 17 years,"Positive mental health, flourishing",,219300.0,,,,v111451953,2015,2016A000259,Number,units
2015,2015,British Columbia,Both sexes,12 to 17 years,"Positive mental health, flourishing",,,242700.0,,,v111451954,2015,2016A000259,Number,units
2015,2015,British Columbia,Both sexes,12 to 17 years,"Positive mental health, flourishing",86.7,,,percent,,v111451955,2015,2016A000259,Percent,units
2015,2015,British Columbia,Both sexes,12 to 17 years,"Positive mental health, flourishing",83.2,,,percent,,v111451956,2015,2016A000259,Percent,units
2015,2015,British Columbia,Both sexes,12 to 17 years,"Positive mental health, flourishing",90.2,,,percent,,v111451957,2015,2016A000259,Percent,units
2015,2015,British Columbia,Both sexes,12 to 17 years,Suicidal thoughts (15 years and over),,7800.0,,,,v111451960,2015,2016A000259,Number,units
2015,2015,British Columbia,Both sexes,12 to 17 years,Suicidal thoughts (15 years and over),,,20100.0,,,v111451961,2015,2016A000259,Number,units
2015,2015,British Columbia,Both sexes,12 to 17 years,Suicidal thoughts (15 years and over),10.7,,,percent,e,v111451962,2015,2016A000259,Percent,units
2015,2015,British Columbia,Both sexes,12 to 17 years,Suicidal thoughts (15 years and over),6.1,,,percent,e,v111451963,2015,2016A000259,Percent,units
2015,2015,British Columbia,Both sexes,12 to 17 years,Suicidal thoughts (15 years and over),15.3,,,percent,e,v111451964,2015,2016A000259,Percent,units
2015,2015,British Columbia,Females,12 to 17 years,Consultation with a health professional about emotional or mental health,,12000.0,,,,v111451988,2015,2016A000259,Number,units
2015,2015,British Columbia,Females,12 to 17 years,Consultation with a health professional about emotional or mental health,,,28000.0,,,v111451989,2015,2016A000259,Number,units
2015,2015,British Columbia,Females,12 to 17 years,Consultation with a health professional about emotional or mental health,14.7,,,percent,e,v111451990,2015,2016A000259,Percent,units
2015,2015,British Columbia,Females,12 to 17 years,Consultation with a health professional about emotional or mental health,8.8,,,percent,e,v111451991,2015,2016A000259,Percent,units
2015,2015,British Columbia,Females,12 to 17 years,Consultation with a health professional about emotional or mental health,20.5,,,percent,e,v111451992,2015,2016A000259,Percent,units
2015,2015,British Columbia,Females,12 to 17 years,"Positive mental health, flourishing",,115000.0,,,,v111451995,2015,2016A000259,Number,units
2015,2015,British Columbia,Females,12 to 17 years,"Positive mental health, flourishing",,,127600.0,,,v111451996,2015,2016A000259,Number,units
2015,2015,British Columbia,Females,12 to 17 years,"Positive mental health, flourishing",89.8,,,percent,,v111451997,2015,2016A000259,Percent,units
2015,2015,British Columbia,Females,12 to 17 years,"Positive mental health, flourishing",85.3,,,percent,,v111451998,2015,2016A000259,Percent,units
2015,2015,British Columbia,Females,12 to 17 years,"Positive mental health, flourishing",94.2,,,percent,,v111451999,2015,2016A000259,Percent,units
2015,2015,British Columbia,Females,12 to 17 years,Suicidal thoughts (15 years and over),,2600.0,,,,v111452002,2015,2016A000259,Number,units
2015,2015,British Columbia,Females,12 to 17 years,Suicidal thoughts (15 years and over),,,10600.0,,,v111452003,2015,2016A000259,Number,units
2015,2015,British Columbia,Females,12 to 17 years,Suicidal thoughts (15 years and over),10.3,,,percent,e,v111452004,2015,2016A000259,Percent,units
2015,2015,British Columbia,Females,12 to 17 years,Suicidal thoughts (15 years and over),4.2,,,percent,e,v111452005,2015,2016A000259,Percent,units
2015,2015,British Columbia,Females,12 to 17 years,Suicidal thoughts (15 years and over),16.5,,,percent,e,v111452006,2015,2016A000259,Percent,units
2015,2015,British Columbia,Males,12 to 17 years,Consultation with a health professional about emotional or mental health,,3200.0,,,,v111451967,2015,2016A000259,Number,units
2015,2015,British Columbia,Males,12 to 17 years,Consultation with a health professional about emotional or mental health,,,11900.0,,,v111451968,2015,2016A000259,Number,units
2015,2015,British Columbia,Males,12 to 17 years,Consultation with a health professional about emotional or mental health,5.8,,,percent,e,v111451969,2015,2016A000259,Percent,units
2015,2015,British Columbia,Males,12 to 17 years,Consultation with a health professional about emotional or mental health,2.5,,,percent,e,v111451970,2015,2016A000259,Percent,units
2015,2015,British Columbia,Males,12 to 17 years,Consultation with a health professional about emotional or mental health,9.1,,,percent,e,v111451971,2015,2016A000259,Percent,units
2015,2015,British Columbia,Males,12 to 17 years,"Positive mental health, flourishing",,99600.0,,,,v111451974,2015,2016A000259,Number,units
2015,2015,British Columbia,Males,12 to 17 years,"Positive mental health, flourishing",,,119700.0,,,v111451975,2015,2016A000259,Number,units
2015,2015,British Columbia,Males,12 to 17 years,"Positive mental health, flourishing",83.6,,,percent,,v111451976,2015,2016A000259,Percent,units
2015,2015,British Columbia,Males,12 to 17 years,"Positive mental health, flourishing",78.1,,,percent,,v111451977,2015,2016A000259,Percent,units
2015,2015,British Columbia,Males,12 to 17 years,"Positive mental health, flourishing",89.0,,,percent,,v111451978,2015,2016A000259,Percent,units
2015,2015,British Columbia,Males,12 to 17 years,Suicidal thoughts (15 years and over),,2300.0,,,,v111451981,2015,2016A000259,Number,units
2015,2015,British Columbia,Males,12 to 17 years,Suicidal thoughts (15 years and over),,,12400.0,,,v111451982,2015,2016A000259,Number,units
2015,2015,British Columbia,Males,12 to 17 years,Suicidal thoughts (15 years and over),11.0,,,percent,e,v111451983,2015,2016A000259,Percent,units
2015,2015,British Columbia,Males,12 to 17 years,Suicidal thoughts (15 years and over),3.7,,,percent,e,v111451984,2015,2016A000259,Percent,units
2015,2015,British Columbia,Males,12 to 17 years,Suicidal thoughts (15 years and over),18.3,,,percent,e,v111451985,2015,2016A000259,Percent,units
2015,2015,British Columbia,Both sexes,18 to 34 years,Consultation with a health professional about emotional or mental health,,141600.0,,,,v111452009,2015,2016A000259,Number,units
2015,2015,British Columbia,Both sexes,18 to 34 years,Consultation with a health professional about emotional or mental health,,,200700.0,,,v111452010,2015,2016A000259,Number,units
2015,2015,British Columbia,Both sexes,18 to 34 years,Consultation with a health professional about emotional or mental health,16.6,,,percent,,v111452011,2015,2016A000259,Percent,units
2015,2015,British Columbia,Both sexes,18 to 34 years,Consultation with a health professional about emotional or mental health,13.7,,,percent,,v111452012,2015,2016A000259,Percent,units
2015,2015,British Columbia,Both sexes,18 to 34 years,Consultation with a health professional about emotional or mental health,19.5,,,percent,,v111452013,2015,2016A000259,Percent,units
2015,2015,British Columbia,Both sexes,18 to 34 years,"Positive mental health, flourishing",,786500.0,,,,v111452016,2015,2016A000259,Number,units
2015,2015,British Columbia,Both sexes,18 to 34 years,"Positive mental health, flourishing",,,854100.0,,,v111452017,2015,2016A000259,Number,units
2015,2015,British Columbia,Both sexes,18 to 34 years,"Positive mental health, flourishing",79.5,,,percent,,v111452018,2015,2016A000259,Percent,units
2015,2015,British Columbia,Both sexes,18 to 34 years,"Positive mental health, flourishing",76.3,,,percent,,v111452019,2015,2016A000259,Percent,units
2015,2015,British Columbia,Both sexes,18 to 34 years,"Positive mental health, flourishing",82.6,,,percent,,v111452020,2015,2016A000259,Percent,units
2015,2015,British Columbia,Both sexes,18 to 34 years,Suicidal thoughts (15 years and over),,116700.0,,,,v111452023,2015,2016A000259,Number,units
2015,2015,British Columbia,Both sexes,18 to 34 years,Suicidal thoughts (15 years and over),,,168900.0,,,v111452024,2015,2016A000259,Number,units
2015,2015,British Columbia,Both sexes,18 to 34 years,Suicidal thoughts (15 years and over),13.9,,,percent,,v111452025,2015,2016A000259,Percent,units
2015,2015,British Columbia,Both sexes,18 to 34 years,Suicidal thoughts (15 years and over),11.3,,,percent,,v111452026,2015,2016A000259,Percent,units
2015,2015,British Columbia,Both sexes,18 to 34 years,Suicidal thoughts (15 years and over),16.4,,,percent,,v111452027,2015,2016A000259,Percent,units
2015,2015,British Columbia,Females,18 to 34 years,Consultation with a health professional about emotional or mental health,,96000.0,,,,v111452051,2015,2016A000259,Number,units
2015,2015,British Columbia,Females,18 to 34 years,Consultation with a health professional about emotional or mental health,,,145000.0,,,v111452052,2015,2016A000259,Number,units
2015,2015,British Columbia,Females,18 to 34 years,Consultation with a health professional about emotional or mental health,23.5,,,percent,,v111452053,2015,2016A000259,Percent,units
2015,2015,British Columbia,Females,18 to 34 years,Consultation with a health professional about emotional or mental health,18.8,,,percent,,v111452054,2015,2016A000259,Percent,units
2015,2015,British Columbia,Females,18 to 34 years,Consultation with a health professional about emotional or mental health,28.3,,,percent,,v111452055,2015,2016A000259,Percent,units
2015,2015,British Columbia,Females,18 to 34 years,"Positive mental health, flourishing",,391000.0,,,,v111452058,2015,2016A000259,Number,units
2015,2015,British Columbia,Females,18 to 34 years,"Positive mental health, flourishing",,,434300.0,,,v111452059,2015,2016A000259,Number,units
2015,2015,British Columbia,Females,18 to 34 years,"Positive mental health, flourishing",80.6,,,percent,,v111452060,2015,2016A000259,Percent,units
2015,2015,British Columbia,Females,18 to 34 years,"Positive mental health, flourishing",76.5,,,percent,,v111452061,2015,2016A000259,Percent,units
2015,2015,British Columbia,Females,18 to 34 years,"Positive mental health, flourishing",84.7,,,percent,,v111452062,2015,2016A000259,Percent,units
2015,2015,British Columbia,Females,18 to 34 years,Suicidal thoughts (15 years and over),,62700.0,,,,v111452065,2015,2016A000259,Number,units
2015,2015,British Columbia,Females,18 to 34 years,Suicidal thoughts (15 years and over),,,102000.0,,,v111452066,2015,2016A000259,Number,units
2015,2015,British Columbia,Females,18 to 34 years,Suicidal thoughts (15 years and over),16.1,,,percent,,v111452067,2015,2016A000259,Percent,units
2015,2015,British Columbia,Females,18 to 34 years,Suicidal thoughts (15 years and over),12.2,,,percent,,v111452068,2015,2016A000259,Percent,units
2015,2015,British Columbia,Females,18 to 34 years,Suicidal thoughts (15 years and over),19.9,,,percent,,v111452069,2015,2016A000259,Percent,units
2015,2015,British Columbia,Males,18 to 34 years,Consultation with a health professional about emotional or mental health,,35500.0,,,,v111452030,2015,2016A000259,Number,units
2015,2015,British Columbia,Males,18 to 34 years,Consultation with a health professional about emotional or mental health,,,65700.0,,,v111452031,2015,2016A000259,Number,units
2015,2015,British Columbia,Males,18 to 34 years,Consultation with a health professional about emotional or mental health,9.7,,,percent,e,v111452032,2015,2016A000259,Percent,units
2015,2015,British Columbia,Males,18 to 34 years,Consultation with a health professional about emotional or mental health,6.8,,,percent,e,v111452033,2015,2016A000259,Percent,units
2015,2015,British Columbia,Males,18 to 34 years,Consultation with a health professional about emotional or mental health,12.6,,,percent,e,v111452034,2015,2016A000259,Percent,units
2015,2015,British Columbia,Males,18 to 34 years,"Positive mental health, flourishing",,383200.0,,,,v111452037,2015,2016A000259,Number,units
2015,2015,British Columbia,Males,18 to 34 years,"Positive mental health, flourishing",,,432100.0,,,v111452038,2015,2016A000259,Number,units
2015,2015,British Columbia,Males,18 to 34 years,"Positive mental health, flourishing",78.3,,,percent,,v111452039,2015,2016A000259,Percent,units
2015,2015,British Columbia,Males,18 to 34 years,"Positive mental health, flourishing",73.8,,,percent,,v111452040,2015,2016A000259,Percent,units
2015,2015,British Columbia,Males,18 to 34 years,"Positive mental health, flourishing",82.8,,,percent,,v111452041,2015,2016A000259,Percent,units
2015,2015,British Columbia,Males,18 to 34 years,Suicidal thoughts (15 years and over),,42500.0,,,,v111452044,2015,2016A000259,Number,units
2015,2015,British Columbia,Males,18 to 34 years,Suicidal thoughts (15 years and over),,,78400.0,,,v111452045,2015,2016A000259,Number,units
2015,2015,British Columbia,Males,18 to 34 years,Suicidal thoughts (15 years and over),11.7,,,percent,e,v111452046,2015,2016A000259,Percent,units
2015,2015,British Columbia,Males,18 to 34 years,Suicidal thoughts (15 years and over),8.2,,,percent,e,v111452047,2015,2016A000259,Percent,units
2015,2015,British Columbia,Males,18 to 34 years,Suicidal thoughts (15 years and over),15.2,,,percent,e,v111452048,2015,2016A000259,Percent,units
2015,2015,British Columbia,Both sexes,35 to 49 years,Consultation with a health professional about emotional or mental health,,126900.0,,,,v111452072,2015,2016A000259,Number,units
2015,2015,British Columbia,Both sexes,35 to 49 years,Consultation with a health professional about emotional or mental health,,,173600.0,,,v111452073,2015,2016A000259,Number,units
2015,2015,British Columbia,Both sexes,35 to 49 years,Consultation with a health professional about emotional or mental health,16.8,,,percent,,v111452074,2015,2016A000259,Percent,units
2015,2015,British Columbia,Both sexes,35 to 49 years,Consultation with a health professional about emotional or mental health,14.3,,,percent,,v111452075,2015,2016A000259,Percent,units
2015,2015,British Columbia,Both sexes,35 to 49 years,Consultation with a health professional about emotional or mental health,19.4,,,percent,,v111452076,2015,2016A000259,Percent,units
2015,2015,British Columbia,Both sexes,35 to 49 years,"Positive mental health, flourishing",,653700.0,,,,v111452079,2015,2016A000259,Number,units
2015,2015,British Columbia,Both sexes,35 to 49 years,"Positive mental health, flourishing",,,715100.0,,,v111452080,2015,2016A000259,Number,units
2015,2015,British Columbia,Both sexes,35 to 49 years,"Positive mental health, flourishing",77.5,,,percent,,v111452081,2015,2016A000259,Percent,units
2015,2015,British Columbia,Both sexes,35 to 49 years,"Positive mental health, flourishing",74.2,,,percent,,v111452082,2015,2016A000259,Percent,units
2015,2015,British Columbia,Both sexes,35 to 49 years,"Positive mental health, flourishing",80.8,,,percent,,v111452083,2015,2016A000259,Percent,units
2015,2015,British Columbia,Both sexes,35 to 49 years,Suicidal thoughts (15 years and over),,101800.0,,,,v111452086,2015,2016A000259,Number,units
2015,2015,British Columbia,Both sexes,35 to 49 years,Suicidal thoughts (15 years and over),,,144900.0,,,v111452087,2015,2016A000259,Number,units
2015,2015,British Columbia,Both sexes,35 to 49 years,Suicidal thoughts (15 years and over),13.9,,,percent,,v111452088,2015,2016A000259,Percent,units
2015,2015,British Columbia,Both sexes,35 to 49 years,Suicidal thoughts (15 years and over),11.5,,,percent,,v111452089,2015,2016A000259,Percent,units
2015,2015,British Columbia,Both sexes,35 to 49 years,Suicidal thoughts (15 years and over),16.3,,,percent,,v111452090,2015,2016A000259,Percent,units
2015,2015,British Columbia,Females,35 to 49 years,Consultation with a health professional about emotional or mental health,,81600.0,,,,v111452114,2015,2016A000259,Number,units
2015,2015,British Columbia,Females,35 to 49 years,Consultation with a health professional about emotional or mental health,,,118500.0,,,v111452115,2015,2016A000259,Number,units
2015,2015,British Columbia,Females,35 to 49 years,Consultation with a health professional about emotional or mental health,21.6,,,percent,,v111452116,2015,2016A000259,Percent,units
2015,2015,British Columbia,Females,35 to 49 years,Consultation with a health professional about emotional or mental health,17.6,,,percent,,v111452117,2015,2016A000259,Percent,units
2015,2015,British Columbia,Females,35 to 49 years,Consultation with a health professional about emotional or mental health,25.6,,,percent,,v111452118,2015,2016A000259,Percent,units
2015,2015,British Columbia,Females,35 to 49 years,"Positive mental health, flourishing",,347500.0,,,,v111452121,2015,2016A000259,Number,units
2015,2015,British Columbia,Females,35 to 49 years,"Positive mental health, flourishing",,,386200.0,,,v111452122,2015,2016A000259,Number,units
2015,2015,British Columbia,Females,35 to 49 years,"Positive mental health, flourishing",79.5,,,percent,,v111452123,2015,2016A000259,Percent,units
2015,2015,British Columbia,Females,35 to 49 years,"Positive mental health, flourishing",75.3,,,percent,,v111452124,2015,2016A000259,Percent,units
2015,2015,British Columbia,Females,35 to 49 years,"Positive mental health, flourishing",83.6,,,percent,,v111452125,2015,2016A000259,Percent,units
2015,2015,British Columbia,Females,35 to 49 years,Suicidal thoughts (15 years and over),,64900.0,,,,v111452128,2015,2016A000259,Number,units
2015,2015,British Columbia,Females,35 to 49 years,Suicidal thoughts (15 years and over),,,100700.0,,,v111452129,2015,2016A000259,Number,units
2015,2015,British Columbia,Females,35 to 49 years,Suicidal thoughts (15 years and over),17.9,,,percent,,v111452130,2015,2016A000259,Percent,units
2015,2015,British Columbia,Females,35 to 49 years,Suicidal thoughts (15 years and over),14.0,,,percent,,v111452131,2015,2016A000259,Percent,units
2015,2015,British Columbia,Females,35 to 49 years,Suicidal thoughts (15 years and over),21.8,,,percent,,v111452132,2015,2016A000259,Percent,units
2015,2015,British Columbia,Males,35 to 49 years,Consultation with a health professional about emotional or mental health,,37100.0,,,,v111452093,2015,2016A000259,Number,units
2015,2015,British Columbia,Males,35 to 49 years,Consultation with a health professional about emotional or mental health,,,63200.0,,,v111452094,2015,2016A000259,Number,units
2015,2015,British Columbia,Males,35 to 49 years,Consultation with a health professional about emotional or mental health,11.7,,,percent,,v111452095,2015,2016A000259,Percent,units
2015,2015,British Columbia,Males,35 to 49 years,Consultation with a health professional about emotional or mental health,8.7,,,percent,,v111452096,2015,2016A000259,Percent,units
2015,2015,British Columbia,Males,35 to 49 years,Consultation with a health professional about emotional or mental health,14.7,,,percent,,v111452097,2015,2016A000259,Percent,units
2015,2015,British Columbia,Males,35 to 49 years,"Positive mental health, flourishing",,293700.0,,,,v111452100,2015,2016A000259,Number,units
2015,2015,British Columbia,Males,35 to 49 years,"Positive mental health, flourishing",,,341500.0,,,v111452101,2015,2016A000259,Number,units
2015,2015,British Columbia,Males,35 to 49 years,"Positive mental health, flourishing",75.3,,,percent,,v111452102,2015,2016A000259,Percent,units
2015,2015,British Columbia,Males,35 to 49 years,"Positive mental health, flourishing",70.3,,,percent,,v111452103,2015,2016A000259,Percent,units
2015,2015,British Columbia,Males,35 to 49 years,"Positive mental health, flourishing",80.4,,,percent,,v111452104,2015,2016A000259,Percent,units
2015,2015,British Columbia,Males,35 to 49 years,Suicidal thoughts (15 years and over),,28000.0,,,,v111452107,2015,2016A000259,Number,units
2015,2015,British Columbia,Males,35 to 49 years,Suicidal thoughts (15 years and over),,,53000.0,,,v111452108,2015,2016A000259,Number,units
2015,2015,British Columbia,Males,35 to 49 years,Suicidal thoughts (15 years and over),9.5,,,percent,e,v111452109,2015,2016A000259,Percent,units
2015,2015,British Columbia,Males,35 to 49 years,Suicidal thoughts (15 years and over),6.6,,,percent,e,v111452110,2015,2016A000259,Percent,units
2015,2015,British Columbia,Males,35 to 49 years,Suicidal thoughts (15 years and over),12.3,,,percent,e,v111452111,2015,2016A000259,Percent,units
2015,2015,British Columbia,Both sexes,50 to 64 years,Consultation with a health professional about emotional or mental health,,104200.0,,,,v111452135,2015,2016A000259,Number,units
2015,2015,British Columbia,Both sexes,50 to 64 years,Consultation with a health professional about emotional or mental health,,,146000.0,,,v111452136,2015,2016A000259,Number,units
2015,2015,British Columbia,Both sexes,50 to 64 years,Consultation with a health professional about emotional or mental health,12.9,,,percent,,v111452137,2015,2016A000259,Percent,units
2015,2015,British Columbia,Both sexes,50 to 64 years,Consultation with a health professional about emotional or mental health,10.7,,,percent,,v111452138,2015,2016A000259,Percent,units
2015,2015,British Columbia,Both sexes,50 to 64 years,Consultation with a health professional about emotional or mental health,15.1,,,percent,,v111452139,2015,2016A000259,Percent,units
2015,2015,British Columbia,Both sexes,50 to 64 years,"Positive mental health, flourishing",,731900.0,,,,v111452142,2015,2016A000259,Number,units
2015,2015,British Columbia,Both sexes,50 to 64 years,"Positive mental health, flourishing",,,793600.0,,,v111452143,2015,2016A000259,Number,units
2015,2015,British Columbia,Both sexes,50 to 64 years,"Positive mental health, flourishing",79.7,,,percent,,v111452144,2015,2016A000259,Percent,units
2015,2015,British Columbia,Both sexes,50 to 64 years,"Positive mental health, flourishing",76.6,,,percent,,v111452145,2015,2016A000259,Percent,units
2015,2015,British Columbia,Both sexes,50 to 64 years,"Positive mental health, flourishing",82.7,,,percent,,v111452146,2015,2016A000259,Percent,units
2015,2015,British Columbia,Both sexes,50 to 64 years,Suicidal thoughts (15 years and over),,99700.0,,,,v111452149,2015,2016A000259,Number,units
2015,2015,British Columbia,Both sexes,50 to 64 years,Suicidal thoughts (15 years and over),,,151000.0,,,v111452150,2015,2016A000259,Number,units
2015,2015,British Columbia,Both sexes,50 to 64 years,Suicidal thoughts (15 years and over),13.0,,,percent,,v111452151,2015,2016A000259,Percent,units
2015,2015,British Columbia,Both sexes,50 to 64 years,Suicidal thoughts (15 years and over),10.4,,,percent,,v111452152,2015,2016A000259,Percent,units
2015,2015,British Columbia,Both sexes,50 to 64 years,Suicidal thoughts (15 years and over),15.7,,,percent,,v111452153,2015,2016A000259,Percent,units
2015,2015,British Columbia,Females,50 to 64 years,Consultation with a health professional about emotional or mental health,,62400.0,,,,v111452177,2015,2016A000259,Number,units
2015,2015,British Columbia,Females,50 to 64 years,Consultation with a health professional about emotional or mental health,,,94200.0,,,v111452178,2015,2016A000259,Number,units
2015,2015,British Columbia,Females,50 to 64 years,Consultation with a health professional about emotional or mental health,15.9,,,percent,,v111452179,2015,2016A000259,Percent,units
2015,2015,British Columbia,Females,50 to 64 years,Consultation with a health professional about emotional or mental health,12.7,,,percent,,v111452180,2015,2016A000259,Percent,units
2015,2015,British Columbia,Females,50 to 64 years,Consultation with a health professional about emotional or mental health,19.1,,,percent,,v111452181,2015,2016A000259,Percent,units
2015,2015,British Columbia,Females,50 to 64 years,"Positive mental health, flourishing",,356400.0,,,,v111452184,2015,2016A000259,Number,units
2015,2015,British Columbia,Females,50 to 64 years,"Positive mental health, flourishing",,,399700.0,,,v111452185,2015,2016A000259,Number,units
2015,2015,British Columbia,Females,50 to 64 years,"Positive mental health, flourishing",78.5,,,percent,,v111452186,2015,2016A000259,Percent,units
2015,2015,British Columbia,Females,50 to 64 years,"Positive mental health, flourishing",74.4,,,percent,,v111452187,2015,2016A000259,Percent,units
2015,2015,British Columbia,Females,50 to 64 years,"Positive mental health, flourishing",82.6,,,percent,,v111452188,2015,2016A000259,Percent,units
2015,2015,British Columbia,Females,50 to 64 years,Suicidal thoughts (15 years and over),,51200.0,,,,v111452191,2015,2016A000259,Number,units
2015,2015,British Columbia,Females,50 to 64 years,Suicidal thoughts (15 years and over),,,85000.0,,,v111452192,2015,2016A000259,Number,units
2015,2015,British Columbia,Females,50 to 64 years,Suicidal thoughts (15 years and over),13.9,,,percent,,v111452193,2015,2016A000259,Percent,units
2015,2015,British Columbia,Females,50 to 64 years,Suicidal thoughts (15 years and over),10.4,,,percent,,v111452194,2015,2016A000259,Percent,units
2015,2015,British Columbia,Females,50 to 64 years,Suicidal thoughts (15 years and over),17.3,,,percent,,v111452195,2015,2016A000259,Percent,units
2015,2015,British Columbia,Males,50 to 64 years,Consultation with a health professional about emotional or mental health,,32400.0,,,,v111452156,2015,2016A000259,Number,units
2015,2015,British Columbia,Males,50 to 64 years,Consultation with a health professional about emotional or mental health,,,61200.0,,,v111452157,2015,2016A000259,Number,units
2015,2015,British Columbia,Males,50 to 64 years,Consultation with a health professional about emotional or mental health,9.8,,,percent,e,v111452158,2015,2016A000259,Percent,units
2015,2015,British Columbia,Males,50 to 64 years,Consultation with a health professional about emotional or mental health,6.8,,,percent,e,v111452159,2015,2016A000259,Percent,units
2015,2015,British Columbia,Males,50 to 64 years,Consultation with a health professional about emotional or mental health,12.8,,,percent,e,v111452160,2015,2016A000259,Percent,units
2015,2015,British Columbia,Males,50 to 64 years,"Positive mental health, flourishing",,364300.0,,,,v111452163,2015,2016A000259,Number,units
2015,2015,British Columbia,Males,50 to 64 years,"Positive mental health, flourishing",,,405100.0,,,v111452164,2015,2016A000259,Number,units
2015,2015,British Columbia,Males,50 to 64 years,"Positive mental health, flourishing",80.8,,,percent,,v111452165,2015,2016A000259,Percent,units
2015,2015,British Columbia,Males,50 to 64 years,"Positive mental health, flourishing",76.7,,,percent,,v111452166,2015,2016A000259,Percent,units
2015,2015,British Columbia,Males,50 to 64 years,"Positive mental health, flourishing",85.0,,,percent,,v111452167,2015,2016A000259,Percent,units
2015,2015,British Columbia,Males,50 to 64 years,Suicidal thoughts (15 years and over),,39200.0,,,,v111452170,2015,2016A000259,Number,units
2015,2015,British Columbia,Males,50 to 64 years,Suicidal thoughts (15 years and over),,,75400.0,,,v111452171,2015,2016A000259,Number,units
2015,2015,British Columbia,Males,50 to 64 years,Suicidal thoughts (15 years and over),12.2,,,percent,e,v111452172,2015,2016A000259,Percent,units
2015,2015,British Columbia,Males,50 to 64 years,Suicidal thoughts (15 years and over),8.3,,,percent,e,v111452173,2015,2016A000259,Percent,units
2015,2015,British Columbia,Males,50 to 64 years,Suicidal thoughts (15 years and over),16.0,,,percent,e,v111452174,2015,2016A000259,Percent,units
2015,2015,British Columbia,Both sexes,65 years and over,Consultation with a health professional about emotional or mental health,,54000.0,,,,v111452198,2015,2016A000259,Number,units
2015,2015,British Columbia,Both sexes,65 years and over,Consultation with a health professional about emotional or mental health,,,80300.0,,,v111452199,2015,2016A000259,Number,units
2015,2015,British Columbia,Both sexes,65 years and over,Consultation with a health professional about emotional or mental health,9.7,,,percent,,v111452200,2015,2016A000259,Percent,units
2015,2015,British Columbia,Both sexes,65 years and over,Consultation with a health professional about emotional or mental health,7.8,,,percent,,v111452201,2015,2016A000259,Percent,units
2015,2015,British Columbia,Both sexes,65 years and over,Consultation with a health professional about emotional or mental health,11.5,,,percent,,v111452202,2015,2016A000259,Percent,units
2015,2015,British Columbia,Both sexes,65 years and over,"Positive mental health, flourishing",,535100.0,,,,v111452205,2015,2016A000259,Number,units
2015,2015,British Columbia,Both sexes,65 years and over,"Positive mental health, flourishing",,,581300.0,,,v111452206,2015,2016A000259,Number,units
2015,2015,British Columbia,Both sexes,65 years and over,"Positive mental health, flourishing",82.0,,,percent,,v111452207,2015,2016A000259,Percent,units
2015,2015,British Columbia,Both sexes,65 years and over,"Positive mental health, flourishing",79.5,,,percent,,v111452208,2015,2016A000259,Percent,units
2015,2015,British Columbia,Both sexes,65 years and over,"Positive mental health, flourishing",84.5,,,percent,,v111452209,2015,2016A000259,Percent,units
2015,2015,British Columbia,Both sexes,65 years and over,Suicidal thoughts (15 years and over),,49700.0,,,,v111452212,2015,2016A000259,Number,units
2015,2015,British Columbia,Both sexes,65 years and over,Suicidal thoughts (15 years and over),,,76200.0,,,v111452213,2015,2016A000259,Number,units
2015,2015,British Columbia,Both sexes,65 years and over,Suicidal thoughts (15 years and over),9.2,,,percent,,v111452214,2015,2016A000259,Percent,units
2015,2015,British Columbia,Both sexes,65 years and over,Suicidal thoughts (15 years and over),7.3,,,percent,,v111452215,2015,2016A000259,Percent,units
2015,2015,British Columbia,Both sexes,65 years and over,Suicidal thoughts (15 years and over),11.1,,,percent,,v111452216,2015,2016A000259,Percent,units
2015,2015,British Columbia,Females,65 years and over,Consultation with a health professional about emotional or mental health,,40000.0,,,,v111452240,2015,2016A000259,Number,units
2015,2015,British Columbia,Females,65 years and over,Consultation with a health professional about emotional or mental health,,,63000.0,,,v111452241,2015,2016A000259,Number,units
2015,2015,British Columbia,Females,65 years and over,Consultation with a health professional about emotional or mental health,13.8,,,percent,,v111452242,2015,2016A000259,Percent,units
2015,2015,British Columbia,Females,65 years and over,Consultation with a health professional about emotional or mental health,10.8,,,percent,,v111452243,2015,2016A000259,Percent,units
2015,2015,British Columbia,Females,65 years and over,Consultation with a health professional about emotional or mental health,16.8,,,percent,,v111452244,2015,2016A000259,Percent,units
2015,2015,British Columbia,Females,65 years and over,"Positive mental health, flourishing",,288800.0,,,,v111452247,2015,2016A000259,Number,units
2015,2015,British Columbia,Females,65 years and over,"Positive mental health, flourishing",,,322400.0,,,v111452248,2015,2016A000259,Number,units
2015,2015,British Columbia,Females,65 years and over,"Positive mental health, flourishing",83.9,,,percent,,v111452249,2015,2016A000259,Percent,units
2015,2015,British Columbia,Females,65 years and over,"Positive mental health, flourishing",80.8,,,percent,,v111452250,2015,2016A000259,Percent,units
2015,2015,British Columbia,Females,65 years and over,"Positive mental health, flourishing",87.1,,,percent,,v111452251,2015,2016A000259,Percent,units
2015,2015,British Columbia,Females,65 years and over,Suicidal thoughts (15 years and over),,29200.0,,,,v111452254,2015,2016A000259,Number,units
2015,2015,British Columbia,Females,65 years and over,Suicidal thoughts (15 years and over),,,48300.0,,,v111452255,2015,2016A000259,Number,units
2015,2015,British Columbia,Females,65 years and over,Suicidal thoughts (15 years and over),10.5,,,percent,,v111452256,2015,2016A000259,Percent,units
2015,2015,British Columbia,Females,65 years and over,Suicidal thoughts (15 years and over),7.9,,,percent,,v111452257,2015,2016A000259,Percent,units
2015,2015,British Columbia,Females,65 years and over,Suicidal thoughts (15 years and over),13.0,,,percent,,v111452258,2015,2016A000259,Percent,units
2015,2015,British Columbia,Males,65 years and over,Consultation with a health professional about emotional or mental health,,9800.0,,,,v111452219,2015,2016A000259,Number,units
2015,2015,British Columbia,Males,65 years and over,Consultation with a health professional about emotional or mental health,,,21500.0,,,v111452220,2015,2016A000259,Number,units
2015,2015,British Columbia,Males,65 years and over,Consultation with a health professional about emotional or mental health,4.9,,,percent,e,v111452221,2015,2016A000259,Percent,units
2015,2015,British Columbia,Males,65 years and over,Consultation with a health professional about emotional or mental health,3.1,,,percent,e,v111452222,2015,2016A000259,Percent,units
2015,2015,British Columbia,Males,65 years and over,Consultation with a health professional about emotional or mental health,6.7,,,percent,e,v111452223,2015,2016A000259,Percent,units
2015,2015,British Columbia,Males,65 years and over,"Positive mental health, flourishing",,236800.0,,,,v111452226,2015,2016A000259,Number,units
2015,2015,British Columbia,Males,65 years and over,"Positive mental health, flourishing",,,268400.0,,,v111452227,2015,2016A000259,Number,units
2015,2015,British Columbia,Males,65 years and over,"Positive mental health, flourishing",79.8,,,percent,,v111452228,2015,2016A000259,Percent,units
2015,2015,British Columbia,Males,65 years and over,"Positive mental health, flourishing",75.9,,,percent,,v111452229,2015,2016A000259,Percent,units
2015,2015,British Columbia,Males,65 years and over,"Positive mental health, flourishing",83.7,,,percent,,v111452230,2015,2016A000259,Percent,units
2015,2015,British Columbia,Males,65 years and over,Suicidal thoughts (15 years and over),,15500.0,,,,v111452233,2015,2016A000259,Number,units
2015,2015,British Columbia,Males,65 years and over,Suicidal thoughts (15 years and over),,,33000.0,,,v111452234,2015,2016A000259,Number,units
2015,2015,British Columbia,Males,65 years and over,Suicidal thoughts (15 years and over),7.7,,,percent,e,v111452235,2015,2016A000259,Percent,units
2015,2015,British Columbia,Males,65 years and over,Suicidal thoughts (15 years and over),4.9,,,percent,e,v111452236,2015,2016A000259,Percent,units
2015,2015,British Columbia,Males,65 years and over,Suicidal thoughts (15 years and over),10.4,,,percent,e,v111452237,2015,2016A000259,Percent,units
2015,2015,British Columbia,Both sexes,"Total, 12 years and over",Consultation with a health professional about emotional or mental health,,494300.0,,,,v111451883,2015,2016A000259,Number,units
2015,2015,British Columbia,Both sexes,"Total, 12 years and over",Consultation with a health professional about emotional or mental health,,,588100.0,,,v111451884,2015,2016A000259,Number,units
2015,2015,British Columbia,Both sexes,"Total, 12 years and over",Consultation with a health professional about emotional or mental health,14.0,,,percent,,v111451885,2015,2016A000259,Percent,units
2015,2015,British Columbia,Both sexes,"Total, 12 years and over",Consultation with a health professional about emotional or mental health,12.8,,,percent,,v111451886,2015,2016A000259,Percent,units
2015,2015,British Columbia,Both sexes,"Total, 12 years and over",Consultation with a health professional about emotional or mental health,15.2,,,percent,,v111451887,2015,2016A000259,Percent,units
2015,2015,British Columbia,Both sexes,"Total, 12 years and over","Positive mental health, flourishing",,2994000.0,,,,v111451890,2015,2016A000259,Number,units
2015,2015,British Columbia,Both sexes,"Total, 12 years and over","Positive mental health, flourishing",,,3119300.0,,,v111451891,2015,2016A000259,Number,units
2015,2015,British Columbia,Both sexes,"Total, 12 years and over","Positive mental health, flourishing",80.0,,,percent,,v111451892,2015,2016A000259,Percent,units
2015,2015,British Columbia,Both sexes,"Total, 12 years and over","Positive mental health, flourishing",78.5,,,percent,,v111451893,2015,2016A000259,Percent,units
2015,2015,British Columbia,Both sexes,"Total, 12 years and over","Positive mental health, flourishing",81.5,,,percent,,v111451894,2015,2016A000259,Percent,units
2015,2015,British Columbia,Both sexes,"Total, 12 years and over",Suicidal thoughts (15 years and over),,425600.0,,,,v111451897,2015,2016A000259,Number,units
2015,2015,British Columbia,Both sexes,"Total, 12 years and over",Suicidal thoughts (15 years and over),,,511200.0,,,v111451898,2015,2016A000259,Number,units
2015,2015,British Columbia,Both sexes,"Total, 12 years and over",Suicidal thoughts (15 years and over),12.7,,,percent,,v111451899,2015,2016A000259,Percent,units
2015,2015,British Columbia,Both sexes,"Total, 12 years and over",Suicidal thoughts (15 years and over),11.5,,,percent,,v111451900,2015,2016A000259,Percent,units
2015,2015,British Columbia,Both sexes,"Total, 12 years and over",Suicidal thoughts (15 years and over),13.8,,,percent,,v111451901,2015,2016A000259,Percent,units
2015,2015,British Columbia,Females,"Total, 12 years and over",Consultation with a health professional about emotional or mental health,,334300.0,,,,v111451925,2015,2016A000259,Number,units
2015,2015,British Columbia,Females,"Total, 12 years and over",Consultation with a health professional about emotional or mental health,,,406500.0,,,v111451926,2015,2016A000259,Number,units
2015,2015,British Columbia,Females,"Total, 12 years and over",Consultation with a health professional about emotional or mental health,18.7,,,percent,,v111451927,2015,2016A000259,Percent,units
2015,2015,British Columbia,Females,"Total, 12 years and over",Consultation with a health professional about emotional or mental health,16.9,,,percent,,v111451928,2015,2016A000259,Percent,units
2015,2015,British Columbia,Females,"Total, 12 years and over",Consultation with a health professional about emotional or mental health,20.5,,,percent,,v111451929,2015,2016A000259,Percent,units
2015,2015,British Columbia,Females,"Total, 12 years and over","Positive mental health, flourishing",,1542500.0,,,,v111451932,2015,2016A000259,Number,units
2015,2015,British Columbia,Females,"Total, 12 years and over","Positive mental health, flourishing",,,1626300.0,,,v111451933,2015,2016A000259,Number,units
2015,2015,British Columbia,Females,"Total, 12 years and over","Positive mental health, flourishing",81.1,,,percent,,v111451934,2015,2016A000259,Percent,units
2015,2015,British Columbia,Females,"Total, 12 years and over","Positive mental health, flourishing",79.1,,,percent,,v111451935,2015,2016A000259,Percent,units
2015,2015,British Columbia,Females,"Total, 12 years and over","Positive mental health, flourishing",83.0,,,percent,,v111451936,2015,2016A000259,Percent,units
2015,2015,British Columbia,Females,"Total, 12 years and over",Suicidal thoughts (15 years and over),,244800.0,,,,v111451939,2015,2016A000259,Number,units
2015,2015,British Columbia,Females,"Total, 12 years and over",Suicidal thoughts (15 years and over),,,312400.0,,,v111451940,2015,2016A000259,Number,units
2015,2015,British Columbia,Females,"Total, 12 years and over",Suicidal thoughts (15 years and over),14.7,,,percent,,v111451941,2015,2016A000259,Percent,units
2015,2015,British Columbia,Females,"Total, 12 years and over",Suicidal thoughts (15 years and over),12.9,,,percent,,v111451942,2015,2016A000259,Percent,units
2015,2015,British Columbia,Females,"Total, 12 years and over",Suicidal thoughts (15 years and over),16.4,,,percent,,v111451943,2015,2016A000259,Percent,units
2015,2015,British Columbia,Males,"Total, 12 years and over",Consultation with a health professional about emotional or mental health,,144000.0,,,,v111451904,2015,2016A000259,Number,units
2015,2015,British Columbia,Males,"Total, 12 years and over",Consultation with a health professional about emotional or mental health,,,197500.0,,,v111451905,2015,2016A000259,Number,units
2015,2015,British Columbia,Males,"Total, 12 years and over",Consultation with a health professional about emotional or mental health,9.1,,,percent,,v111451906,2015,2016A000259,Percent,units
2015,2015,British Columbia,Males,"Total, 12 years and over",Consultation with a health professional about emotional or mental health,7.7,,,percent,,v111451907,2015,2016A000259,Percent,units
2015,2015,British Columbia,Males,"Total, 12 years and over",Consultation with a health professional about emotional or mental health,10.5,,,percent,,v111451908,2015,2016A000259,Percent,units
2015,2015,British Columbia,Males,"Total, 12 years and over","Positive mental health, flourishing",,1426000.0,,,,v111451911,2015,2016A000259,Number,units
2015,2015,British Columbia,Males,"Total, 12 years and over","Positive mental health, flourishing",,,1518400.0,,,v111451912,2015,2016A000259,Number,units
2015,2015,British Columbia,Males,"Total, 12 years and over","Positive mental health, flourishing",78.9,,,percent,,v111451913,2015,2016A000259,Percent,units
2015,2015,British Columbia,Males,"Total, 12 years and over","Positive mental health, flourishing",76.7,,,percent,,v111451914,2015,2016A000259,Percent,units
2015,2015,British Columbia,Males,"Total, 12 years and over","Positive mental health, flourishing",81.1,,,percent,,v111451915,2015,2016A000259,Percent,units
2015,2015,British Columbia,Males,"Total, 12 years and over",Suicidal thoughts (15 years and over),,159500.0,,,,v111451918,2015,2016A000259,Number,units
2015,2015,British Columbia,Males,"Total, 12 years and over",Suicidal thoughts (15 years and over),,,220100.0,,,v111451919,2015,2016A000259,Number,units
2015,2015,British Columbia,Males,"Total, 12 years and over",Suicidal thoughts (15 years and over),10.6,,,percent,,v111451920,2015,2016A000259,Percent,units
2015,2015,British Columbia,Males,"Total, 12 years and over",Suicidal thoughts (15 years and over),8.9,,,percent,,v111451921,2015,2016A000259,Percent,units
2015,2015,British Columbia,Males,"Total, 12 years and over",Suicidal thoughts (15 years and over),12.2,,,percent,,v111451922,2015,2016A000259,Percent,units
2015,2015,Manitoba,Both sexes,12 to 17 years,Consultation with a health professional about emotional or mental health,,6300.0,,,,v111450812,2015,2016A000246,Number,units
2015,2015,Manitoba,Both sexes,12 to 17 years,Consultation with a health professional about emotional or mental health,,,15300.0,,,v111450813,2015,2016A000246,Number,units
2015,2015,Manitoba,Both sexes,12 to 17 years,Consultation with a health professional about emotional or mental health,12.7,,,percent,e,v111450814,2015,2016A000246,Percent,units
2015,2015,Manitoba,Both sexes,12 to 17 years,Consultation with a health professional about emotional or mental health,7.4,,,percent,e,v111450815,2015,2016A000246,Percent,units
2015,2015,Manitoba,Both sexes,12 to 17 years,Consultation with a health professional about emotional or mental health,18.1,,,percent,e,v111450816,2015,2016A000246,Percent,units
2015,2015,Manitoba,Both sexes,12 to 17 years,"Positive mental health, flourishing",,68400.0,,,,v111450819,2015,2016A000246,Number,units
2015,2015,Manitoba,Both sexes,12 to 17 years,"Positive mental health, flourishing",,,77900.0,,,v111450820,2015,2016A000246,Number,units
2015,2015,Manitoba,Both sexes,12 to 17 years,"Positive mental health, flourishing",86.4,,,percent,,v111450821,2015,2016A000246,Percent,units
2015,2015,Manitoba,Both sexes,12 to 17 years,"Positive mental health, flourishing",81.0,,,percent,,v111450822,2015,2016A000246,Percent,units
2015,2015,Manitoba,Both sexes,12 to 17 years,"Positive mental health, flourishing",91.7,,,percent,,v111450823,2015,2016A000246,Percent,units
2015,2015,Manitoba,Both sexes,12 to 17 years,Suicidal thoughts (15 years and over),,2300.0,,,,v111450826,2015,2016A000246,Number,units
2015,2015,Manitoba,Both sexes,12 to 17 years,Suicidal thoughts (15 years and over),,,8900.0,,,v111450827,2015,2016A000246,Number,units
2015,2015,Manitoba,Both sexes,12 to 17 years,Suicidal thoughts (15 years and over),13.0,,,percent,e,v111450828,2015,2016A000246,Percent,units
2015,2015,Manitoba,Both sexes,12 to 17 years,Suicidal thoughts (15 years and over),5.7,,,percent,e,v111450829,2015,2016A000246,Percent,units
2015,2015,Manitoba,Both sexes,12 to 17 years,Suicidal thoughts (15 years and over),20.4,,,percent,e,v111450830,2015,2016A000246,Percent,units
2015,2015,Manitoba,Females,12 to 17 years,Consultation with a health professional about emotional or mental health,,3100.0,,,,v111450854,2015,2016A000246,Number,units
2015,2015,Manitoba,Females,12 to 17 years,Consultation with a health professional about emotional or mental health,,,9800.0,,,v111450855,2015,2016A000246,Number,units
2015,2015,Manitoba,Females,12 to 17 years,Consultation with a health professional about emotional or mental health,15.9,,,percent,e,v111450856,2015,2016A000246,Percent,units
2015,2015,Manitoba,Females,12 to 17 years,Consultation with a health professional about emotional or mental health,7.5,,,percent,e,v111450857,2015,2016A000246,Percent,units
2015,2015,Manitoba,Females,12 to 17 years,Consultation with a health professional about emotional or mental health,24.2,,,percent,e,v111450858,2015,2016A000246,Percent,units
2015,2015,Manitoba,Females,12 to 17 years,"Positive mental health, flourishing",,29400.0,,,,v111450861,2015,2016A000246,Number,units
2015,2015,Manitoba,Females,12 to 17 years,"Positive mental health, flourishing",,,37000.0,,,v111450862,2015,2016A000246,Number,units
2015,2015,Manitoba,Females,12 to 17 years,"Positive mental health, flourishing",81.6,,,percent,,v111450863,2015,2016A000246,Percent,units
2015,2015,Manitoba,Females,12 to 17 years,"Positive mental health, flourishing",72.8,,,percent,,v111450864,2015,2016A000246,Percent,units
2015,2015,Manitoba,Females,12 to 17 years,"Positive mental health, flourishing",90.4,,,percent,,v111450865,2015,2016A000246,Percent,units
2015,2015,Manitoba,Females,12 to 17 years,Suicidal thoughts (15 years and over),,1400.0,,,,v111450868,2015,2016A000246,Number,units
2015,2015,Manitoba,Females,12 to 17 years,Suicidal thoughts (15 years and over),,,7000.0,,,v111450869,2015,2016A000246,Number,units
2015,2015,Manitoba,Females,12 to 17 years,Suicidal thoughts (15 years and over),18.8,,,percent,e,v111450870,2015,2016A000246,Percent,units
2015,2015,Manitoba,Females,12 to 17 years,Suicidal thoughts (15 years and over),7.3,,,percent,e,v111450871,2015,2016A000246,Percent,units
2015,2015,Manitoba,Females,12 to 17 years,Suicidal thoughts (15 years and over),30.3,,,percent,e,v111450872,2015,2016A000246,Percent,units
2015,2015,Manitoba,Males,12 to 17 years,"Positive mental health, flourishing",,37000.0,,,,v111450840,2015,2016A000246,Number,units
2015,2015,Manitoba,Males,12 to 17 years,"Positive mental health, flourishing",,,42800.0,,,v111450841,2015,2016A000246,Number,units
2015,2015,Manitoba,Males,12 to 17 years,"Positive mental health, flourishing",90.8,,,percent,,v111450842,2015,2016A000246,Percent,units
2015,2015,Manitoba,Males,12 to 17 years,"Positive mental health, flourishing",84.5,,,percent,,v111450843,2015,2016A000246,Percent,units
2015,2015,Manitoba,Males,12 to 17 years,"Positive mental health, flourishing",97.1,,,percent,,v111450844,2015,2016A000246,Percent,units
2015,2015,Manitoba,Both sexes,18 to 34 years,Consultation with a health professional about emotional or mental health,,26000.0,,,,v111450875,2015,2016A000246,Number,units
2015,2015,Manitoba,Both sexes,18 to 34 years,Consultation with a health professional about emotional or mental health,,,47000.0,,,v111450876,2015,2016A000246,Number,units
2015,2015,Manitoba,Both sexes,18 to 34 years,Consultation with a health professional about emotional or mental health,13.1,,,percent,,v111450877,2015,2016A000246,Percent,units
2015,2015,Manitoba,Both sexes,18 to 34 years,Consultation with a health professional about emotional or mental health,9.4,,,percent,,v111450878,2015,2016A000246,Percent,units
2015,2015,Manitoba,Both sexes,18 to 34 years,Consultation with a health professional about emotional or mental health,16.9,,,percent,,v111450879,2015,2016A000246,Percent,units
2015,2015,Manitoba,Both sexes,18 to 34 years,"Positive mental health, flourishing",,208200.0,,,,v111450882,2015,2016A000246,Number,units
2015,2015,Manitoba,Both sexes,18 to 34 years,"Positive mental health, flourishing",,,237000.0,,,v111450883,2015,2016A000246,Number,units
2015,2015,Manitoba,Both sexes,18 to 34 years,"Positive mental health, flourishing",80.1,,,percent,,v111450884,2015,2016A000246,Percent,units
2015,2015,Manitoba,Both sexes,18 to 34 years,"Positive mental health, flourishing",75.2,,,percent,,v111450885,2015,2016A000246,Percent,units
2015,2015,Manitoba,Both sexes,18 to 34 years,"Positive mental health, flourishing",84.9,,,percent,,v111450886,2015,2016A000246,Percent,units
2015,2015,Manitoba,Both sexes,18 to 34 years,Suicidal thoughts (15 years and over),,25600.0,,,,v111450889,2015,2016A000246,Number,units
2015,2015,Manitoba,Both sexes,18 to 34 years,Suicidal thoughts (15 years and over),,,49300.0,,,v111450890,2015,2016A000246,Number,units
2015,2015,Manitoba,Both sexes,18 to 34 years,Suicidal thoughts (15 years and over),13.5,,,percent,e,v111450891,2015,2016A000246,Percent,units
2015,2015,Manitoba,Both sexes,18 to 34 years,Suicidal thoughts (15 years and over),9.3,,,percent,e,v111450892,2015,2016A000246,Percent,units
2015,2015,Manitoba,Both sexes,18 to 34 years,Suicidal thoughts (15 years and over),17.8,,,percent,e,v111450893,2015,2016A000246,Percent,units
2015,2015,Manitoba,Females,18 to 34 years,Consultation with a health professional about emotional or mental health,,18100.0,,,,v111450917,2015,2016A000246,Number,units
2015,2015,Manitoba,Females,18 to 34 years,Consultation with a health professional about emotional or mental health,,,36400.0,,,v111450918,2015,2016A000246,Number,units
2015,2015,Manitoba,Females,18 to 34 years,Consultation with a health professional about emotional or mental health,19.5,,,percent,e,v111450919,2015,2016A000246,Percent,units
2015,2015,Manitoba,Females,18 to 34 years,Consultation with a health professional about emotional or mental health,13.0,,,percent,e,v111450920,2015,2016A000246,Percent,units
2015,2015,Manitoba,Females,18 to 34 years,Consultation with a health professional about emotional or mental health,26.0,,,percent,e,v111450921,2015,2016A000246,Percent,units
2015,2015,Manitoba,Females,18 to 34 years,"Positive mental health, flourishing",,100600.0,,,,v111450924,2015,2016A000246,Number,units
2015,2015,Manitoba,Females,18 to 34 years,"Positive mental health, flourishing",,,120100.0,,,v111450925,2015,2016A000246,Number,units
2015,2015,Manitoba,Females,18 to 34 years,"Positive mental health, flourishing",78.9,,,percent,,v111450926,2015,2016A000246,Percent,units
2015,2015,Manitoba,Females,18 to 34 years,"Positive mental health, flourishing",72.1,,,percent,,v111450927,2015,2016A000246,Percent,units
2015,2015,Manitoba,Females,18 to 34 years,"Positive mental health, flourishing",85.7,,,percent,,v111450928,2015,2016A000246,Percent,units
2015,2015,Manitoba,Females,18 to 34 years,Suicidal thoughts (15 years and over),,11400.0,,,,v111450931,2015,2016A000246,Number,units
2015,2015,Manitoba,Females,18 to 34 years,Suicidal thoughts (15 years and over),,,27800.0,,,v111450932,2015,2016A000246,Number,units
2015,2015,Manitoba,Females,18 to 34 years,Suicidal thoughts (15 years and over),14.1,,,percent,e,v111450933,2015,2016A000246,Percent,units
2015,2015,Manitoba,Females,18 to 34 years,Suicidal thoughts (15 years and over),8.3,,,percent,e,v111450934,2015,2016A000246,Percent,units
2015,2015,Manitoba,Females,18 to 34 years,Suicidal thoughts (15 years and over),20.0,,,percent,e,v111450935,2015,2016A000246,Percent,units
2015,2015,Manitoba,Males,18 to 34 years,Consultation with a health professional about emotional or mental health,,4400.0,,,,v111450896,2015,2016A000246,Number,units
2015,2015,Manitoba,Males,18 to 34 years,Consultation with a health professional about emotional or mental health,,,14000.0,,,v111450897,2015,2016A000246,Number,units
2015,2015,Manitoba,Males,18 to 34 years,Consultation with a health professional about emotional or mental health,6.7,,,percent,e,v111450898,2015,2016A000246,Percent,units
2015,2015,Manitoba,Males,18 to 34 years,Consultation with a health professional about emotional or mental health,3.2,,,percent,e,v111450899,2015,2016A000246,Percent,units
2015,2015,Manitoba,Males,18 to 34 years,Consultation with a health professional about emotional or mental health,10.1,,,percent,e,v111450900,2015,2016A000246,Percent,units
2015,2015,Manitoba,Males,18 to 34 years,"Positive mental health, flourishing",,101000.0,,,,v111450903,2015,2016A000246,Number,units
2015,2015,Manitoba,Males,18 to 34 years,"Positive mental health, flourishing",,,123400.0,,,v111450904,2015,2016A000246,Number,units
2015,2015,Manitoba,Males,18 to 34 years,"Positive mental health, flourishing",81.3,,,percent,,v111450905,2015,2016A000246,Percent,units
2015,2015,Manitoba,Males,18 to 34 years,"Positive mental health, flourishing",74.2,,,percent,,v111450906,2015,2016A000246,Percent,units
2015,2015,Manitoba,Males,18 to 34 years,"Positive mental health, flourishing",88.3,,,percent,,v111450907,2015,2016A000246,Percent,units
2015,2015,Manitoba,Males,18 to 34 years,Suicidal thoughts (15 years and over),,10600.0,,,,v111450910,2015,2016A000246,Number,units
2015,2015,Manitoba,Males,18 to 34 years,Suicidal thoughts (15 years and over),,,25100.0,,,v111450911,2015,2016A000246,Number,units
2015,2015,Manitoba,Males,18 to 34 years,Suicidal thoughts (15 years and over),12.9,,,percent,e,v111450912,2015,2016A000246,Percent,units
2015,2015,Manitoba,Males,18 to 34 years,Suicidal thoughts (15 years and over),7.7,,,percent,e,v111450913,2015,2016A000246,Percent,units
2015,2015,Manitoba,Males,18 to 34 years,Suicidal thoughts (15 years and over),18.1,,,percent,e,v111450914,2015,2016A000246,Percent,units
2015,2015,Manitoba,Both sexes,35 to 49 years,Consultation with a health professional about emotional or mental health,,32800.0,,,,v111450938,2015,2016A000246,Number,units
2015,2015,Manitoba,Both sexes,35 to 49 years,Consultation with a health professional about emotional or mental health,,,56700.0,,,v111450939,2015,2016A000246,Number,units
2015,2015,Manitoba,Both sexes,35 to 49 years,Consultation with a health professional about emotional or mental health,19.6,,,percent,,v111450940,2015,2016A000246,Percent,units
2015,2015,Manitoba,Both sexes,35 to 49 years,Consultation with a health professional about emotional or mental health,14.4,,,percent,,v111450941,2015,2016A000246,Percent,units
2015,2015,Manitoba,Both sexes,35 to 49 years,Consultation with a health professional about emotional or mental health,24.8,,,percent,,v111450942,2015,2016A000246,Percent,units
2015,2015,Manitoba,Both sexes,35 to 49 years,"Positive mental health, flourishing",,186200.0,,,,v111450945,2015,2016A000246,Number,units
2015,2015,Manitoba,Both sexes,35 to 49 years,"Positive mental health, flourishing",,,204600.0,,,v111450946,2015,2016A000246,Number,units
2015,2015,Manitoba,Both sexes,35 to 49 years,"Positive mental health, flourishing",84.7,,,percent,,v111450947,2015,2016A000246,Percent,units
2015,2015,Manitoba,Both sexes,35 to 49 years,"Positive mental health, flourishing",80.8,,,percent,,v111450948,2015,2016A000246,Percent,units
2015,2015,Manitoba,Both sexes,35 to 49 years,"Positive mental health, flourishing",88.6,,,percent,,v111450949,2015,2016A000246,Percent,units
2015,2015,Manitoba,Both sexes,35 to 49 years,Suicidal thoughts (15 years and over),,24800.0,,,,v111450952,2015,2016A000246,Number,units
2015,2015,Manitoba,Both sexes,35 to 49 years,Suicidal thoughts (15 years and over),,,43000.0,,,v111450953,2015,2016A000246,Number,units
2015,2015,Manitoba,Both sexes,35 to 49 years,Suicidal thoughts (15 years and over),14.8,,,percent,,v111450954,2015,2016A000246,Percent,units
2015,2015,Manitoba,Both sexes,35 to 49 years,Suicidal thoughts (15 years and over),10.8,,,percent,,v111450955,2015,2016A000246,Percent,units
2015,2015,Manitoba,Both sexes,35 to 49 years,Suicidal thoughts (15 years and over),18.8,,,percent,,v111450956,2015,2016A000246,Percent,units
2015,2015,Manitoba,Females,35 to 49 years,Consultation with a health professional about emotional or mental health,,18800.0,,,,v111450980,2015,2016A000246,Number,units
2015,2015,Manitoba,Females,35 to 49 years,Consultation with a health professional about emotional or mental health,,,34400.0,,,v111450981,2015,2016A000246,Number,units
2015,2015,Manitoba,Females,35 to 49 years,Consultation with a health professional about emotional or mental health,22.8,,,percent,,v111450982,2015,2016A000246,Percent,units
2015,2015,Manitoba,Females,35 to 49 years,Consultation with a health professional about emotional or mental health,16.1,,,percent,,v111450983,2015,2016A000246,Percent,units
2015,2015,Manitoba,Females,35 to 49 years,Consultation with a health professional about emotional or mental health,29.4,,,percent,,v111450984,2015,2016A000246,Percent,units
2015,2015,Manitoba,Females,35 to 49 years,"Positive mental health, flourishing",,96600.0,,,,v111450987,2015,2016A000246,Number,units
2015,2015,Manitoba,Females,35 to 49 years,"Positive mental health, flourishing",,,107700.0,,,v111450988,2015,2016A000246,Number,units
2015,2015,Manitoba,Females,35 to 49 years,"Positive mental health, flourishing",87.3,,,percent,,v111450989,2015,2016A000246,Percent,units
2015,2015,Manitoba,Females,35 to 49 years,"Positive mental health, flourishing",82.6,,,percent,,v111450990,2015,2016A000246,Percent,units
2015,2015,Manitoba,Females,35 to 49 years,"Positive mental health, flourishing",92.0,,,percent,,v111450991,2015,2016A000246,Percent,units
2015,2015,Manitoba,Females,35 to 49 years,Suicidal thoughts (15 years and over),,11400.0,,,,v111450994,2015,2016A000246,Number,units
2015,2015,Manitoba,Females,35 to 49 years,Suicidal thoughts (15 years and over),,,26400.0,,,v111450995,2015,2016A000246,Number,units
2015,2015,Manitoba,Females,35 to 49 years,Suicidal thoughts (15 years and over),16.2,,,percent,e,v111450996,2015,2016A000246,Percent,units
2015,2015,Manitoba,Females,35 to 49 years,Suicidal thoughts (15 years and over),9.8,,,percent,e,v111450997,2015,2016A000246,Percent,units
2015,2015,Manitoba,Females,35 to 49 years,Suicidal thoughts (15 years and over),22.6,,,percent,e,v111450998,2015,2016A000246,Percent,units
2015,2015,Manitoba,Males,35 to 49 years,Consultation with a health professional about emotional or mental health,,9800.0,,,,v111450959,2015,2016A000246,Number,units
2015,2015,Manitoba,Males,35 to 49 years,Consultation with a health professional about emotional or mental health,,,26500.0,,,v111450960,2015,2016A000246,Number,units
2015,2015,Manitoba,Males,35 to 49 years,Consultation with a health professional about emotional or mental health,16.2,,,percent,e,v111450961,2015,2016A000246,Percent,units
2015,2015,Manitoba,Males,35 to 49 years,Consultation with a health professional about emotional or mental health,8.8,,,percent,e,v111450962,2015,2016A000246,Percent,units
2015,2015,Manitoba,Males,35 to 49 years,Consultation with a health professional about emotional or mental health,23.7,,,percent,e,v111450963,2015,2016A000246,Percent,units
2015,2015,Manitoba,Males,35 to 49 years,"Positive mental health, flourishing",,85900.0,,,,v111450966,2015,2016A000246,Number,units
2015,2015,Manitoba,Males,35 to 49 years,"Positive mental health, flourishing",,,100600.0,,,v111450967,2015,2016A000246,Number,units
2015,2015,Manitoba,Males,35 to 49 years,"Positive mental health, flourishing",82.1,,,percent,,v111450968,2015,2016A000246,Percent,units
2015,2015,Manitoba,Males,35 to 49 years,"Positive mental health, flourishing",75.7,,,percent,,v111450969,2015,2016A000246,Percent,units
2015,2015,Manitoba,Males,35 to 49 years,"Positive mental health, flourishing",88.5,,,percent,,v111450970,2015,2016A000246,Percent,units
2015,2015,Manitoba,Males,35 to 49 years,Suicidal thoughts (15 years and over),,8900.0,,,,v111450973,2015,2016A000246,Number,units
2015,2015,Manitoba,Males,35 to 49 years,Suicidal thoughts (15 years and over),,,21100.0,,,v111450974,2015,2016A000246,Number,units
2015,2015,Manitoba,Males,35 to 49 years,Suicidal thoughts (15 years and over),13.4,,,percent,e,v111450975,2015,2016A000246,Percent,units
2015,2015,Manitoba,Males,35 to 49 years,Suicidal thoughts (15 years and over),7.9,,,percent,e,v111450976,2015,2016A000246,Percent,units
2015,2015,Manitoba,Males,35 to 49 years,Suicidal thoughts (15 years and over),18.9,,,percent,e,v111450977,2015,2016A000246,Percent,units
2015,2015,Manitoba,Both sexes,50 to 64 years,Consultation with a health professional about emotional or mental health,,23300.0,,,,v111451001,2015,2016A000246,Number,units
2015,2015,Manitoba,Both sexes,50 to 64 years,Consultation with a health professional about emotional or mental health,,,38900.0,,,v111451002,2015,2016A000246,Number,units
2015,2015,Manitoba,Both sexes,50 to 64 years,Consultation with a health professional about emotional or mental health,12.8,,,percent,,v111451003,2015,2016A000246,Percent,units
2015,2015,Manitoba,Both sexes,50 to 64 years,Consultation with a health professional about emotional or mental health,9.6,,,percent,,v111451004,2015,2016A000246,Percent,units
2015,2015,Manitoba,Both sexes,50 to 64 years,Consultation with a health professional about emotional or mental health,16.1,,,percent,,v111451005,2015,2016A000246,Percent,units
2015,2015,Manitoba,Both sexes,50 to 64 years,"Positive mental health, flourishing",,188200.0,,,,v111451008,2015,2016A000246,Number,units
2015,2015,Manitoba,Both sexes,50 to 64 years,"Positive mental health, flourishing",,,209700.0,,,v111451009,2015,2016A000246,Number,units
2015,2015,Manitoba,Both sexes,50 to 64 years,"Positive mental health, flourishing",82.8,,,percent,,v111451010,2015,2016A000246,Percent,units
2015,2015,Manitoba,Both sexes,50 to 64 years,"Positive mental health, flourishing",78.7,,,percent,,v111451011,2015,2016A000246,Percent,units
2015,2015,Manitoba,Both sexes,50 to 64 years,"Positive mental health, flourishing",86.9,,,percent,,v111451012,2015,2016A000246,Percent,units
2015,2015,Manitoba,Both sexes,50 to 64 years,Suicidal thoughts (15 years and over),,19400.0,,,,v111451015,2015,2016A000246,Number,units
2015,2015,Manitoba,Both sexes,50 to 64 years,Suicidal thoughts (15 years and over),,,35000.0,,,v111451016,2015,2016A000246,Number,units
2015,2015,Manitoba,Both sexes,50 to 64 years,Suicidal thoughts (15 years and over),11.2,,,percent,,v111451017,2015,2016A000246,Percent,units
2015,2015,Manitoba,Both sexes,50 to 64 years,Suicidal thoughts (15 years and over),8.0,,,percent,,v111451018,2015,2016A000246,Percent,units
2015,2015,Manitoba,Both sexes,50 to 64 years,Suicidal thoughts (15 years and over),14.5,,,percent,,v111451019,2015,2016A000246,Percent,units
2015,2015,Manitoba,Females,50 to 64 years,Consultation with a health professional about emotional or mental health,,15100.0,,,,v111451043,2015,2016A000246,Number,units
2015,2015,Manitoba,Females,50 to 64 years,Consultation with a health professional about emotional or mental health,,,27300.0,,,v111451044,2015,2016A000246,Number,units
2015,2015,Manitoba,Females,50 to 64 years,Consultation with a health professional about emotional or mental health,17.8,,,percent,,v111451045,2015,2016A000246,Percent,units
2015,2015,Manitoba,Females,50 to 64 years,Consultation with a health professional about emotional or mental health,12.7,,,percent,,v111451046,2015,2016A000246,Percent,units
2015,2015,Manitoba,Females,50 to 64 years,Consultation with a health professional about emotional or mental health,22.9,,,percent,,v111451047,2015,2016A000246,Percent,units
2015,2015,Manitoba,Females,50 to 64 years,"Positive mental health, flourishing",,90700.0,,,,v111451050,2015,2016A000246,Number,units
2015,2015,Manitoba,Females,50 to 64 years,"Positive mental health, flourishing",,,104400.0,,,v111451051,2015,2016A000246,Number,units
2015,2015,Manitoba,Females,50 to 64 years,"Positive mental health, flourishing",81.5,,,percent,,v111451052,2015,2016A000246,Percent,units
2015,2015,Manitoba,Females,50 to 64 years,"Positive mental health, flourishing",75.9,,,percent,,v111451053,2015,2016A000246,Percent,units
2015,2015,Manitoba,Females,50 to 64 years,"Positive mental health, flourishing",87.1,,,percent,,v111451054,2015,2016A000246,Percent,units
2015,2015,Manitoba,Females,50 to 64 years,Suicidal thoughts (15 years and over),,8500.0,,,,v111451057,2015,2016A000246,Number,units
2015,2015,Manitoba,Females,50 to 64 years,Suicidal thoughts (15 years and over),,,18800.0,,,v111451058,2015,2016A000246,Number,units
2015,2015,Manitoba,Females,50 to 64 years,Suicidal thoughts (15 years and over),11.5,,,percent,e,v111451059,2015,2016A000246,Percent,units
2015,2015,Manitoba,Females,50 to 64 years,Suicidal thoughts (15 years and over),7.1,,,percent,e,v111451060,2015,2016A000246,Percent,units
2015,2015,Manitoba,Females,50 to 64 years,Suicidal thoughts (15 years and over),15.8,,,percent,e,v111451061,2015,2016A000246,Percent,units
2015,2015,Manitoba,Males,50 to 64 years,Consultation with a health professional about emotional or mental health,,5300.0,,,,v111451022,2015,2016A000246,Number,units
2015,2015,Manitoba,Males,50 to 64 years,Consultation with a health professional about emotional or mental health,,,14500.0,,,v111451023,2015,2016A000246,Number,units
2015,2015,Manitoba,Males,50 to 64 years,Consultation with a health professional about emotional or mental health,8.0,,,percent,e,v111451024,2015,2016A000246,Percent,units
2015,2015,Manitoba,Males,50 to 64 years,Consultation with a health professional about emotional or mental health,4.3,,,percent,e,v111451025,2015,2016A000246,Percent,units
2015,2015,Manitoba,Males,50 to 64 years,Consultation with a health professional about emotional or mental health,11.8,,,percent,e,v111451026,2015,2016A000246,Percent,units
2015,2015,Manitoba,Males,50 to 64 years,"Positive mental health, flourishing",,93100.0,,,,v111451029,2015,2016A000246,Number,units
2015,2015,Manitoba,Males,50 to 64 years,"Positive mental health, flourishing",,,109600.0,,,v111451030,2015,2016A000246,Number,units
2015,2015,Manitoba,Males,50 to 64 years,"Positive mental health, flourishing",84.1,,,percent,,v111451031,2015,2016A000246,Percent,units
2015,2015,Manitoba,Males,50 to 64 years,"Positive mental health, flourishing",78.1,,,percent,,v111451032,2015,2016A000246,Percent,units
2015,2015,Manitoba,Males,50 to 64 years,"Positive mental health, flourishing",90.1,,,percent,,v111451033,2015,2016A000246,Percent,units
2015,2015,Manitoba,Males,50 to 64 years,Suicidal thoughts (15 years and over),,7600.0,,,,v111451036,2015,2016A000246,Number,units
2015,2015,Manitoba,Males,50 to 64 years,Suicidal thoughts (15 years and over),,,19400.0,,,v111451037,2015,2016A000246,Number,units
2015,2015,Manitoba,Males,50 to 64 years,Suicidal thoughts (15 years and over),11.0,,,percent,e,v111451038,2015,2016A000246,Percent,units
2015,2015,Manitoba,Males,50 to 64 years,Suicidal thoughts (15 years and over),6.2,,,percent,e,v111451039,2015,2016A000246,Percent,units
2015,2015,Manitoba,Males,50 to 64 years,Suicidal thoughts (15 years and over),15.8,,,percent,e,v111451040,2015,2016A000246,Percent,units
2015,2015,Manitoba,Both sexes,65 years and over,Consultation with a health professional about emotional or mental health,,9300.0,,,,v111451064,2015,2016A000246,Number,units
2015,2015,Manitoba,Both sexes,65 years and over,Consultation with a health professional about emotional or mental health,,,18500.0,,,v111451065,2015,2016A000246,Number,units
2015,2015,Manitoba,Both sexes,65 years and over,Consultation with a health professional about emotional or mental health,8.2,,,percent,e,v111451066,2015,2016A000246,Percent,units
2015,2015,Manitoba,Both sexes,65 years and over,Consultation with a health professional about emotional or mental health,5.5,,,percent,e,v111451067,2015,2016A000246,Percent,units
2015,2015,Manitoba,Both sexes,65 years and over,Consultation with a health professional about emotional or mental health,11.0,,,percent,e,v111451068,2015,2016A000246,Percent,units
2015,2015,Manitoba,Both sexes,65 years and over,"Positive mental health, flourishing",,120000.0,,,,v111451071,2015,2016A000246,Number,units
2015,2015,Manitoba,Both sexes,65 years and over,"Positive mental health, flourishing",,,137300.0,,,v111451072,2015,2016A000246,Number,units
2015,2015,Manitoba,Both sexes,65 years and over,"Positive mental health, flourishing",76.3,,,percent,,v111451073,2015,2016A000246,Percent,units
2015,2015,Manitoba,Both sexes,65 years and over,"Positive mental health, flourishing",71.7,,,percent,,v111451074,2015,2016A000246,Percent,units
2015,2015,Manitoba,Both sexes,65 years and over,"Positive mental health, flourishing",80.9,,,percent,,v111451075,2015,2016A000246,Percent,units
2015,2015,Manitoba,Both sexes,65 years and over,Suicidal thoughts (15 years and over),,5700.0,,,,v111451078,2015,2016A000246,Number,units
2015,2015,Manitoba,Both sexes,65 years and over,Suicidal thoughts (15 years and over),,,12300.0,,,v111451079,2015,2016A000246,Number,units
2015,2015,Manitoba,Both sexes,65 years and over,Suicidal thoughts (15 years and over),5.3,,,percent,e,v111451080,2015,2016A000246,Percent,units
2015,2015,Manitoba,Both sexes,65 years and over,Suicidal thoughts (15 years and over),3.4,,,percent,e,v111451081,2015,2016A000246,Percent,units
2015,2015,Manitoba,Both sexes,65 years and over,Suicidal thoughts (15 years and over),7.3,,,percent,e,v111451082,2015,2016A000246,Percent,units
2015,2015,Manitoba,Females,65 years and over,Consultation with a health professional about emotional or mental health,,5300.0,,,,v111451106,2015,2016A000246,Number,units
2015,2015,Manitoba,Females,65 years and over,Consultation with a health professional about emotional or mental health,,,12700.0,,,v111451107,2015,2016A000246,Number,units
2015,2015,Manitoba,Females,65 years and over,Consultation with a health professional about emotional or mental health,9.6,,,percent,e,v111451108,2015,2016A000246,Percent,units
2015,2015,Manitoba,Females,65 years and over,Consultation with a health professional about emotional or mental health,5.7,,,percent,e,v111451109,2015,2016A000246,Percent,units
2015,2015,Manitoba,Females,65 years and over,Consultation with a health professional about emotional or mental health,13.6,,,percent,e,v111451110,2015,2016A000246,Percent,units
2015,2015,Manitoba,Females,65 years and over,"Positive mental health, flourishing",,62000.0,,,,v111451113,2015,2016A000246,Number,units
2015,2015,Manitoba,Females,65 years and over,"Positive mental health, flourishing",,,74000.0,,,v111451114,2015,2016A000246,Number,units
2015,2015,Manitoba,Females,65 years and over,"Positive mental health, flourishing",72.7,,,percent,,v111451115,2015,2016A000246,Percent,units
2015,2015,Manitoba,Females,65 years and over,"Positive mental health, flourishing",66.8,,,percent,,v111451116,2015,2016A000246,Percent,units
2015,2015,Manitoba,Females,65 years and over,"Positive mental health, flourishing",78.7,,,percent,,v111451117,2015,2016A000246,Percent,units
2015,2015,Manitoba,Females,65 years and over,Suicidal thoughts (15 years and over),,3000.0,,,,v111451120,2015,2016A000246,Number,units
2015,2015,Manitoba,Females,65 years and over,Suicidal thoughts (15 years and over),,,8800.0,,,v111451121,2015,2016A000246,Number,units
2015,2015,Manitoba,Females,65 years and over,Suicidal thoughts (15 years and over),6.3,,,percent,e,v111451122,2015,2016A000246,Percent,units
2015,2015,Manitoba,Females,65 years and over,Suicidal thoughts (15 years and over),3.2,,,percent,e,v111451123,2015,2016A000246,Percent,units
2015,2015,Manitoba,Females,65 years and over,Suicidal thoughts (15 years and over),9.4,,,percent,e,v111451124,2015,2016A000246,Percent,units
2015,2015,Manitoba,Males,65 years and over,Consultation with a health professional about emotional or mental health,,2200.0,,,,v111451085,2015,2016A000246,Number,units
2015,2015,Manitoba,Males,65 years and over,Consultation with a health professional about emotional or mental health,,,7600.0,,,v111451086,2015,2016A000246,Number,units
2015,2015,Manitoba,Males,65 years and over,Consultation with a health professional about emotional or mental health,6.5,,,percent,e,v111451087,2015,2016A000246,Percent,units
2015,2015,Manitoba,Males,65 years and over,Consultation with a health professional about emotional or mental health,2.9,,,percent,e,v111451088,2015,2016A000246,Percent,units
2015,2015,Manitoba,Males,65 years and over,Consultation with a health professional about emotional or mental health,10.1,,,percent,e,v111451089,2015,2016A000246,Percent,units
2015,2015,Manitoba,Males,65 years and over,"Positive mental health, flourishing",,55000.0,,,,v111451092,2015,2016A000246,Number,units
2015,2015,Manitoba,Males,65 years and over,"Positive mental health, flourishing",,,66400.0,,,v111451093,2015,2016A000246,Number,units
2015,2015,Manitoba,Males,65 years and over,"Positive mental health, flourishing",80.7,,,percent,,v111451094,2015,2016A000246,Percent,units
2015,2015,Manitoba,Males,65 years and over,"Positive mental health, flourishing",74.3,,,percent,,v111451095,2015,2016A000246,Percent,units
2015,2015,Manitoba,Males,65 years and over,"Positive mental health, flourishing",87.1,,,percent,,v111451096,2015,2016A000246,Percent,units
2015,2015,Manitoba,Males,65 years and over,Suicidal thoughts (15 years and over),,1400.0,,,,v111451099,2015,2016A000246,Number,units
2015,2015,Manitoba,Males,65 years and over,Suicidal thoughts (15 years and over),,,4800.0,,,v111451100,2015,2016A000246,Number,units
2015,2015,Manitoba,Males,65 years and over,Suicidal thoughts (15 years and over),4.2,,,percent,e,v111451101,2015,2016A000246,Percent,units
2015,2015,Manitoba,Males,65 years and over,Suicidal thoughts (15 years and over),2.0,,,percent,e,v111451102,2015,2016A000246,Percent,units
2015,2015,Manitoba,Males,65 years and over,Suicidal thoughts (15 years and over),6.4,,,percent,e,v111451103,2015,2016A000246,Percent,units
2015,2015,Manitoba,Both sexes,"Total, 12 years and over",Consultation with a health professional about emotional or mental health,,119600.0,,,,v111450749,2015,2016A000246,Number,units
2015,2015,Manitoba,Both sexes,"Total, 12 years and over",Consultation with a health professional about emotional or mental health,,,154500.0,,,v111450750,2015,2016A000246,Number,units
2015,2015,Manitoba,Both sexes,"Total, 12 years and over",Consultation with a health professional about emotional or mental health,13.7,,,percent,,v111450751,2015,2016A000246,Percent,units
2015,2015,Manitoba,Both sexes,"Total, 12 years and over",Consultation with a health professional about emotional or mental health,11.9,,,percent,,v111450752,2015,2016A000246,Percent,units
2015,2015,Manitoba,Both sexes,"Total, 12 years and over",Consultation with a health professional about emotional or mental health,15.4,,,percent,,v111450753,2015,2016A000246,Percent,units
2015,2015,Manitoba,Both sexes,"Total, 12 years and over","Positive mental health, flourishing",,795400.0,,,,v111450756,2015,2016A000246,Number,units
2015,2015,Manitoba,Both sexes,"Total, 12 years and over","Positive mental health, flourishing",,,842100.0,,,v111450757,2015,2016A000246,Number,units
2015,2015,Manitoba,Both sexes,"Total, 12 years and over","Positive mental health, flourishing",81.7,,,percent,,v111450758,2015,2016A000246,Percent,units
2015,2015,Manitoba,Both sexes,"Total, 12 years and over","Positive mental health, flourishing",79.5,,,percent,,v111450759,2015,2016A000246,Percent,units
2015,2015,Manitoba,Both sexes,"Total, 12 years and over","Positive mental health, flourishing",83.8,,,percent,,v111450760,2015,2016A000246,Percent,units
2015,2015,Manitoba,Both sexes,"Total, 12 years and over",Suicidal thoughts (15 years and over),,95200.0,,,,v111450763,2015,2016A000246,Number,units
2015,2015,Manitoba,Both sexes,"Total, 12 years and over",Suicidal thoughts (15 years and over),,,131100.0,,,v111450764,2015,2016A000246,Number,units
2015,2015,Manitoba,Both sexes,"Total, 12 years and over",Suicidal thoughts (15 years and over),11.8,,,percent,,v111450765,2015,2016A000246,Percent,units
2015,2015,Manitoba,Both sexes,"Total, 12 years and over",Suicidal thoughts (15 years and over),9.9,,,percent,,v111450766,2015,2016A000246,Percent,units
2015,2015,Manitoba,Both sexes,"Total, 12 years and over",Suicidal thoughts (15 years and over),13.7,,,percent,,v111450767,2015,2016A000246,Percent,units
2015,2015,Manitoba,Females,"Total, 12 years and over",Consultation with a health professional about emotional or mental health,,76900.0,,,,v111450791,2015,2016A000246,Number,units
2015,2015,Manitoba,Females,"Total, 12 years and over",Consultation with a health professional about emotional or mental health,,,104100.0,,,v111450792,2015,2016A000246,Number,units
2015,2015,Manitoba,Females,"Total, 12 years and over",Consultation with a health professional about emotional or mental health,17.7,,,percent,,v111450793,2015,2016A000246,Percent,units
2015,2015,Manitoba,Females,"Total, 12 years and over",Consultation with a health professional about emotional or mental health,15.1,,,percent,,v111450794,2015,2016A000246,Percent,units
2015,2015,Manitoba,Females,"Total, 12 years and over",Consultation with a health professional about emotional or mental health,20.4,,,percent,,v111450795,2015,2016A000246,Percent,units
2015,2015,Manitoba,Females,"Total, 12 years and over","Positive mental health, flourishing",,396400.0,,,,v111450798,2015,2016A000246,Number,units
2015,2015,Manitoba,Females,"Total, 12 years and over","Positive mental health, flourishing",,,426300.0,,,v111450799,2015,2016A000246,Number,units
2015,2015,Manitoba,Females,"Total, 12 years and over","Positive mental health, flourishing",80.5,,,percent,,v111450800,2015,2016A000246,Percent,units
2015,2015,Manitoba,Females,"Total, 12 years and over","Positive mental health, flourishing",77.7,,,percent,,v111450801,2015,2016A000246,Percent,units
2015,2015,Manitoba,Females,"Total, 12 years and over","Positive mental health, flourishing",83.4,,,percent,,v111450802,2015,2016A000246,Percent,units
2015,2015,Manitoba,Females,"Total, 12 years and over",Suicidal thoughts (15 years and over),,49500.0,,,,v111450805,2015,2016A000246,Number,units
2015,2015,Manitoba,Females,"Total, 12 years and over",Suicidal thoughts (15 years and over),,,74800.0,,,v111450806,2015,2016A000246,Number,units
2015,2015,Manitoba,Females,"Total, 12 years and over",Suicidal thoughts (15 years and over),12.7,,,percent,,v111450807,2015,2016A000246,Percent,units
2015,2015,Manitoba,Females,"Total, 12 years and over",Suicidal thoughts (15 years and over),10.1,,,percent,,v111450808,2015,2016A000246,Percent,units
2015,2015,Manitoba,Females,"Total, 12 years and over",Suicidal thoughts (15 years and over),15.3,,,percent,,v111450809,2015,2016A000246,Percent,units
2015,2015,Manitoba,Males,"Total, 12 years and over",Consultation with a health professional about emotional or mental health,,35300.0,,,,v111450770,2015,2016A000246,Number,units
2015,2015,Manitoba,Males,"Total, 12 years and over",Consultation with a health professional about emotional or mental health,,,57700.0,,,v111450771,2015,2016A000246,Number,units
2015,2015,Manitoba,Males,"Total, 12 years and over",Consultation with a health professional about emotional or mental health,9.4,,,percent,,v111450772,2015,2016A000246,Percent,units
2015,2015,Manitoba,Males,"Total, 12 years and over",Consultation with a health professional about emotional or mental health,7.2,,,percent,,v111450773,2015,2016A000246,Percent,units
2015,2015,Manitoba,Males,"Total, 12 years and over",Consultation with a health professional about emotional or mental health,11.7,,,percent,,v111450774,2015,2016A000246,Percent,units
2015,2015,Manitoba,Males,"Total, 12 years and over","Positive mental health, flourishing",,390500.0,,,,v111450777,2015,2016A000246,Number,units
2015,2015,Manitoba,Males,"Total, 12 years and over","Positive mental health, flourishing",,,424400.0,,,v111450778,2015,2016A000246,Number,units
2015,2015,Manitoba,Males,"Total, 12 years and over","Positive mental health, flourishing",82.9,,,percent,,v111450779,2015,2016A000246,Percent,units
2015,2015,Manitoba,Males,"Total, 12 years and over","Positive mental health, flourishing",79.8,,,percent,,v111450780,2015,2016A000246,Percent,units
2015,2015,Manitoba,Males,"Total, 12 years and over","Positive mental health, flourishing",86.0,,,percent,,v111450781,2015,2016A000246,Percent,units
2015,2015,Manitoba,Males,"Total, 12 years and over",Suicidal thoughts (15 years and over),,39000.0,,,,v111450784,2015,2016A000246,Number,units
2015,2015,Manitoba,Males,"Total, 12 years and over",Suicidal thoughts (15 years and over),,,62900.0,,,v111450785,2015,2016A000246,Number,units
2015,2015,Manitoba,Males,"Total, 12 years and over",Suicidal thoughts (15 years and over),10.9,,,percent,,v111450786,2015,2016A000246,Percent,units
2015,2015,Manitoba,Males,"Total, 12 years and over",Suicidal thoughts (15 years and over),8.3,,,percent,,v111450787,2015,2016A000246,Percent,units
2015,2015,Manitoba,Males,"Total, 12 years and over",Suicidal thoughts (15 years and over),13.4,,,percent,,v111450788,2015,2016A000246,Percent,units
2015,2015,New Brunswick,Both sexes,12 to 17 years,"Positive mental health, flourishing",,35700.0,,,,v111449685,2015,2016A000213,Number,units
2015,2015,New Brunswick,Both sexes,12 to 17 years,"Positive mental health, flourishing",,,41900.0,,,v111449686,2015,2016A000213,Number,units
2015,2015,New Brunswick,Both sexes,12 to 17 years,"Positive mental health, flourishing",86.3,,,percent,,v111449687,2015,2016A000213,Percent,units
2015,2015,New Brunswick,Both sexes,12 to 17 years,"Positive mental health, flourishing",79.8,,,percent,,v111449688,2015,2016A000213,Percent,units
2015,2015,New Brunswick,Both sexes,12 to 17 years,"Positive mental health, flourishing",92.8,,,percent,,v111449689,2015,2016A000213,Percent,units
2015,2015,New Brunswick,Females,12 to 17 years,"Positive mental health, flourishing",,16900.0,,,,v111449727,2015,2016A000213,Number,units
2015,2015,New Brunswick,Females,12 to 17 years,"Positive mental health, flourishing",,,21100.0,,,v111449728,2015,2016A000213,Number,units
2015,2015,New Brunswick,Females,12 to 17 years,"Positive mental health, flourishing",85.6,,,percent,,v111449729,2015,2016A000213,Percent,units
2015,2015,New Brunswick,Females,12 to 17 years,"Positive mental health, flourishing",76.2,,,percent,,v111449730,2015,2016A000213,Percent,units
2015,2015,New Brunswick,Females,12 to 17 years,"Positive mental health, flourishing",94.9,,,percent,,v111449731,2015,2016A000213,Percent,units
2015,2015,New Brunswick,Males,12 to 17 years,"Positive mental health, flourishing",,17400.0,,,,v111449706,2015,2016A000213,Number,units
2015,2015,New Brunswick,Males,12 to 17 years,"Positive mental health, flourishing",,,22200.0,,,v111449707,2015,2016A000213,Number,units
2015,2015,New Brunswick,Males,12 to 17 years,"Positive mental health, flourishing",87.0,,,percent,,v111449708,2015,2016A000213,Percent,units
2015,2015,New Brunswick,Males,12 to 17 years,"Positive mental health, flourishing",77.8,,,percent,,v111449709,2015,2016A000213,Percent,units
2015,2015,New Brunswick,Males,12 to 17 years,"Positive mental health, flourishing",96.3,,,percent,,v111449710,2015,2016A000213,Percent,units
2015,2015,New Brunswick,Both sexes,18 to 34 years,Consultation with a health professional about emotional or mental health,,25500.0,,,,v111449741,2015,2016A000213,Number,units
2015,2015,New Brunswick,Both sexes,18 to 34 years,Consultation with a health professional about emotional or mental health,,,44500.0,,,v111449742,2015,2016A000213,Number,units
2015,2015,New Brunswick,Both sexes,18 to 34 years,Consultation with a health professional about emotional or mental health,25.3,,,percent,,v111449743,2015,2016A000213,Percent,units
2015,2015,New Brunswick,Both sexes,18 to 34 years,Consultation with a health professional about emotional or mental health,18.4,,,percent,,v111449744,2015,2016A000213,Percent,units
2015,2015,New Brunswick,Both sexes,18 to 34 years,Consultation with a health professional about emotional or mental health,32.2,,,percent,,v111449745,2015,2016A000213,Percent,units
2015,2015,New Brunswick,Both sexes,18 to 34 years,"Positive mental health, flourishing",,108200.0,,,,v111449748,2015,2016A000213,Number,units
2015,2015,New Brunswick,Both sexes,18 to 34 years,"Positive mental health, flourishing",,,124400.0,,,v111449749,2015,2016A000213,Number,units
2015,2015,New Brunswick,Both sexes,18 to 34 years,"Positive mental health, flourishing",84.0,,,percent,,v111449750,2015,2016A000213,Percent,units
2015,2015,New Brunswick,Both sexes,18 to 34 years,"Positive mental health, flourishing",78.9,,,percent,,v111449751,2015,2016A000213,Percent,units
2015,2015,New Brunswick,Both sexes,18 to 34 years,"Positive mental health, flourishing",89.2,,,percent,,v111449752,2015,2016A000213,Percent,units
2015,2015,New Brunswick,Both sexes,18 to 34 years,Suicidal thoughts (15 years and over),,19300.0,,,,v111449755,2015,2016A000213,Number,units
2015,2015,New Brunswick,Both sexes,18 to 34 years,Suicidal thoughts (15 years and over),,,35700.0,,,v111449756,2015,2016A000213,Number,units
2015,2015,New Brunswick,Both sexes,18 to 34 years,Suicidal thoughts (15 years and over),19.8,,,percent,e,v111449757,2015,2016A000213,Percent,units
2015,2015,New Brunswick,Both sexes,18 to 34 years,Suicidal thoughts (15 years and over),13.9,,,percent,e,v111449758,2015,2016A000213,Percent,units
2015,2015,New Brunswick,Both sexes,18 to 34 years,Suicidal thoughts (15 years and over),25.8,,,percent,e,v111449759,2015,2016A000213,Percent,units
2015,2015,New Brunswick,Females,18 to 34 years,Consultation with a health professional about emotional or mental health,,17600.0,,,,v111449783,2015,2016A000213,Number,units
2015,2015,New Brunswick,Females,18 to 34 years,Consultation with a health professional about emotional or mental health,,,31200.0,,,v111449784,2015,2016A000213,Number,units
2015,2015,New Brunswick,Females,18 to 34 years,Consultation with a health professional about emotional or mental health,35.5,,,percent,,v111449785,2015,2016A000213,Percent,units
2015,2015,New Brunswick,Females,18 to 34 years,Consultation with a health professional about emotional or mental health,25.6,,,percent,,v111449786,2015,2016A000213,Percent,units
2015,2015,New Brunswick,Females,18 to 34 years,Consultation with a health professional about emotional or mental health,45.5,,,percent,,v111449787,2015,2016A000213,Percent,units
2015,2015,New Brunswick,Females,18 to 34 years,"Positive mental health, flourishing",,49500.0,,,,v111449790,2015,2016A000213,Number,units
2015,2015,New Brunswick,Females,18 to 34 years,"Positive mental health, flourishing",,,61000.0,,,v111449791,2015,2016A000213,Number,units
2015,2015,New Brunswick,Females,18 to 34 years,"Positive mental health, flourishing",80.4,,,percent,,v111449792,2015,2016A000213,Percent,units
2015,2015,New Brunswick,Females,18 to 34 years,"Positive mental health, flourishing",72.7,,,percent,,v111449793,2015,2016A000213,Percent,units
2015,2015,New Brunswick,Females,18 to 34 years,"Positive mental health, flourishing",88.1,,,percent,,v111449794,2015,2016A000213,Percent,units
2015,2015,New Brunswick,Females,18 to 34 years,Suicidal thoughts (15 years and over),,9800.0,,,,v111449797,2015,2016A000213,Number,units
2015,2015,New Brunswick,Females,18 to 34 years,Suicidal thoughts (15 years and over),,,22400.0,,,v111449798,2015,2016A000213,Number,units
2015,2015,New Brunswick,Females,18 to 34 years,Suicidal thoughts (15 years and over),23.4,,,percent,e,v111449799,2015,2016A000213,Percent,units
2015,2015,New Brunswick,Females,18 to 34 years,Suicidal thoughts (15 years and over),14.3,,,percent,e,v111449800,2015,2016A000213,Percent,units
2015,2015,New Brunswick,Females,18 to 34 years,Suicidal thoughts (15 years and over),32.6,,,percent,e,v111449801,2015,2016A000213,Percent,units
2015,2015,New Brunswick,Males,18 to 34 years,Consultation with a health professional about emotional or mental health,,3900.0,,,,v111449762,2015,2016A000213,Number,units
2015,2015,New Brunswick,Males,18 to 34 years,Consultation with a health professional about emotional or mental health,,,17400.0,,,v111449763,2015,2016A000213,Number,units
2015,2015,New Brunswick,Males,18 to 34 years,Consultation with a health professional about emotional or mental health,15.2,,,percent,e,v111449764,2015,2016A000213,Percent,units
2015,2015,New Brunswick,Males,18 to 34 years,Consultation with a health professional about emotional or mental health,5.5,,,percent,e,v111449765,2015,2016A000213,Percent,units
2015,2015,New Brunswick,Males,18 to 34 years,Consultation with a health professional about emotional or mental health,24.8,,,percent,e,v111449766,2015,2016A000213,Percent,units
2015,2015,New Brunswick,Males,18 to 34 years,"Positive mental health, flourishing",,55200.0,,,,v111449769,2015,2016A000213,Number,units
2015,2015,New Brunswick,Males,18 to 34 years,"Positive mental health, flourishing",,,66900.0,,,v111449770,2015,2016A000213,Number,units
2015,2015,New Brunswick,Males,18 to 34 years,"Positive mental health, flourishing",87.6,,,percent,,v111449771,2015,2016A000213,Percent,units
2015,2015,New Brunswick,Males,18 to 34 years,"Positive mental health, flourishing",80.2,,,percent,,v111449772,2015,2016A000213,Percent,units
2015,2015,New Brunswick,Males,18 to 34 years,"Positive mental health, flourishing",95.0,,,percent,,v111449773,2015,2016A000213,Percent,units
2015,2015,New Brunswick,Males,18 to 34 years,Suicidal thoughts (15 years and over),,5600.0,,,,v111449776,2015,2016A000213,Number,units
2015,2015,New Brunswick,Males,18 to 34 years,Suicidal thoughts (15 years and over),,,17200.0,,,v111449777,2015,2016A000213,Number,units
2015,2015,New Brunswick,Males,18 to 34 years,Suicidal thoughts (15 years and over),16.3,,,percent,e,v111449778,2015,2016A000213,Percent,units
2015,2015,New Brunswick,Males,18 to 34 years,Suicidal thoughts (15 years and over),8.0,,,percent,e,v111449779,2015,2016A000213,Percent,units
2015,2015,New Brunswick,Males,18 to 34 years,Suicidal thoughts (15 years and over),24.6,,,percent,e,v111449780,2015,2016A000213,Percent,units
2015,2015,New Brunswick,Both sexes,35 to 49 years,Consultation with a health professional about emotional or mental health,,16300.0,,,,v111449804,2015,2016A000213,Number,units
2015,2015,New Brunswick,Both sexes,35 to 49 years,Consultation with a health professional about emotional or mental health,,,30600.0,,,v111449805,2015,2016A000213,Number,units
2015,2015,New Brunswick,Both sexes,35 to 49 years,Consultation with a health professional about emotional or mental health,16.8,,,percent,e,v111449806,2015,2016A000213,Percent,units
2015,2015,New Brunswick,Both sexes,35 to 49 years,Consultation with a health professional about emotional or mental health,11.6,,,percent,e,v111449807,2015,2016A000213,Percent,units
2015,2015,New Brunswick,Both sexes,35 to 49 years,Consultation with a health professional about emotional or mental health,21.9,,,percent,e,v111449808,2015,2016A000213,Percent,units
2015,2015,New Brunswick,Both sexes,35 to 49 years,"Positive mental health, flourishing",,106200.0,,,,v111449811,2015,2016A000213,Number,units
2015,2015,New Brunswick,Both sexes,35 to 49 years,"Positive mental health, flourishing",,,123400.0,,,v111449812,2015,2016A000213,Number,units
2015,2015,New Brunswick,Both sexes,35 to 49 years,"Positive mental health, flourishing",82.2,,,percent,,v111449813,2015,2016A000213,Percent,units
2015,2015,New Brunswick,Both sexes,35 to 49 years,"Positive mental health, flourishing",76.5,,,percent,,v111449814,2015,2016A000213,Percent,units
2015,2015,New Brunswick,Both sexes,35 to 49 years,"Positive mental health, flourishing",88.0,,,percent,,v111449815,2015,2016A000213,Percent,units
2015,2015,New Brunswick,Both sexes,35 to 49 years,Suicidal thoughts (15 years and over),,16000.0,,,,v111449818,2015,2016A000213,Number,units
2015,2015,New Brunswick,Both sexes,35 to 49 years,Suicidal thoughts (15 years and over),,,31800.0,,,v111449819,2015,2016A000213,Number,units
2015,2015,New Brunswick,Both sexes,35 to 49 years,Suicidal thoughts (15 years and over),17.2,,,percent,e,v111449820,2015,2016A000213,Percent,units
2015,2015,New Brunswick,Both sexes,35 to 49 years,Suicidal thoughts (15 years and over),11.5,,,percent,e,v111449821,2015,2016A000213,Percent,units
2015,2015,New Brunswick,Both sexes,35 to 49 years,Suicidal thoughts (15 years and over),22.9,,,percent,e,v111449822,2015,2016A000213,Percent,units
2015,2015,New Brunswick,Females,35 to 49 years,Consultation with a health professional about emotional or mental health,,11100.0,,,,v111449846,2015,2016A000213,Number,units
2015,2015,New Brunswick,Females,35 to 49 years,Consultation with a health professional about emotional or mental health,,,24300.0,,,v111449847,2015,2016A000213,Number,units
2015,2015,New Brunswick,Females,35 to 49 years,Consultation with a health professional about emotional or mental health,23.8,,,percent,e,v111449848,2015,2016A000213,Percent,units
2015,2015,New Brunswick,Females,35 to 49 years,Consultation with a health professional about emotional or mental health,14.9,,,percent,e,v111449849,2015,2016A000213,Percent,units
2015,2015,New Brunswick,Females,35 to 49 years,Consultation with a health professional about emotional or mental health,32.8,,,percent,e,v111449850,2015,2016A000213,Percent,units
2015,2015,New Brunswick,Females,35 to 49 years,"Positive mental health, flourishing",,57400.0,,,,v111449853,2015,2016A000213,Number,units
2015,2015,New Brunswick,Females,35 to 49 years,"Positive mental health, flourishing",,,68200.0,,,v111449854,2015,2016A000213,Number,units
2015,2015,New Brunswick,Females,35 to 49 years,"Positive mental health, flourishing",84.8,,,percent,,v111449855,2015,2016A000213,Percent,units
2015,2015,New Brunswick,Females,35 to 49 years,"Positive mental health, flourishing",77.5,,,percent,,v111449856,2015,2016A000213,Percent,units
2015,2015,New Brunswick,Females,35 to 49 years,"Positive mental health, flourishing",92.1,,,percent,,v111449857,2015,2016A000213,Percent,units
2015,2015,New Brunswick,Females,35 to 49 years,Suicidal thoughts (15 years and over),,7600.0,,,,v111449860,2015,2016A000213,Number,units
2015,2015,New Brunswick,Females,35 to 49 years,Suicidal thoughts (15 years and over),,,19200.0,,,v111449861,2015,2016A000213,Number,units
2015,2015,New Brunswick,Females,35 to 49 years,Suicidal thoughts (15 years and over),18.3,,,percent,e,v111449862,2015,2016A000213,Percent,units
2015,2015,New Brunswick,Females,35 to 49 years,Suicidal thoughts (15 years and over),10.4,,,percent,e,v111449863,2015,2016A000213,Percent,units
2015,2015,New Brunswick,Females,35 to 49 years,Suicidal thoughts (15 years and over),26.2,,,percent,e,v111449864,2015,2016A000213,Percent,units
2015,2015,New Brunswick,Males,35 to 49 years,Consultation with a health professional about emotional or mental health,,2400.0,,,,v111449825,2015,2016A000213,Number,units
2015,2015,New Brunswick,Males,35 to 49 years,Consultation with a health professional about emotional or mental health,,,9100.0,,,v111449826,2015,2016A000213,Number,units
2015,2015,New Brunswick,Males,35 to 49 years,Consultation with a health professional about emotional or mental health,8.8,,,percent,e,v111449827,2015,2016A000213,Percent,units
2015,2015,New Brunswick,Males,35 to 49 years,Consultation with a health professional about emotional or mental health,3.7,,,percent,e,v111449828,2015,2016A000213,Percent,units
2015,2015,New Brunswick,Males,35 to 49 years,Consultation with a health professional about emotional or mental health,13.9,,,percent,e,v111449829,2015,2016A000213,Percent,units
2015,2015,New Brunswick,Males,35 to 49 years,"Positive mental health, flourishing",,45100.0,,,,v111449832,2015,2016A000213,Number,units
2015,2015,New Brunswick,Males,35 to 49 years,"Positive mental health, flourishing",,,58800.0,,,v111449833,2015,2016A000213,Number,units
2015,2015,New Brunswick,Males,35 to 49 years,"Positive mental health, flourishing",79.3,,,percent,,v111449834,2015,2016A000213,Percent,units
2015,2015,New Brunswick,Males,35 to 49 years,"Positive mental health, flourishing",69.8,,,percent,,v111449835,2015,2016A000213,Percent,units
2015,2015,New Brunswick,Males,35 to 49 years,"Positive mental health, flourishing",88.8,,,percent,,v111449836,2015,2016A000213,Percent,units
2015,2015,New Brunswick,Males,35 to 49 years,Suicidal thoughts (15 years and over),,4800.0,,,,v111449839,2015,2016A000213,Number,units
2015,2015,New Brunswick,Males,35 to 49 years,Suicidal thoughts (15 years and over),,,16100.0,,,v111449840,2015,2016A000213,Number,units
2015,2015,New Brunswick,Males,35 to 49 years,Suicidal thoughts (15 years and over),16.0,,,percent,e,v111449841,2015,2016A000213,Percent,units
2015,2015,New Brunswick,Males,35 to 49 years,Suicidal thoughts (15 years and over),7.4,,,percent,e,v111449842,2015,2016A000213,Percent,units
2015,2015,New Brunswick,Males,35 to 49 years,Suicidal thoughts (15 years and over),24.6,,,percent,e,v111449843,2015,2016A000213,Percent,units
2015,2015,New Brunswick,Both sexes,50 to 64 years,Consultation with a health professional about emotional or mental health,,21800.0,,,,v111449867,2015,2016A000213,Number,units
2015,2015,New Brunswick,Both sexes,50 to 64 years,Consultation with a health professional about emotional or mental health,,,37800.0,,,v111449868,2015,2016A000213,Number,units
2015,2015,New Brunswick,Both sexes,50 to 64 years,Consultation with a health professional about emotional or mental health,17.1,,,percent,,v111449869,2015,2016A000213,Percent,units
2015,2015,New Brunswick,Both sexes,50 to 64 years,Consultation with a health professional about emotional or mental health,12.5,,,percent,,v111449870,2015,2016A000213,Percent,units
2015,2015,New Brunswick,Both sexes,50 to 64 years,Consultation with a health professional about emotional or mental health,21.7,,,percent,,v111449871,2015,2016A000213,Percent,units
2015,2015,New Brunswick,Both sexes,50 to 64 years,"Positive mental health, flourishing",,130400.0,,,,v111449874,2015,2016A000213,Number,units
2015,2015,New Brunswick,Both sexes,50 to 64 years,"Positive mental health, flourishing",,,146900.0,,,v111449875,2015,2016A000213,Number,units
2015,2015,New Brunswick,Both sexes,50 to 64 years,"Positive mental health, flourishing",80.3,,,percent,,v111449876,2015,2016A000213,Percent,units
2015,2015,New Brunswick,Both sexes,50 to 64 years,"Positive mental health, flourishing",75.8,,,percent,,v111449877,2015,2016A000213,Percent,units
2015,2015,New Brunswick,Both sexes,50 to 64 years,"Positive mental health, flourishing",84.8,,,percent,,v111449878,2015,2016A000213,Percent,units
2015,2015,New Brunswick,Both sexes,50 to 64 years,Suicidal thoughts (15 years and over),,15900.0,,,,v111449881,2015,2016A000213,Number,units
2015,2015,New Brunswick,Both sexes,50 to 64 years,Suicidal thoughts (15 years and over),,,29500.0,,,v111449882,2015,2016A000213,Number,units
2015,2015,New Brunswick,Both sexes,50 to 64 years,Suicidal thoughts (15 years and over),13.4,,,percent,e,v111449883,2015,2016A000213,Percent,units
2015,2015,New Brunswick,Both sexes,50 to 64 years,Suicidal thoughts (15 years and over),9.4,,,percent,e,v111449884,2015,2016A000213,Percent,units
2015,2015,New Brunswick,Both sexes,50 to 64 years,Suicidal thoughts (15 years and over),17.3,,,percent,e,v111449885,2015,2016A000213,Percent,units
2015,2015,New Brunswick,Females,50 to 64 years,Consultation with a health professional about emotional or mental health,,13900.0,,,,v111449909,2015,2016A000213,Number,units
2015,2015,New Brunswick,Females,50 to 64 years,Consultation with a health professional about emotional or mental health,,,26300.0,,,v111449910,2015,2016A000213,Number,units
2015,2015,New Brunswick,Females,50 to 64 years,Consultation with a health professional about emotional or mental health,22.6,,,percent,e,v111449911,2015,2016A000213,Percent,units
2015,2015,New Brunswick,Females,50 to 64 years,Consultation with a health professional about emotional or mental health,15.6,,,percent,e,v111449912,2015,2016A000213,Percent,units
2015,2015,New Brunswick,Females,50 to 64 years,Consultation with a health professional about emotional or mental health,29.5,,,percent,e,v111449913,2015,2016A000213,Percent,units
2015,2015,New Brunswick,Females,50 to 64 years,"Positive mental health, flourishing",,64900.0,,,,v111449916,2015,2016A000213,Number,units
2015,2015,New Brunswick,Females,50 to 64 years,"Positive mental health, flourishing",,,76600.0,,,v111449917,2015,2016A000213,Number,units
2015,2015,New Brunswick,Females,50 to 64 years,"Positive mental health, flourishing",79.4,,,percent,,v111449918,2015,2016A000213,Percent,units
2015,2015,New Brunswick,Females,50 to 64 years,"Positive mental health, flourishing",72.8,,,percent,,v111449919,2015,2016A000213,Percent,units
2015,2015,New Brunswick,Females,50 to 64 years,"Positive mental health, flourishing",85.9,,,percent,,v111449920,2015,2016A000213,Percent,units
2015,2015,New Brunswick,Females,50 to 64 years,Suicidal thoughts (15 years and over),,6100.0,,,,v111449923,2015,2016A000213,Number,units
2015,2015,New Brunswick,Females,50 to 64 years,Suicidal thoughts (15 years and over),,,13900.0,,,v111449924,2015,2016A000213,Number,units
2015,2015,New Brunswick,Females,50 to 64 years,Suicidal thoughts (15 years and over),11.7,,,percent,e,v111449925,2015,2016A000213,Percent,units
2015,2015,New Brunswick,Females,50 to 64 years,Suicidal thoughts (15 years and over),7.2,,,percent,e,v111449926,2015,2016A000213,Percent,units
2015,2015,New Brunswick,Females,50 to 64 years,Suicidal thoughts (15 years and over),16.2,,,percent,e,v111449927,2015,2016A000213,Percent,units
2015,2015,New Brunswick,Males,50 to 64 years,Consultation with a health professional about emotional or mental health,,5200.0,,,,v111449888,2015,2016A000213,Number,units
2015,2015,New Brunswick,Males,50 to 64 years,Consultation with a health professional about emotional or mental health,,,14300.0,,,v111449889,2015,2016A000213,Number,units
2015,2015,New Brunswick,Males,50 to 64 years,Consultation with a health professional about emotional or mental health,11.4,,,percent,e,v111449890,2015,2016A000213,Percent,units
2015,2015,New Brunswick,Males,50 to 64 years,Consultation with a health professional about emotional or mental health,6.1,,,percent,e,v111449891,2015,2016A000213,Percent,units
2015,2015,New Brunswick,Males,50 to 64 years,Consultation with a health professional about emotional or mental health,16.8,,,percent,e,v111449892,2015,2016A000213,Percent,units
2015,2015,New Brunswick,Males,50 to 64 years,"Positive mental health, flourishing",,61600.0,,,,v111449895,2015,2016A000213,Number,units
2015,2015,New Brunswick,Males,50 to 64 years,"Positive mental health, flourishing",,,74200.0,,,v111449896,2015,2016A000213,Number,units
2015,2015,New Brunswick,Males,50 to 64 years,"Positive mental health, flourishing",81.4,,,percent,,v111449897,2015,2016A000213,Percent,units
2015,2015,New Brunswick,Males,50 to 64 years,"Positive mental health, flourishing",74.7,,,percent,,v111449898,2015,2016A000213,Percent,units
2015,2015,New Brunswick,Males,50 to 64 years,"Positive mental health, flourishing",88.0,,,percent,,v111449899,2015,2016A000213,Percent,units
2015,2015,New Brunswick,Males,50 to 64 years,Suicidal thoughts (15 years and over),,7600.0,,,,v111449902,2015,2016A000213,Number,units
2015,2015,New Brunswick,Males,50 to 64 years,Suicidal thoughts (15 years and over),,,17900.0,,,v111449903,2015,2016A000213,Number,units
2015,2015,New Brunswick,Males,50 to 64 years,Suicidal thoughts (15 years and over),15.0,,,percent,e,v111449904,2015,2016A000213,Percent,units
2015,2015,New Brunswick,Males,50 to 64 years,Suicidal thoughts (15 years and over),8.9,,,percent,e,v111449905,2015,2016A000213,Percent,units
2015,2015,New Brunswick,Males,50 to 64 years,Suicidal thoughts (15 years and over),21.1,,,percent,e,v111449906,2015,2016A000213,Percent,units
2015,2015,New Brunswick,Both sexes,65 years and over,Consultation with a health professional about emotional or mental health,,5600.0,,,,v111449930,2015,2016A000213,Number,units
2015,2015,New Brunswick,Both sexes,65 years and over,Consultation with a health professional about emotional or mental health,,,13100.0,,,v111449931,2015,2016A000213,Number,units
2015,2015,New Brunswick,Both sexes,65 years and over,Consultation with a health professional about emotional or mental health,7.7,,,percent,e,v111449932,2015,2016A000213,Percent,units
2015,2015,New Brunswick,Both sexes,65 years and over,Consultation with a health professional about emotional or mental health,4.6,,,percent,e,v111449933,2015,2016A000213,Percent,units
2015,2015,New Brunswick,Both sexes,65 years and over,Consultation with a health professional about emotional or mental health,10.7,,,percent,e,v111449934,2015,2016A000213,Percent,units
2015,2015,New Brunswick,Both sexes,65 years and over,"Positive mental health, flourishing",,97700.0,,,,v111449937,2015,2016A000213,Number,units
2015,2015,New Brunswick,Both sexes,65 years and over,"Positive mental health, flourishing",,,111700.0,,,v111449938,2015,2016A000213,Number,units
2015,2015,New Brunswick,Both sexes,65 years and over,"Positive mental health, flourishing",86.1,,,percent,,v111449939,2015,2016A000213,Percent,units
2015,2015,New Brunswick,Both sexes,65 years and over,"Positive mental health, flourishing",82.0,,,percent,,v111449940,2015,2016A000213,Percent,units
2015,2015,New Brunswick,Both sexes,65 years and over,"Positive mental health, flourishing",90.2,,,percent,,v111449941,2015,2016A000213,Percent,units
2015,2015,New Brunswick,Both sexes,65 years and over,Suicidal thoughts (15 years and over),,4500.0,,,,v111449944,2015,2016A000213,Number,units
2015,2015,New Brunswick,Both sexes,65 years and over,Suicidal thoughts (15 years and over),,,12200.0,,,v111449945,2015,2016A000213,Number,units
2015,2015,New Brunswick,Both sexes,65 years and over,Suicidal thoughts (15 years and over),6.9,,,percent,e,v111449946,2015,2016A000213,Percent,units
2015,2015,New Brunswick,Both sexes,65 years and over,Suicidal thoughts (15 years and over),3.7,,,percent,e,v111449947,2015,2016A000213,Percent,units
2015,2015,New Brunswick,Both sexes,65 years and over,Suicidal thoughts (15 years and over),10.1,,,percent,e,v111449948,2015,2016A000213,Percent,units
2015,2015,New Brunswick,Females,65 years and over,Consultation with a health professional about emotional or mental health,,3900.0,,,,v111449972,2015,2016A000213,Number,units
2015,2015,New Brunswick,Females,65 years and over,Consultation with a health professional about emotional or mental health,,,10400.0,,,v111449973,2015,2016A000213,Number,units
2015,2015,New Brunswick,Females,65 years and over,Consultation with a health professional about emotional or mental health,10.5,,,percent,e,v111449974,2015,2016A000213,Percent,units
2015,2015,New Brunswick,Females,65 years and over,Consultation with a health professional about emotional or mental health,5.7,,,percent,e,v111449975,2015,2016A000213,Percent,units
2015,2015,New Brunswick,Females,65 years and over,Consultation with a health professional about emotional or mental health,15.2,,,percent,e,v111449976,2015,2016A000213,Percent,units
2015,2015,New Brunswick,Females,65 years and over,"Positive mental health, flourishing",,55400.0,,,,v111449979,2015,2016A000213,Number,units
2015,2015,New Brunswick,Females,65 years and over,"Positive mental health, flourishing",,,63500.0,,,v111449980,2015,2016A000213,Number,units
2015,2015,New Brunswick,Females,65 years and over,"Positive mental health, flourishing",86.8,,,percent,,v111449981,2015,2016A000213,Percent,units
2015,2015,New Brunswick,Females,65 years and over,"Positive mental health, flourishing",81.5,,,percent,,v111449982,2015,2016A000213,Percent,units
2015,2015,New Brunswick,Females,65 years and over,"Positive mental health, flourishing",92.1,,,percent,,v111449983,2015,2016A000213,Percent,units
2015,2015,New Brunswick,Females,65 years and over,Suicidal thoughts (15 years and over),,1800.0,,,,v111449986,2015,2016A000213,Number,units
2015,2015,New Brunswick,Females,65 years and over,Suicidal thoughts (15 years and over),,,6900.0,,,v111449987,2015,2016A000213,Number,units
2015,2015,New Brunswick,Females,65 years and over,Suicidal thoughts (15 years and over),6.5,,,percent,e,v111449988,2015,2016A000213,Percent,units
2015,2015,New Brunswick,Females,65 years and over,Suicidal thoughts (15 years and over),2.7,,,percent,e,v111449989,2015,2016A000213,Percent,units
2015,2015,New Brunswick,Females,65 years and over,Suicidal thoughts (15 years and over),10.2,,,percent,e,v111449990,2015,2016A000213,Percent,units
2015,2015,New Brunswick,Males,65 years and over,"Positive mental health, flourishing",,40100.0,,,,v111449958,2015,2016A000213,Number,units
2015,2015,New Brunswick,Males,65 years and over,"Positive mental health, flourishing",,,50500.0,,,v111449959,2015,2016A000213,Number,units
2015,2015,New Brunswick,Males,65 years and over,"Positive mental health, flourishing",85.3,,,percent,,v111449960,2015,2016A000213,Percent,units
2015,2015,New Brunswick,Males,65 years and over,"Positive mental health, flourishing",79.2,,,percent,,v111449961,2015,2016A000213,Percent,units
2015,2015,New Brunswick,Males,65 years and over,"Positive mental health, flourishing",91.4,,,percent,,v111449962,2015,2016A000213,Percent,units
2015,2015,New Brunswick,Both sexes,"Total, 12 years and over",Consultation with a health professional about emotional or mental health,,86300.0,,,,v111449615,2015,2016A000213,Number,units
2015,2015,New Brunswick,Both sexes,"Total, 12 years and over",Consultation with a health professional about emotional or mental health,,,116900.0,,,v111449616,2015,2016A000213,Number,units
2015,2015,New Brunswick,Both sexes,"Total, 12 years and over",Consultation with a health professional about emotional or mental health,16.4,,,percent,,v111449617,2015,2016A000213,Percent,units
2015,2015,New Brunswick,Both sexes,"Total, 12 years and over",Consultation with a health professional about emotional or mental health,13.9,,,percent,,v111449618,2015,2016A000213,Percent,units
2015,2015,New Brunswick,Both sexes,"Total, 12 years and over",Consultation with a health professional about emotional or mental health,18.9,,,percent,,v111449619,2015,2016A000213,Percent,units
2015,2015,New Brunswick,Both sexes,"Total, 12 years and over","Positive mental health, flourishing",,496700.0,,,,v111449622,2015,2016A000213,Number,units
2015,2015,New Brunswick,Both sexes,"Total, 12 years and over","Positive mental health, flourishing",,,529800.0,,,v111449623,2015,2016A000213,Number,units
2015,2015,New Brunswick,Both sexes,"Total, 12 years and over","Positive mental health, flourishing",83.2,,,percent,,v111449624,2015,2016A000213,Percent,units
2015,2015,New Brunswick,Both sexes,"Total, 12 years and over","Positive mental health, flourishing",80.8,,,percent,,v111449625,2015,2016A000213,Percent,units
2015,2015,New Brunswick,Both sexes,"Total, 12 years and over","Positive mental health, flourishing",85.6,,,percent,,v111449626,2015,2016A000213,Percent,units
2015,2015,New Brunswick,Both sexes,"Total, 12 years and over",Suicidal thoughts (15 years and over),,69600.0,,,,v111449629,2015,2016A000213,Number,units
2015,2015,New Brunswick,Both sexes,"Total, 12 years and over",Suicidal thoughts (15 years and over),,,97400.0,,,v111449630,2015,2016A000213,Number,units
2015,2015,New Brunswick,Both sexes,"Total, 12 years and over",Suicidal thoughts (15 years and over),14.1,,,percent,,v111449631,2015,2016A000213,Percent,units
2015,2015,New Brunswick,Both sexes,"Total, 12 years and over",Suicidal thoughts (15 years and over),11.8,,,percent,,v111449632,2015,2016A000213,Percent,units
2015,2015,New Brunswick,Both sexes,"Total, 12 years and over",Suicidal thoughts (15 years and over),16.5,,,percent,,v111449633,2015,2016A000213,Percent,units
2015,2015,New Brunswick,Females,"Total, 12 years and over",Consultation with a health professional about emotional or mental health,,59100.0,,,,v111449657,2015,2016A000213,Number,units
2015,2015,New Brunswick,Females,"Total, 12 years and over",Consultation with a health professional about emotional or mental health,,,84000.0,,,v111449658,2015,2016A000213,Number,units
2015,2015,New Brunswick,Females,"Total, 12 years and over",Consultation with a health professional about emotional or mental health,22.2,,,percent,,v111449659,2015,2016A000213,Percent,units
2015,2015,New Brunswick,Females,"Total, 12 years and over",Consultation with a health professional about emotional or mental health,18.3,,,percent,,v111449660,2015,2016A000213,Percent,units
2015,2015,New Brunswick,Females,"Total, 12 years and over",Consultation with a health professional about emotional or mental health,26.1,,,percent,,v111449661,2015,2016A000213,Percent,units
2015,2015,New Brunswick,Females,"Total, 12 years and over","Positive mental health, flourishing",,256300.0,,,,v111449664,2015,2016A000213,Number,units
2015,2015,New Brunswick,Females,"Total, 12 years and over","Positive mental health, flourishing",,,278200.0,,,v111449665,2015,2016A000213,Number,units
2015,2015,New Brunswick,Females,"Total, 12 years and over","Positive mental health, flourishing",82.8,,,percent,,v111449666,2015,2016A000213,Percent,units
2015,2015,New Brunswick,Females,"Total, 12 years and over","Positive mental health, flourishing",79.5,,,percent,,v111449667,2015,2016A000213,Percent,units
2015,2015,New Brunswick,Females,"Total, 12 years and over","Positive mental health, flourishing",86.2,,,percent,,v111449668,2015,2016A000213,Percent,units
2015,2015,New Brunswick,Females,"Total, 12 years and over",Suicidal thoughts (15 years and over),,35300.0,,,,v111449671,2015,2016A000213,Number,units
2015,2015,New Brunswick,Females,"Total, 12 years and over",Suicidal thoughts (15 years and over),,,54600.0,,,v111449672,2015,2016A000213,Number,units
2015,2015,New Brunswick,Females,"Total, 12 years and over",Suicidal thoughts (15 years and over),14.6,,,percent,,v111449673,2015,2016A000213,Percent,units
2015,2015,New Brunswick,Females,"Total, 12 years and over",Suicidal thoughts (15 years and over),11.5,,,percent,,v111449674,2015,2016A000213,Percent,units
2015,2015,New Brunswick,Females,"Total, 12 years and over",Suicidal thoughts (15 years and over),17.7,,,percent,,v111449675,2015,2016A000213,Percent,units
2015,2015,New Brunswick,Males,"Total, 12 years and over",Consultation with a health professional about emotional or mental health,,20600.0,,,,v111449636,2015,2016A000213,Number,units
2015,2015,New Brunswick,Males,"Total, 12 years and over",Consultation with a health professional about emotional or mental health,,,39600.0,,,v111449637,2015,2016A000213,Number,units
2015,2015,New Brunswick,Males,"Total, 12 years and over",Consultation with a health professional about emotional or mental health,10.1,,,percent,e,v111449638,2015,2016A000213,Percent,units
2015,2015,New Brunswick,Males,"Total, 12 years and over",Consultation with a health professional about emotional or mental health,6.9,,,percent,e,v111449639,2015,2016A000213,Percent,units
2015,2015,New Brunswick,Males,"Total, 12 years and over",Consultation with a health professional about emotional or mental health,13.4,,,percent,e,v111449640,2015,2016A000213,Percent,units
2015,2015,New Brunswick,Males,"Total, 12 years and over","Positive mental health, flourishing",,233600.0,,,,v111449643,2015,2016A000213,Number,units
2015,2015,New Brunswick,Males,"Total, 12 years and over","Positive mental health, flourishing",,,258300.0,,,v111449644,2015,2016A000213,Number,units
2015,2015,New Brunswick,Males,"Total, 12 years and over","Positive mental health, flourishing",83.5,,,percent,,v111449645,2015,2016A000213,Percent,units
2015,2015,New Brunswick,Males,"Total, 12 years and over","Positive mental health, flourishing",79.9,,,percent,,v111449646,2015,2016A000213,Percent,units
2015,2015,New Brunswick,Males,"Total, 12 years and over","Positive mental health, flourishing",87.1,,,percent,,v111449647,2015,2016A000213,Percent,units
2015,2015,New Brunswick,Males,"Total, 12 years and over",Suicidal thoughts (15 years and over),,28700.0,,,,v111449650,2015,2016A000213,Number,units
2015,2015,New Brunswick,Males,"Total, 12 years and over",Suicidal thoughts (15 years and over),,,48500.0,,,v111449651,2015,2016A000213,Number,units
2015,2015,New Brunswick,Males,"Total, 12 years and over",Suicidal thoughts (15 years and over),13.6,,,percent,,v111449652,2015,2016A000213,Percent,units
2015,2015,New Brunswick,Males,"Total, 12 years and over",Suicidal thoughts (15 years and over),10.2,,,percent,,v111449653,2015,2016A000213,Percent,units
2015,2015,New Brunswick,Males,"Total, 12 years and over",Suicidal thoughts (15 years and over),17.1,,,percent,,v111449654,2015,2016A000213,Percent,units
2015,2015,Newfoundland and Labrador,Both sexes,12 to 17 years,Consultation with a health professional about emotional or mental health,,1700.0,,,,v111448544,2015,2016A000210,Number,units
2015,2015,Newfoundland and Labrador,Both sexes,12 to 17 years,Consultation with a health professional about emotional or mental health,,,5400.0,,,v111448545,2015,2016A000210,Number,units
2015,2015,Newfoundland and Labrador,Both sexes,12 to 17 years,Consultation with a health professional about emotional or mental health,11.8,,,percent,e,v111448546,2015,2016A000210,Percent,units
2015,2015,Newfoundland and Labrador,Both sexes,12 to 17 years,Consultation with a health professional about emotional or mental health,5.7,,,percent,e,v111448547,2015,2016A000210,Percent,units
2015,2015,Newfoundland and Labrador,Both sexes,12 to 17 years,Consultation with a health professional about emotional or mental health,18.0,,,percent,e,v111448548,2015,2016A000210,Percent,units
2015,2015,Newfoundland and Labrador,Both sexes,12 to 17 years,"Positive mental health, flourishing",,27200.0,,,,v111448551,2015,2016A000210,Number,units
2015,2015,Newfoundland and Labrador,Both sexes,12 to 17 years,"Positive mental health, flourishing",,,30200.0,,,v111448552,2015,2016A000210,Number,units
2015,2015,Newfoundland and Labrador,Both sexes,12 to 17 years,"Positive mental health, flourishing",95.5,,,percent,,v111448553,2015,2016A000210,Percent,units
2015,2015,Newfoundland and Labrador,Both sexes,12 to 17 years,"Positive mental health, flourishing",91.9,,,percent,,v111448554,2015,2016A000210,Percent,units
2015,2015,Newfoundland and Labrador,Both sexes,12 to 17 years,"Positive mental health, flourishing",99.1,,,percent,,v111448555,2015,2016A000210,Percent,units
2015,2015,Newfoundland and Labrador,Females,12 to 17 years,"Positive mental health, flourishing",,11800.0,,,,v111448593,2015,2016A000210,Number,units
2015,2015,Newfoundland and Labrador,Females,12 to 17 years,"Positive mental health, flourishing",,,15000.0,,,v111448594,2015,2016A000210,Number,units
2015,2015,Newfoundland and Labrador,Females,12 to 17 years,"Positive mental health, flourishing",93.6,,,percent,,v111448595,2015,2016A000210,Percent,units
2015,2015,Newfoundland and Labrador,Females,12 to 17 years,"Positive mental health, flourishing",86.7,,,percent,,v111448596,2015,2016A000210,Percent,units
2015,2015,Newfoundland and Labrador,Females,12 to 17 years,"Positive mental health, flourishing",100.5,,,percent,,v111448597,2015,2016A000210,Percent,units
2015,2015,Newfoundland and Labrador,Males,12 to 17 years,"Positive mental health, flourishing",,14000.0,,,,v111448572,2015,2016A000210,Number,units
2015,2015,Newfoundland and Labrador,Males,12 to 17 years,"Positive mental health, flourishing",,,16700.0,,,v111448573,2015,2016A000210,Number,units
2015,2015,Newfoundland and Labrador,Males,12 to 17 years,"Positive mental health, flourishing",97.2,,,percent,,v111448574,2015,2016A000210,Percent,units
2015,2015,Newfoundland and Labrador,Males,12 to 17 years,"Positive mental health, flourishing",94.5,,,percent,,v111448575,2015,2016A000210,Percent,units
2015,2015,Newfoundland and Labrador,Males,12 to 17 years,"Positive mental health, flourishing",99.9,,,percent,,v111448576,2015,2016A000210,Percent,units
2015,2015,Newfoundland and Labrador,Both sexes,18 to 34 years,Consultation with a health professional about emotional or mental health,,16100.0,,,,v111448607,2015,2016A000210,Number,units
2015,2015,Newfoundland and Labrador,Both sexes,18 to 34 years,Consultation with a health professional about emotional or mental health,,,29600.0,,,v111448608,2015,2016A000210,Number,units
2015,2015,Newfoundland and Labrador,Both sexes,18 to 34 years,Consultation with a health professional about emotional or mental health,23.2,,,percent,,v111448609,2015,2016A000210,Percent,units
2015,2015,Newfoundland and Labrador,Both sexes,18 to 34 years,Consultation with a health professional about emotional or mental health,16.4,,,percent,,v111448610,2015,2016A000210,Percent,units
2015,2015,Newfoundland and Labrador,Both sexes,18 to 34 years,Consultation with a health professional about emotional or mental health,29.9,,,percent,,v111448611,2015,2016A000210,Percent,units
2015,2015,Newfoundland and Labrador,Both sexes,18 to 34 years,"Positive mental health, flourishing",,64200.0,,,,v111448614,2015,2016A000210,Number,units
2015,2015,Newfoundland and Labrador,Both sexes,18 to 34 years,"Positive mental health, flourishing",,,80400.0,,,v111448615,2015,2016A000210,Number,units
2015,2015,Newfoundland and Labrador,Both sexes,18 to 34 years,"Positive mental health, flourishing",73.3,,,percent,,v111448616,2015,2016A000210,Percent,units
2015,2015,Newfoundland and Labrador,Both sexes,18 to 34 years,"Positive mental health, flourishing",65.4,,,percent,,v111448617,2015,2016A000210,Percent,units
2015,2015,Newfoundland and Labrador,Both sexes,18 to 34 years,"Positive mental health, flourishing",81.2,,,percent,,v111448618,2015,2016A000210,Percent,units
2015,2015,Newfoundland and Labrador,Both sexes,18 to 34 years,Suicidal thoughts (15 years and over),,12800.0,,,,v111448621,2015,2016A000210,Number,units
2015,2015,Newfoundland and Labrador,Both sexes,18 to 34 years,Suicidal thoughts (15 years and over),,,26500.0,,,v111448622,2015,2016A000210,Number,units
2015,2015,Newfoundland and Labrador,Both sexes,18 to 34 years,Suicidal thoughts (15 years and over),20.0,,,percent,e,v111448623,2015,2016A000210,Percent,units
2015,2015,Newfoundland and Labrador,Both sexes,18 to 34 years,Suicidal thoughts (15 years and over),13.1,,,percent,e,v111448624,2015,2016A000210,Percent,units
2015,2015,Newfoundland and Labrador,Both sexes,18 to 34 years,Suicidal thoughts (15 years and over),27.0,,,percent,e,v111448625,2015,2016A000210,Percent,units
2015,2015,Newfoundland and Labrador,Females,18 to 34 years,Consultation with a health professional about emotional or mental health,,9100.0,,,,v111448649,2015,2016A000210,Number,units
2015,2015,Newfoundland and Labrador,Females,18 to 34 years,Consultation with a health professional about emotional or mental health,,,18100.0,,,v111448650,2015,2016A000210,Number,units
2015,2015,Newfoundland and Labrador,Females,18 to 34 years,Consultation with a health professional about emotional or mental health,27.2,,,percent,e,v111448651,2015,2016A000210,Percent,units
2015,2015,Newfoundland and Labrador,Females,18 to 34 years,Consultation with a health professional about emotional or mental health,18.2,,,percent,e,v111448652,2015,2016A000210,Percent,units
2015,2015,Newfoundland and Labrador,Females,18 to 34 years,Consultation with a health professional about emotional or mental health,36.2,,,percent,e,v111448653,2015,2016A000210,Percent,units
2015,2015,Newfoundland and Labrador,Females,18 to 34 years,"Positive mental health, flourishing",,33300.0,,,,v111448656,2015,2016A000210,Number,units
2015,2015,Newfoundland and Labrador,Females,18 to 34 years,"Positive mental health, flourishing",,,43100.0,,,v111448657,2015,2016A000210,Number,units
2015,2015,Newfoundland and Labrador,Females,18 to 34 years,"Positive mental health, flourishing",76.4,,,percent,,v111448658,2015,2016A000210,Percent,units
2015,2015,Newfoundland and Labrador,Females,18 to 34 years,"Positive mental health, flourishing",66.6,,,percent,,v111448659,2015,2016A000210,Percent,units
2015,2015,Newfoundland and Labrador,Females,18 to 34 years,"Positive mental health, flourishing",86.1,,,percent,,v111448660,2015,2016A000210,Percent,units
2015,2015,Newfoundland and Labrador,Females,18 to 34 years,Suicidal thoughts (15 years and over),,6000.0,,,,v111448663,2015,2016A000210,Number,units
2015,2015,Newfoundland and Labrador,Females,18 to 34 years,Suicidal thoughts (15 years and over),,,14500.0,,,v111448664,2015,2016A000210,Number,units
2015,2015,Newfoundland and Labrador,Females,18 to 34 years,Suicidal thoughts (15 years and over),20.6,,,percent,e,v111448665,2015,2016A000210,Percent,units
2015,2015,Newfoundland and Labrador,Females,18 to 34 years,Suicidal thoughts (15 years and over),12.1,,,percent,e,v111448666,2015,2016A000210,Percent,units
2015,2015,Newfoundland and Labrador,Females,18 to 34 years,Suicidal thoughts (15 years and over),29.1,,,percent,e,v111448667,2015,2016A000210,Percent,units
2015,2015,Newfoundland and Labrador,Males,18 to 34 years,Consultation with a health professional about emotional or mental health,,4400.0,,,,v111448628,2015,2016A000210,Number,units
2015,2015,Newfoundland and Labrador,Males,18 to 34 years,Consultation with a health professional about emotional or mental health,,,14100.0,,,v111448629,2015,2016A000210,Number,units
2015,2015,Newfoundland and Labrador,Males,18 to 34 years,Consultation with a health professional about emotional or mental health,19.0,,,percent,e,v111448630,2015,2016A000210,Percent,units
2015,2015,Newfoundland and Labrador,Males,18 to 34 years,Consultation with a health professional about emotional or mental health,9.3,,,percent,e,v111448631,2015,2016A000210,Percent,units
2015,2015,Newfoundland and Labrador,Males,18 to 34 years,Consultation with a health professional about emotional or mental health,28.8,,,percent,e,v111448632,2015,2016A000210,Percent,units
2015,2015,Newfoundland and Labrador,Males,18 to 34 years,"Positive mental health, flourishing",,27900.0,,,,v111448635,2015,2016A000210,Number,units
2015,2015,Newfoundland and Labrador,Males,18 to 34 years,"Positive mental health, flourishing",,,40200.0,,,v111448636,2015,2016A000210,Number,units
2015,2015,Newfoundland and Labrador,Males,18 to 34 years,"Positive mental health, flourishing",70.1,,,percent,,v111448637,2015,2016A000210,Percent,units
2015,2015,Newfoundland and Labrador,Males,18 to 34 years,"Positive mental health, flourishing",57.8,,,percent,,v111448638,2015,2016A000210,Percent,units
2015,2015,Newfoundland and Labrador,Males,18 to 34 years,"Positive mental health, flourishing",82.3,,,percent,,v111448639,2015,2016A000210,Percent,units
2015,2015,Newfoundland and Labrador,Males,18 to 34 years,Suicidal thoughts (15 years and over),,4100.0,,,,v111448642,2015,2016A000210,Number,units
2015,2015,Newfoundland and Labrador,Males,18 to 34 years,Suicidal thoughts (15 years and over),,,14600.0,,,v111448643,2015,2016A000210,Number,units
2015,2015,Newfoundland and Labrador,Males,18 to 34 years,Suicidal thoughts (15 years and over),19.5,,,percent,e,v111448644,2015,2016A000210,Percent,units
2015,2015,Newfoundland and Labrador,Males,18 to 34 years,Suicidal thoughts (15 years and over),8.7,,,percent,e,v111448645,2015,2016A000210,Percent,units
2015,2015,Newfoundland and Labrador,Males,18 to 34 years,Suicidal thoughts (15 years and over),30.3,,,percent,e,v111448646,2015,2016A000210,Percent,units
2015,2015,Newfoundland and Labrador,Both sexes,35 to 49 years,Consultation with a health professional about emotional or mental health,,12300.0,,,,v111448670,2015,2016A000210,Number,units
2015,2015,Newfoundland and Labrador,Both sexes,35 to 49 years,Consultation with a health professional about emotional or mental health,,,23700.0,,,v111448671,2015,2016A000210,Number,units
2015,2015,Newfoundland and Labrador,Both sexes,35 to 49 years,Consultation with a health professional about emotional or mental health,17.2,,,percent,e,v111448672,2015,2016A000210,Percent,units
2015,2015,Newfoundland and Labrador,Both sexes,35 to 49 years,Consultation with a health professional about emotional or mental health,11.8,,,percent,e,v111448673,2015,2016A000210,Percent,units
2015,2015,Newfoundland and Labrador,Both sexes,35 to 49 years,Consultation with a health professional about emotional or mental health,22.6,,,percent,e,v111448674,2015,2016A000210,Percent,units
2015,2015,Newfoundland and Labrador,Both sexes,35 to 49 years,"Positive mental health, flourishing",,83200.0,,,,v111448677,2015,2016A000210,Number,units
2015,2015,Newfoundland and Labrador,Both sexes,35 to 49 years,"Positive mental health, flourishing",,,95300.0,,,v111448678,2015,2016A000210,Number,units
2015,2015,Newfoundland and Labrador,Both sexes,35 to 49 years,"Positive mental health, flourishing",85.3,,,percent,,v111448679,2015,2016A000210,Percent,units
2015,2015,Newfoundland and Labrador,Both sexes,35 to 49 years,"Positive mental health, flourishing",80.0,,,percent,,v111448680,2015,2016A000210,Percent,units
2015,2015,Newfoundland and Labrador,Both sexes,35 to 49 years,"Positive mental health, flourishing",90.6,,,percent,,v111448681,2015,2016A000210,Percent,units
2015,2015,Newfoundland and Labrador,Both sexes,35 to 49 years,Suicidal thoughts (15 years and over),,3900.0,,,,v111448684,2015,2016A000210,Number,units
2015,2015,Newfoundland and Labrador,Both sexes,35 to 49 years,Suicidal thoughts (15 years and over),,,13000.0,,,v111448685,2015,2016A000210,Number,units
2015,2015,Newfoundland and Labrador,Both sexes,35 to 49 years,Suicidal thoughts (15 years and over),8.1,,,percent,e,v111448686,2015,2016A000210,Percent,units
2015,2015,Newfoundland and Labrador,Both sexes,35 to 49 years,Suicidal thoughts (15 years and over),3.8,,,percent,e,v111448687,2015,2016A000210,Percent,units
2015,2015,Newfoundland and Labrador,Both sexes,35 to 49 years,Suicidal thoughts (15 years and over),12.4,,,percent,e,v111448688,2015,2016A000210,Percent,units
2015,2015,Newfoundland and Labrador,Females,35 to 49 years,Consultation with a health professional about emotional or mental health,,8300.0,,,,v111448712,2015,2016A000210,Number,units
2015,2015,Newfoundland and Labrador,Females,35 to 49 years,Consultation with a health professional about emotional or mental health,,,18300.0,,,v111448713,2015,2016A000210,Number,units
2015,2015,Newfoundland and Labrador,Females,35 to 49 years,Consultation with a health professional about emotional or mental health,24.4,,,percent,e,v111448714,2015,2016A000210,Percent,units
2015,2015,Newfoundland and Labrador,Females,35 to 49 years,Consultation with a health professional about emotional or mental health,15.2,,,percent,e,v111448715,2015,2016A000210,Percent,units
2015,2015,Newfoundland and Labrador,Females,35 to 49 years,Consultation with a health professional about emotional or mental health,33.6,,,percent,e,v111448716,2015,2016A000210,Percent,units
2015,2015,Newfoundland and Labrador,Females,35 to 49 years,"Positive mental health, flourishing",,42400.0,,,,v111448719,2015,2016A000210,Number,units
2015,2015,Newfoundland and Labrador,Females,35 to 49 years,"Positive mental health, flourishing",,,49700.0,,,v111448720,2015,2016A000210,Number,units
2015,2015,Newfoundland and Labrador,Females,35 to 49 years,"Positive mental health, flourishing",84.1,,,percent,,v111448721,2015,2016A000210,Percent,units
2015,2015,Newfoundland and Labrador,Females,35 to 49 years,"Positive mental health, flourishing",77.4,,,percent,,v111448722,2015,2016A000210,Percent,units
2015,2015,Newfoundland and Labrador,Females,35 to 49 years,"Positive mental health, flourishing",90.7,,,percent,,v111448723,2015,2016A000210,Percent,units
2015,2015,Newfoundland and Labrador,Females,35 to 49 years,Suicidal thoughts (15 years and over),,2900.0,,,,v111448726,2015,2016A000210,Number,units
2015,2015,Newfoundland and Labrador,Females,35 to 49 years,Suicidal thoughts (15 years and over),,,10000.0,,,v111448727,2015,2016A000210,Number,units
2015,2015,Newfoundland and Labrador,Females,35 to 49 years,Suicidal thoughts (15 years and over),11.9,,,percent,e,v111448728,2015,2016A000210,Percent,units
2015,2015,Newfoundland and Labrador,Females,35 to 49 years,Suicidal thoughts (15 years and over),5.4,,,percent,e,v111448729,2015,2016A000210,Percent,units
2015,2015,Newfoundland and Labrador,Females,35 to 49 years,Suicidal thoughts (15 years and over),18.4,,,percent,e,v111448730,2015,2016A000210,Percent,units
2015,2015,Newfoundland and Labrador,Males,35 to 49 years,Consultation with a health professional about emotional or mental health,,1600.0,,,,v111448691,2015,2016A000210,Number,units
2015,2015,Newfoundland and Labrador,Males,35 to 49 years,Consultation with a health professional about emotional or mental health,,,7700.0,,,v111448692,2015,2016A000210,Number,units
2015,2015,Newfoundland and Labrador,Males,35 to 49 years,Consultation with a health professional about emotional or mental health,9.4,,,percent,e,v111448693,2015,2016A000210,Percent,units
2015,2015,Newfoundland and Labrador,Males,35 to 49 years,Consultation with a health professional about emotional or mental health,3.2,,,percent,e,v111448694,2015,2016A000210,Percent,units
2015,2015,Newfoundland and Labrador,Males,35 to 49 years,Consultation with a health professional about emotional or mental health,15.5,,,percent,e,v111448695,2015,2016A000210,Percent,units
2015,2015,Newfoundland and Labrador,Males,35 to 49 years,"Positive mental health, flourishing",,38500.0,,,,v111448698,2015,2016A000210,Number,units
2015,2015,Newfoundland and Labrador,Males,35 to 49 years,"Positive mental health, flourishing",,,47900.0,,,v111448699,2015,2016A000210,Number,units
2015,2015,Newfoundland and Labrador,Males,35 to 49 years,"Positive mental health, flourishing",86.7,,,percent,,v111448700,2015,2016A000210,Percent,units
2015,2015,Newfoundland and Labrador,Males,35 to 49 years,"Positive mental health, flourishing",78.8,,,percent,,v111448701,2015,2016A000210,Percent,units
2015,2015,Newfoundland and Labrador,Males,35 to 49 years,"Positive mental health, flourishing",94.5,,,percent,,v111448702,2015,2016A000210,Percent,units
2015,2015,Newfoundland and Labrador,Both sexes,50 to 64 years,Consultation with a health professional about emotional or mental health,,7900.0,,,,v111448733,2015,2016A000210,Number,units
2015,2015,Newfoundland and Labrador,Both sexes,50 to 64 years,Consultation with a health professional about emotional or mental health,,,16900.0,,,v111448734,2015,2016A000210,Number,units
2015,2015,Newfoundland and Labrador,Both sexes,50 to 64 years,Consultation with a health professional about emotional or mental health,10.3,,,percent,e,v111448735,2015,2016A000210,Percent,units
2015,2015,Newfoundland and Labrador,Both sexes,50 to 64 years,Consultation with a health professional about emotional or mental health,6.6,,,percent,e,v111448736,2015,2016A000210,Percent,units
2015,2015,Newfoundland and Labrador,Both sexes,50 to 64 years,Consultation with a health professional about emotional or mental health,14.0,,,percent,e,v111448737,2015,2016A000210,Percent,units
2015,2015,Newfoundland and Labrador,Both sexes,50 to 64 years,"Positive mental health, flourishing",,100100.0,,,,v111448740,2015,2016A000210,Number,units
2015,2015,Newfoundland and Labrador,Both sexes,50 to 64 years,"Positive mental health, flourishing",,,111700.0,,,v111448741,2015,2016A000210,Number,units
2015,2015,Newfoundland and Labrador,Both sexes,50 to 64 years,"Positive mental health, flourishing",88.8,,,percent,,v111448742,2015,2016A000210,Percent,units
2015,2015,Newfoundland and Labrador,Both sexes,50 to 64 years,"Positive mental health, flourishing",85.3,,,percent,,v111448743,2015,2016A000210,Percent,units
2015,2015,Newfoundland and Labrador,Both sexes,50 to 64 years,"Positive mental health, flourishing",92.3,,,percent,,v111448744,2015,2016A000210,Percent,units
2015,2015,Newfoundland and Labrador,Both sexes,50 to 64 years,Suicidal thoughts (15 years and over),,3600.0,,,,v111448747,2015,2016A000210,Number,units
2015,2015,Newfoundland and Labrador,Both sexes,50 to 64 years,Suicidal thoughts (15 years and over),,,8500.0,,,v111448748,2015,2016A000210,Number,units
2015,2015,Newfoundland and Labrador,Both sexes,50 to 64 years,Suicidal thoughts (15 years and over),5.1,,,percent,e,v111448749,2015,2016A000210,Percent,units
2015,2015,Newfoundland and Labrador,Both sexes,50 to 64 years,Suicidal thoughts (15 years and over),3.1,,,percent,e,v111448750,2015,2016A000210,Percent,units
2015,2015,Newfoundland and Labrador,Both sexes,50 to 64 years,Suicidal thoughts (15 years and over),7.1,,,percent,e,v111448751,2015,2016A000210,Percent,units
2015,2015,Newfoundland and Labrador,Females,50 to 64 years,Consultation with a health professional about emotional or mental health,,5100.0,,,,v111448775,2015,2016A000210,Number,units
2015,2015,Newfoundland and Labrador,Females,50 to 64 years,Consultation with a health professional about emotional or mental health,,,12800.0,,,v111448776,2015,2016A000210,Number,units
2015,2015,Newfoundland and Labrador,Females,50 to 64 years,Consultation with a health professional about emotional or mental health,14.5,,,percent,e,v111448777,2015,2016A000210,Percent,units
2015,2015,Newfoundland and Labrador,Females,50 to 64 years,Consultation with a health professional about emotional or mental health,8.3,,,percent,e,v111448778,2015,2016A000210,Percent,units
2015,2015,Newfoundland and Labrador,Females,50 to 64 years,Consultation with a health professional about emotional or mental health,20.6,,,percent,e,v111448779,2015,2016A000210,Percent,units
2015,2015,Newfoundland and Labrador,Females,50 to 64 years,"Positive mental health, flourishing",,51100.0,,,,v111448782,2015,2016A000210,Number,units
2015,2015,Newfoundland and Labrador,Females,50 to 64 years,"Positive mental health, flourishing",,,58000.0,,,v111448783,2015,2016A000210,Number,units
2015,2015,Newfoundland and Labrador,Females,50 to 64 years,"Positive mental health, flourishing",89.0,,,percent,,v111448784,2015,2016A000210,Percent,units
2015,2015,Newfoundland and Labrador,Females,50 to 64 years,"Positive mental health, flourishing",84.7,,,percent,,v111448785,2015,2016A000210,Percent,units
2015,2015,Newfoundland and Labrador,Females,50 to 64 years,"Positive mental health, flourishing",93.3,,,percent,,v111448786,2015,2016A000210,Percent,units
2015,2015,Newfoundland and Labrador,Females,50 to 64 years,Suicidal thoughts (15 years and over),,1300.0,,,,v111448789,2015,2016A000210,Number,units
2015,2015,Newfoundland and Labrador,Females,50 to 64 years,Suicidal thoughts (15 years and over),,,4300.0,,,v111448790,2015,2016A000210,Number,units
2015,2015,Newfoundland and Labrador,Females,50 to 64 years,Suicidal thoughts (15 years and over),4.6,,,percent,e,v111448791,2015,2016A000210,Percent,units
2015,2015,Newfoundland and Labrador,Females,50 to 64 years,Suicidal thoughts (15 years and over),2.2,,,percent,e,v111448792,2015,2016A000210,Percent,units
2015,2015,Newfoundland and Labrador,Females,50 to 64 years,Suicidal thoughts (15 years and over),7.0,,,percent,e,v111448793,2015,2016A000210,Percent,units
2015,2015,Newfoundland and Labrador,Males,50 to 64 years,"Positive mental health, flourishing",,46600.0,,,,v111448761,2015,2016A000210,Number,units
2015,2015,Newfoundland and Labrador,Males,50 to 64 years,"Positive mental health, flourishing",,,56200.0,,,v111448762,2015,2016A000210,Number,units
2015,2015,Newfoundland and Labrador,Males,50 to 64 years,"Positive mental health, flourishing",88.6,,,percent,,v111448763,2015,2016A000210,Percent,units
2015,2015,Newfoundland and Labrador,Males,50 to 64 years,"Positive mental health, flourishing",82.6,,,percent,,v111448764,2015,2016A000210,Percent,units
2015,2015,Newfoundland and Labrador,Males,50 to 64 years,"Positive mental health, flourishing",94.5,,,percent,,v111448765,2015,2016A000210,Percent,units
2015,2015,Newfoundland and Labrador,Males,50 to 64 years,Suicidal thoughts (15 years and over),,1200.0,,,,v111448768,2015,2016A000210,Number,units
2015,2015,Newfoundland and Labrador,Males,50 to 64 years,Suicidal thoughts (15 years and over),,,5300.0,,,v111448769,2015,2016A000210,Number,units
2015,2015,Newfoundland and Labrador,Males,50 to 64 years,Suicidal thoughts (15 years and over),5.5,,,percent,e,v111448770,2015,2016A000210,Percent,units
2015,2015,Newfoundland and Labrador,Males,50 to 64 years,Suicidal thoughts (15 years and over),2.0,,,percent,e,v111448771,2015,2016A000210,Percent,units
2015,2015,Newfoundland and Labrador,Males,50 to 64 years,Suicidal thoughts (15 years and over),9.0,,,percent,e,v111448772,2015,2016A000210,Percent,units
2015,2015,Newfoundland and Labrador,Both sexes,65 years and over,Consultation with a health professional about emotional or mental health,,2700.0,,,,v111448796,2015,2016A000210,Number,units
2015,2015,Newfoundland and Labrador,Both sexes,65 years and over,Consultation with a health professional about emotional or mental health,,,8700.0,,,v111448797,2015,2016A000210,Number,units
2015,2015,Newfoundland and Labrador,Both sexes,65 years and over,Consultation with a health professional about emotional or mental health,6.7,,,percent,e,v111448798,2015,2016A000210,Percent,units
2015,2015,Newfoundland and Labrador,Both sexes,65 years and over,Consultation with a health professional about emotional or mental health,3.2,,,percent,e,v111448799,2015,2016A000210,Percent,units
2015,2015,Newfoundland and Labrador,Both sexes,65 years and over,Consultation with a health professional about emotional or mental health,10.1,,,percent,e,v111448800,2015,2016A000210,Percent,units
2015,2015,Newfoundland and Labrador,Both sexes,65 years and over,"Positive mental health, flourishing",,72600.0,,,,v111448803,2015,2016A000210,Number,units
2015,2015,Newfoundland and Labrador,Both sexes,65 years and over,"Positive mental health, flourishing",,,80400.0,,,v111448804,2015,2016A000210,Number,units
2015,2015,Newfoundland and Labrador,Both sexes,65 years and over,"Positive mental health, flourishing",88.9,,,percent,,v111448805,2015,2016A000210,Percent,units
2015,2015,Newfoundland and Labrador,Both sexes,65 years and over,"Positive mental health, flourishing",85.2,,,percent,,v111448806,2015,2016A000210,Percent,units
2015,2015,Newfoundland and Labrador,Both sexes,65 years and over,"Positive mental health, flourishing",92.5,,,percent,,v111448807,2015,2016A000210,Percent,units
2015,2015,Newfoundland and Labrador,Both sexes,65 years and over,Suicidal thoughts (15 years and over),,1200.0,,,,v111448810,2015,2016A000210,Number,units
2015,2015,Newfoundland and Labrador,Both sexes,65 years and over,Suicidal thoughts (15 years and over),,,4700.0,,,v111448811,2015,2016A000210,Number,units
2015,2015,Newfoundland and Labrador,Both sexes,65 years and over,Suicidal thoughts (15 years and over),3.4,,,percent,e,v111448812,2015,2016A000210,Percent,units
2015,2015,Newfoundland and Labrador,Both sexes,65 years and over,Suicidal thoughts (15 years and over),1.4,,,percent,e,v111448813,2015,2016A000210,Percent,units
2015,2015,Newfoundland and Labrador,Both sexes,65 years and over,Suicidal thoughts (15 years and over),5.5,,,percent,e,v111448814,2015,2016A000210,Percent,units
2015,2015,Newfoundland and Labrador,Females,65 years and over,Consultation with a health professional about emotional or mental health,,2000.0,,,,v111448838,2015,2016A000210,Number,units
2015,2015,Newfoundland and Labrador,Females,65 years and over,Consultation with a health professional about emotional or mental health,,,6600.0,,,v111448839,2015,2016A000210,Number,units
2015,2015,Newfoundland and Labrador,Females,65 years and over,Consultation with a health professional about emotional or mental health,9.3,,,percent,e,v111448840,2015,2016A000210,Percent,units
2015,2015,Newfoundland and Labrador,Females,65 years and over,Consultation with a health professional about emotional or mental health,4.4,,,percent,e,v111448841,2015,2016A000210,Percent,units
2015,2015,Newfoundland and Labrador,Females,65 years and over,Consultation with a health professional about emotional or mental health,14.2,,,percent,e,v111448842,2015,2016A000210,Percent,units
2015,2015,Newfoundland and Labrador,Females,65 years and over,"Positive mental health, flourishing",,37500.0,,,,v111448845,2015,2016A000210,Number,units
2015,2015,Newfoundland and Labrador,Females,65 years and over,"Positive mental health, flourishing",,,43200.0,,,v111448846,2015,2016A000210,Number,units
2015,2015,Newfoundland and Labrador,Females,65 years and over,"Positive mental health, flourishing",87.1,,,percent,,v111448847,2015,2016A000210,Percent,units
2015,2015,Newfoundland and Labrador,Females,65 years and over,"Positive mental health, flourishing",81.8,,,percent,,v111448848,2015,2016A000210,Percent,units
2015,2015,Newfoundland and Labrador,Females,65 years and over,"Positive mental health, flourishing",92.4,,,percent,,v111448849,2015,2016A000210,Percent,units
2015,2015,Newfoundland and Labrador,Males,65 years and over,"Positive mental health, flourishing",,33400.0,,,,v111448824,2015,2016A000210,Number,units
2015,2015,Newfoundland and Labrador,Males,65 years and over,"Positive mental health, flourishing",,,39000.0,,,v111448825,2015,2016A000210,Number,units
2015,2015,Newfoundland and Labrador,Males,65 years and over,"Positive mental health, flourishing",90.9,,,percent,,v111448826,2015,2016A000210,Percent,units
2015,2015,Newfoundland and Labrador,Males,65 years and over,"Positive mental health, flourishing",85.9,,,percent,,v111448827,2015,2016A000210,Percent,units
2015,2015,Newfoundland and Labrador,Males,65 years and over,"Positive mental health, flourishing",95.9,,,percent,,v111448828,2015,2016A000210,Percent,units
2015,2015,Newfoundland and Labrador,Both sexes,"Total, 12 years and over",Consultation with a health professional about emotional or mental health,,52100.0,,,,v111448481,2015,2016A000210,Number,units
2015,2015,Newfoundland and Labrador,Both sexes,"Total, 12 years and over",Consultation with a health professional about emotional or mental health,,,72900.0,,,v111448482,2015,2016A000210,Number,units
2015,2015,Newfoundland and Labrador,Both sexes,"Total, 12 years and over",Consultation with a health professional about emotional or mental health,14.2,,,percent,,v111448483,2015,2016A000210,Percent,units
2015,2015,Newfoundland and Labrador,Both sexes,"Total, 12 years and over",Consultation with a health professional about emotional or mental health,11.8,,,percent,,v111448484,2015,2016A000210,Percent,units
2015,2015,Newfoundland and Labrador,Both sexes,"Total, 12 years and over",Consultation with a health professional about emotional or mental health,16.6,,,percent,,v111448485,2015,2016A000210,Percent,units
2015,2015,Newfoundland and Labrador,Both sexes,"Total, 12 years and over","Positive mental health, flourishing",,360600.0,,,,v111448488,2015,2016A000210,Number,units
2015,2015,Newfoundland and Labrador,Both sexes,"Total, 12 years and over","Positive mental health, flourishing",,,384600.0,,,v111448489,2015,2016A000210,Number,units
2015,2015,Newfoundland and Labrador,Both sexes,"Total, 12 years and over","Positive mental health, flourishing",84.9,,,percent,,v111448490,2015,2016A000210,Percent,units
2015,2015,Newfoundland and Labrador,Both sexes,"Total, 12 years and over","Positive mental health, flourishing",82.7,,,percent,,v111448491,2015,2016A000210,Percent,units
2015,2015,Newfoundland and Labrador,Both sexes,"Total, 12 years and over","Positive mental health, flourishing",87.2,,,percent,,v111448492,2015,2016A000210,Percent,units
2015,2015,Newfoundland and Labrador,Both sexes,"Total, 12 years and over",Suicidal thoughts (15 years and over),,30200.0,,,,v111448495,2015,2016A000210,Number,units
2015,2015,Newfoundland and Labrador,Both sexes,"Total, 12 years and over",Suicidal thoughts (15 years and over),,,47000.0,,,v111448496,2015,2016A000210,Number,units
2015,2015,Newfoundland and Labrador,Both sexes,"Total, 12 years and over",Suicidal thoughts (15 years and over),9.1,,,percent,,v111448497,2015,2016A000210,Percent,units
2015,2015,Newfoundland and Labrador,Both sexes,"Total, 12 years and over",Suicidal thoughts (15 years and over),7.1,,,percent,,v111448498,2015,2016A000210,Percent,units
2015,2015,Newfoundland and Labrador,Both sexes,"Total, 12 years and over",Suicidal thoughts (15 years and over),11.1,,,percent,,v111448499,2015,2016A000210,Percent,units
2015,2015,Newfoundland and Labrador,Females,"Total, 12 years and over",Consultation with a health professional about emotional or mental health,,33700.0,,,,v111448523,2015,2016A000210,Number,units
2015,2015,Newfoundland and Labrador,Females,"Total, 12 years and over",Consultation with a health professional about emotional or mental health,,,50900.0,,,v111448524,2015,2016A000210,Number,units
2015,2015,Newfoundland and Labrador,Females,"Total, 12 years and over",Consultation with a health professional about emotional or mental health,18.7,,,percent,,v111448525,2015,2016A000210,Percent,units
2015,2015,Newfoundland and Labrador,Females,"Total, 12 years and over",Consultation with a health professional about emotional or mental health,14.9,,,percent,,v111448526,2015,2016A000210,Percent,units
2015,2015,Newfoundland and Labrador,Females,"Total, 12 years and over",Consultation with a health professional about emotional or mental health,22.4,,,percent,,v111448527,2015,2016A000210,Percent,units
2015,2015,Newfoundland and Labrador,Females,"Total, 12 years and over","Positive mental health, flourishing",,184700.0,,,,v111448530,2015,2016A000210,Number,units
2015,2015,Newfoundland and Labrador,Females,"Total, 12 years and over","Positive mental health, flourishing",,,200100.0,,,v111448531,2015,2016A000210,Number,units
2015,2015,Newfoundland and Labrador,Females,"Total, 12 years and over","Positive mental health, flourishing",84.9,,,percent,,v111448532,2015,2016A000210,Percent,units
2015,2015,Newfoundland and Labrador,Females,"Total, 12 years and over","Positive mental health, flourishing",81.8,,,percent,,v111448533,2015,2016A000210,Percent,units
2015,2015,Newfoundland and Labrador,Females,"Total, 12 years and over","Positive mental health, flourishing",88.0,,,percent,,v111448534,2015,2016A000210,Percent,units
2015,2015,Newfoundland and Labrador,Females,"Total, 12 years and over",Suicidal thoughts (15 years and over),,16700.0,,,,v111448537,2015,2016A000210,Number,units
2015,2015,Newfoundland and Labrador,Females,"Total, 12 years and over",Suicidal thoughts (15 years and over),,,28300.0,,,v111448538,2015,2016A000210,Number,units
2015,2015,Newfoundland and Labrador,Females,"Total, 12 years and over",Suicidal thoughts (15 years and over),10.3,,,percent,,v111448539,2015,2016A000210,Percent,units
2015,2015,Newfoundland and Labrador,Females,"Total, 12 years and over",Suicidal thoughts (15 years and over),7.6,,,percent,,v111448540,2015,2016A000210,Percent,units
2015,2015,Newfoundland and Labrador,Females,"Total, 12 years and over",Suicidal thoughts (15 years and over),12.9,,,percent,,v111448541,2015,2016A000210,Percent,units
2015,2015,Newfoundland and Labrador,Males,"Total, 12 years and over",Consultation with a health professional about emotional or mental health,,14100.0,,,,v111448502,2015,2016A000210,Number,units
2015,2015,Newfoundland and Labrador,Males,"Total, 12 years and over",Consultation with a health professional about emotional or mental health,,,26200.0,,,v111448503,2015,2016A000210,Number,units
2015,2015,Newfoundland and Labrador,Males,"Total, 12 years and over",Consultation with a health professional about emotional or mental health,9.5,,,percent,e,v111448504,2015,2016A000210,Percent,units
2015,2015,Newfoundland and Labrador,Males,"Total, 12 years and over",Consultation with a health professional about emotional or mental health,6.6,,,percent,e,v111448505,2015,2016A000210,Percent,units
2015,2015,Newfoundland and Labrador,Males,"Total, 12 years and over",Consultation with a health professional about emotional or mental health,12.3,,,percent,e,v111448506,2015,2016A000210,Percent,units
2015,2015,Newfoundland and Labrador,Males,"Total, 12 years and over","Positive mental health, flourishing",,170500.0,,,,v111448509,2015,2016A000210,Number,units
2015,2015,Newfoundland and Labrador,Males,"Total, 12 years and over","Positive mental health, flourishing",,,189900.0,,,v111448510,2015,2016A000210,Number,units
2015,2015,Newfoundland and Labrador,Males,"Total, 12 years and over","Positive mental health, flourishing",85.0,,,percent,,v111448511,2015,2016A000210,Percent,units
2015,2015,Newfoundland and Labrador,Males,"Total, 12 years and over","Positive mental health, flourishing",81.4,,,percent,,v111448512,2015,2016A000210,Percent,units
2015,2015,Newfoundland and Labrador,Males,"Total, 12 years and over","Positive mental health, flourishing",88.6,,,percent,,v111448513,2015,2016A000210,Percent,units
2015,2015,Newfoundland and Labrador,Males,"Total, 12 years and over",Suicidal thoughts (15 years and over),,10200.0,,,,v111448516,2015,2016A000210,Number,units
2015,2015,Newfoundland and Labrador,Males,"Total, 12 years and over",Suicidal thoughts (15 years and over),,,22000.0,,,v111448517,2015,2016A000210,Number,units
2015,2015,Newfoundland and Labrador,Males,"Total, 12 years and over",Suicidal thoughts (15 years and over),7.9,,,percent,e,v111448518,2015,2016A000210,Percent,units
2015,2015,Newfoundland and Labrador,Males,"Total, 12 years and over",Suicidal thoughts (15 years and over),5.0,,,percent,e,v111448519,2015,2016A000210,Percent,units
2015,2015,Newfoundland and Labrador,Males,"Total, 12 years and over",Suicidal thoughts (15 years and over),10.8,,,percent,e,v111448520,2015,2016A000210,Percent,units
2015,2015,Nova Scotia,Both sexes,12 to 17 years,Consultation with a health professional about emotional or mental health,,5500.0,,,,v111449300,2015,2016A000212,Number,units
2015,2015,Nova Scotia,Both sexes,12 to 17 years,Consultation with a health professional about emotional or mental health,,,12100.0,,,v111449301,2015,2016A000212,Number,units
2015,2015,Nova Scotia,Both sexes,12 to 17 years,Consultation with a health professional about emotional or mental health,16.1,,,percent,e,v111449302,2015,2016A000212,Percent,units
2015,2015,Nova Scotia,Both sexes,12 to 17 years,Consultation with a health professional about emotional or mental health,10.1,,,percent,e,v111449303,2015,2016A000212,Percent,units
2015,2015,Nova Scotia,Both sexes,12 to 17 years,Consultation with a health professional about emotional or mental health,22.1,,,percent,e,v111449304,2015,2016A000212,Percent,units
2015,2015,Nova Scotia,Both sexes,12 to 17 years,"Positive mental health, flourishing",,46700.0,,,,v111449307,2015,2016A000212,Number,units
2015,2015,Nova Scotia,Both sexes,12 to 17 years,"Positive mental health, flourishing",,,52500.0,,,v111449308,2015,2016A000212,Number,units
2015,2015,Nova Scotia,Both sexes,12 to 17 years,"Positive mental health, flourishing",90.6,,,percent,,v111449309,2015,2016A000212,Percent,units
2015,2015,Nova Scotia,Both sexes,12 to 17 years,"Positive mental health, flourishing",85.6,,,percent,,v111449310,2015,2016A000212,Percent,units
2015,2015,Nova Scotia,Both sexes,12 to 17 years,"Positive mental health, flourishing",95.5,,,percent,,v111449311,2015,2016A000212,Percent,units
2015,2015,Nova Scotia,Females,12 to 17 years,Consultation with a health professional about emotional or mental health,,2700.0,,,,v111449342,2015,2016A000212,Number,units
2015,2015,Nova Scotia,Females,12 to 17 years,Consultation with a health professional about emotional or mental health,,,7700.0,,,v111449343,2015,2016A000212,Number,units
2015,2015,Nova Scotia,Females,12 to 17 years,Consultation with a health professional about emotional or mental health,18.7,,,percent,e,v111449344,2015,2016A000212,Percent,units
2015,2015,Nova Scotia,Females,12 to 17 years,Consultation with a health professional about emotional or mental health,9.7,,,percent,e,v111449345,2015,2016A000212,Percent,units
2015,2015,Nova Scotia,Females,12 to 17 years,Consultation with a health professional about emotional or mental health,27.8,,,percent,e,v111449346,2015,2016A000212,Percent,units
2015,2015,Nova Scotia,Females,12 to 17 years,"Positive mental health, flourishing",,22200.0,,,,v111449349,2015,2016A000212,Number,units
2015,2015,Nova Scotia,Females,12 to 17 years,"Positive mental health, flourishing",,,27600.0,,,v111449350,2015,2016A000212,Number,units
2015,2015,Nova Scotia,Females,12 to 17 years,"Positive mental health, flourishing",90.1,,,percent,,v111449351,2015,2016A000212,Percent,units
2015,2015,Nova Scotia,Females,12 to 17 years,"Positive mental health, flourishing",83.2,,,percent,,v111449352,2015,2016A000212,Percent,units
2015,2015,Nova Scotia,Females,12 to 17 years,"Positive mental health, flourishing",97.1,,,percent,,v111449353,2015,2016A000212,Percent,units
2015,2015,Nova Scotia,Males,12 to 17 years,Consultation with a health professional about emotional or mental health,,1400.0,,,,v111449321,2015,2016A000212,Number,units
2015,2015,Nova Scotia,Males,12 to 17 years,Consultation with a health professional about emotional or mental health,,,5900.0,,,v111449322,2015,2016A000212,Number,units
2015,2015,Nova Scotia,Males,12 to 17 years,Consultation with a health professional about emotional or mental health,13.4,,,percent,e,v111449323,2015,2016A000212,Percent,units
2015,2015,Nova Scotia,Males,12 to 17 years,Consultation with a health professional about emotional or mental health,5.3,,,percent,e,v111449324,2015,2016A000212,Percent,units
2015,2015,Nova Scotia,Males,12 to 17 years,Consultation with a health professional about emotional or mental health,21.5,,,percent,e,v111449325,2015,2016A000212,Percent,units
2015,2015,Nova Scotia,Males,12 to 17 years,"Positive mental health, flourishing",,22200.0,,,,v111449328,2015,2016A000212,Number,units
2015,2015,Nova Scotia,Males,12 to 17 years,"Positive mental health, flourishing",,,27100.0,,,v111449329,2015,2016A000212,Number,units
2015,2015,Nova Scotia,Males,12 to 17 years,"Positive mental health, flourishing",91.0,,,percent,,v111449330,2015,2016A000212,Percent,units
2015,2015,Nova Scotia,Males,12 to 17 years,"Positive mental health, flourishing",84.1,,,percent,,v111449331,2015,2016A000212,Percent,units
2015,2015,Nova Scotia,Males,12 to 17 years,"Positive mental health, flourishing",97.9,,,percent,,v111449332,2015,2016A000212,Percent,units
2015,2015,Nova Scotia,Both sexes,18 to 34 years,Consultation with a health professional about emotional or mental health,,26300.0,,,,v111449363,2015,2016A000212,Number,units
2015,2015,Nova Scotia,Both sexes,18 to 34 years,Consultation with a health professional about emotional or mental health,,,47100.0,,,v111449364,2015,2016A000212,Number,units
2015,2015,Nova Scotia,Both sexes,18 to 34 years,Consultation with a health professional about emotional or mental health,19.4,,,percent,,v111449365,2015,2016A000212,Percent,units
2015,2015,Nova Scotia,Both sexes,18 to 34 years,Consultation with a health professional about emotional or mental health,13.9,,,percent,,v111449366,2015,2016A000212,Percent,units
2015,2015,Nova Scotia,Both sexes,18 to 34 years,Consultation with a health professional about emotional or mental health,24.9,,,percent,,v111449367,2015,2016A000212,Percent,units
2015,2015,Nova Scotia,Both sexes,18 to 34 years,"Positive mental health, flourishing",,139300.0,,,,v111449370,2015,2016A000212,Number,units
2015,2015,Nova Scotia,Both sexes,18 to 34 years,"Positive mental health, flourishing",,,162700.0,,,v111449371,2015,2016A000212,Number,units
2015,2015,Nova Scotia,Both sexes,18 to 34 years,"Positive mental health, flourishing",79.9,,,percent,,v111449372,2015,2016A000212,Percent,units
2015,2015,Nova Scotia,Both sexes,18 to 34 years,"Positive mental health, flourishing",73.7,,,percent,,v111449373,2015,2016A000212,Percent,units
2015,2015,Nova Scotia,Both sexes,18 to 34 years,"Positive mental health, flourishing",86.0,,,percent,,v111449374,2015,2016A000212,Percent,units
2015,2015,Nova Scotia,Both sexes,18 to 34 years,Suicidal thoughts (15 years and over),,18900.0,,,,v111449377,2015,2016A000212,Number,units
2015,2015,Nova Scotia,Both sexes,18 to 34 years,Suicidal thoughts (15 years and over),,,39200.0,,,v111449378,2015,2016A000212,Number,units
2015,2015,Nova Scotia,Both sexes,18 to 34 years,Suicidal thoughts (15 years and over),15.4,,,percent,e,v111449379,2015,2016A000212,Percent,units
2015,2015,Nova Scotia,Both sexes,18 to 34 years,Suicidal thoughts (15 years and over),10.0,,,percent,e,v111449380,2015,2016A000212,Percent,units
2015,2015,Nova Scotia,Both sexes,18 to 34 years,Suicidal thoughts (15 years and over),20.7,,,percent,e,v111449381,2015,2016A000212,Percent,units
2015,2015,Nova Scotia,Females,18 to 34 years,Consultation with a health professional about emotional or mental health,,14800.0,,,,v111449405,2015,2016A000212,Number,units
2015,2015,Nova Scotia,Females,18 to 34 years,Consultation with a health professional about emotional or mental health,,,31200.0,,,v111449406,2015,2016A000212,Number,units
2015,2015,Nova Scotia,Females,18 to 34 years,Consultation with a health professional about emotional or mental health,24.4,,,percent,e,v111449407,2015,2016A000212,Percent,units
2015,2015,Nova Scotia,Females,18 to 34 years,Consultation with a health professional about emotional or mental health,15.7,,,percent,e,v111449408,2015,2016A000212,Percent,units
2015,2015,Nova Scotia,Females,18 to 34 years,Consultation with a health professional about emotional or mental health,33.1,,,percent,e,v111449409,2015,2016A000212,Percent,units
2015,2015,Nova Scotia,Females,18 to 34 years,"Positive mental health, flourishing",,73600.0,,,,v111449412,2015,2016A000212,Number,units
2015,2015,Nova Scotia,Females,18 to 34 years,"Positive mental health, flourishing",,,87100.0,,,v111449413,2015,2016A000212,Number,units
2015,2015,Nova Scotia,Females,18 to 34 years,"Positive mental health, flourishing",85.2,,,percent,,v111449414,2015,2016A000212,Percent,units
2015,2015,Nova Scotia,Females,18 to 34 years,"Positive mental health, flourishing",78.2,,,percent,,v111449415,2015,2016A000212,Percent,units
2015,2015,Nova Scotia,Females,18 to 34 years,"Positive mental health, flourishing",92.3,,,percent,,v111449416,2015,2016A000212,Percent,units
2015,2015,Nova Scotia,Females,18 to 34 years,Suicidal thoughts (15 years and over),,6200.0,,,,v111449419,2015,2016A000212,Number,units
2015,2015,Nova Scotia,Females,18 to 34 years,Suicidal thoughts (15 years and over),,,20400.0,,,v111449420,2015,2016A000212,Number,units
2015,2015,Nova Scotia,Females,18 to 34 years,Suicidal thoughts (15 years and over),14.1,,,percent,e,v111449421,2015,2016A000212,Percent,units
2015,2015,Nova Scotia,Females,18 to 34 years,Suicidal thoughts (15 years and over),6.6,,,percent,e,v111449422,2015,2016A000212,Percent,units
2015,2015,Nova Scotia,Females,18 to 34 years,Suicidal thoughts (15 years and over),21.6,,,percent,e,v111449423,2015,2016A000212,Percent,units
2015,2015,Nova Scotia,Males,18 to 34 years,Consultation with a health professional about emotional or mental health,,6700.0,,,,v111449384,2015,2016A000212,Number,units
2015,2015,Nova Scotia,Males,18 to 34 years,Consultation with a health professional about emotional or mental health,,,20700.0,,,v111449385,2015,2016A000212,Number,units
2015,2015,Nova Scotia,Males,18 to 34 years,Consultation with a health professional about emotional or mental health,14.4,,,percent,e,v111449386,2015,2016A000212,Percent,units
2015,2015,Nova Scotia,Males,18 to 34 years,Consultation with a health professional about emotional or mental health,7.1,,,percent,e,v111449387,2015,2016A000212,Percent,units
2015,2015,Nova Scotia,Males,18 to 34 years,Consultation with a health professional about emotional or mental health,21.8,,,percent,e,v111449388,2015,2016A000212,Percent,units
2015,2015,Nova Scotia,Males,18 to 34 years,"Positive mental health, flourishing",,61300.0,,,,v111449391,2015,2016A000212,Number,units
2015,2015,Nova Scotia,Males,18 to 34 years,"Positive mental health, flourishing",,,80100.0,,,v111449392,2015,2016A000212,Number,units
2015,2015,Nova Scotia,Males,18 to 34 years,"Positive mental health, flourishing",74.5,,,percent,,v111449393,2015,2016A000212,Percent,units
2015,2015,Nova Scotia,Males,18 to 34 years,"Positive mental health, flourishing",64.7,,,percent,,v111449394,2015,2016A000212,Percent,units
2015,2015,Nova Scotia,Males,18 to 34 years,"Positive mental health, flourishing",84.4,,,percent,,v111449395,2015,2016A000212,Percent,units
2015,2015,Nova Scotia,Males,18 to 34 years,Suicidal thoughts (15 years and over),,8900.0,,,,v111449398,2015,2016A000212,Number,units
2015,2015,Nova Scotia,Males,18 to 34 years,Suicidal thoughts (15 years and over),,,22600.0,,,v111449399,2015,2016A000212,Number,units
2015,2015,Nova Scotia,Males,18 to 34 years,Suicidal thoughts (15 years and over),16.6,,,percent,e,v111449400,2015,2016A000212,Percent,units
2015,2015,Nova Scotia,Males,18 to 34 years,Suicidal thoughts (15 years and over),9.4,,,percent,e,v111449401,2015,2016A000212,Percent,units
2015,2015,Nova Scotia,Males,18 to 34 years,Suicidal thoughts (15 years and over),23.8,,,percent,e,v111449402,2015,2016A000212,Percent,units
2015,2015,Nova Scotia,Both sexes,35 to 49 years,Consultation with a health professional about emotional or mental health,,30400.0,,,,v111449426,2015,2016A000212,Number,units
2015,2015,Nova Scotia,Both sexes,35 to 49 years,Consultation with a health professional about emotional or mental health,,,47800.0,,,v111449427,2015,2016A000212,Number,units
2015,2015,Nova Scotia,Both sexes,35 to 49 years,Consultation with a health professional about emotional or mental health,22.6,,,percent,,v111449428,2015,2016A000212,Percent,units
2015,2015,Nova Scotia,Both sexes,35 to 49 years,Consultation with a health professional about emotional or mental health,17.6,,,percent,,v111449429,2015,2016A000212,Percent,units
2015,2015,Nova Scotia,Both sexes,35 to 49 years,Consultation with a health professional about emotional or mental health,27.7,,,percent,,v111449430,2015,2016A000212,Percent,units
2015,2015,Nova Scotia,Both sexes,35 to 49 years,"Positive mental health, flourishing",,136500.0,,,,v111449433,2015,2016A000212,Number,units
2015,2015,Nova Scotia,Both sexes,35 to 49 years,"Positive mental health, flourishing",,,152200.0,,,v111449434,2015,2016A000212,Number,units
2015,2015,Nova Scotia,Both sexes,35 to 49 years,"Positive mental health, flourishing",83.5,,,percent,,v111449435,2015,2016A000212,Percent,units
2015,2015,Nova Scotia,Both sexes,35 to 49 years,"Positive mental health, flourishing",79.1,,,percent,,v111449436,2015,2016A000212,Percent,units
2015,2015,Nova Scotia,Both sexes,35 to 49 years,"Positive mental health, flourishing",87.9,,,percent,,v111449437,2015,2016A000212,Percent,units
2015,2015,Nova Scotia,Both sexes,35 to 49 years,Suicidal thoughts (15 years and over),,15800.0,,,,v111449440,2015,2016A000212,Number,units
2015,2015,Nova Scotia,Both sexes,35 to 49 years,Suicidal thoughts (15 years and over),,,29800.0,,,v111449441,2015,2016A000212,Number,units
2015,2015,Nova Scotia,Both sexes,35 to 49 years,Suicidal thoughts (15 years and over),13.2,,,percent,e,v111449442,2015,2016A000212,Percent,units
2015,2015,Nova Scotia,Both sexes,35 to 49 years,Suicidal thoughts (15 years and over),9.1,,,percent,e,v111449443,2015,2016A000212,Percent,units
2015,2015,Nova Scotia,Both sexes,35 to 49 years,Suicidal thoughts (15 years and over),17.3,,,percent,e,v111449444,2015,2016A000212,Percent,units
2015,2015,Nova Scotia,Females,35 to 49 years,Consultation with a health professional about emotional or mental health,,19600.0,,,,v111449468,2015,2016A000212,Number,units
2015,2015,Nova Scotia,Females,35 to 49 years,Consultation with a health professional about emotional or mental health,,,33100.0,,,v111449469,2015,2016A000212,Number,units
2015,2015,Nova Scotia,Females,35 to 49 years,Consultation with a health professional about emotional or mental health,29.8,,,percent,,v111449470,2015,2016A000212,Percent,units
2015,2015,Nova Scotia,Females,35 to 49 years,Consultation with a health professional about emotional or mental health,22.2,,,percent,,v111449471,2015,2016A000212,Percent,units
2015,2015,Nova Scotia,Females,35 to 49 years,Consultation with a health professional about emotional or mental health,37.4,,,percent,,v111449472,2015,2016A000212,Percent,units
2015,2015,Nova Scotia,Females,35 to 49 years,"Positive mental health, flourishing",,68000.0,,,,v111449475,2015,2016A000212,Number,units
2015,2015,Nova Scotia,Females,35 to 49 years,"Positive mental health, flourishing",,,80000.0,,,v111449476,2015,2016A000212,Number,units
2015,2015,Nova Scotia,Females,35 to 49 years,"Positive mental health, flourishing",83.5,,,percent,,v111449477,2015,2016A000212,Percent,units
2015,2015,Nova Scotia,Females,35 to 49 years,"Positive mental health, flourishing",77.1,,,percent,,v111449478,2015,2016A000212,Percent,units
2015,2015,Nova Scotia,Females,35 to 49 years,"Positive mental health, flourishing",89.8,,,percent,,v111449479,2015,2016A000212,Percent,units
2015,2015,Nova Scotia,Females,35 to 49 years,Suicidal thoughts (15 years and over),,6100.0,,,,v111449482,2015,2016A000212,Number,units
2015,2015,Nova Scotia,Females,35 to 49 years,Suicidal thoughts (15 years and over),,,14700.0,,,v111449483,2015,2016A000212,Number,units
2015,2015,Nova Scotia,Females,35 to 49 years,Suicidal thoughts (15 years and over),11.7,,,percent,e,v111449484,2015,2016A000212,Percent,units
2015,2015,Nova Scotia,Females,35 to 49 years,Suicidal thoughts (15 years and over),6.9,,,percent,e,v111449485,2015,2016A000212,Percent,units
2015,2015,Nova Scotia,Females,35 to 49 years,Suicidal thoughts (15 years and over),16.6,,,percent,e,v111449486,2015,2016A000212,Percent,units
2015,2015,Nova Scotia,Males,35 to 49 years,Consultation with a health professional about emotional or mental health,,6700.0,,,,v111449447,2015,2016A000212,Number,units
2015,2015,Nova Scotia,Males,35 to 49 years,Consultation with a health professional about emotional or mental health,,,18700.0,,,v111449448,2015,2016A000212,Number,units
2015,2015,Nova Scotia,Males,35 to 49 years,Consultation with a health professional about emotional or mental health,15.1,,,percent,e,v111449449,2015,2016A000212,Percent,units
2015,2015,Nova Scotia,Males,35 to 49 years,Consultation with a health professional about emotional or mental health,8.0,,,percent,e,v111449450,2015,2016A000212,Percent,units
2015,2015,Nova Scotia,Males,35 to 49 years,Consultation with a health professional about emotional or mental health,22.2,,,percent,e,v111449451,2015,2016A000212,Percent,units
2015,2015,Nova Scotia,Males,35 to 49 years,"Positive mental health, flourishing",,64500.0,,,,v111449454,2015,2016A000212,Number,units
2015,2015,Nova Scotia,Males,35 to 49 years,"Positive mental health, flourishing",,,76100.0,,,v111449455,2015,2016A000212,Number,units
2015,2015,Nova Scotia,Males,35 to 49 years,"Positive mental health, flourishing",83.6,,,percent,,v111449456,2015,2016A000212,Percent,units
2015,2015,Nova Scotia,Males,35 to 49 years,"Positive mental health, flourishing",76.7,,,percent,,v111449457,2015,2016A000212,Percent,units
2015,2015,Nova Scotia,Males,35 to 49 years,"Positive mental health, flourishing",90.5,,,percent,,v111449458,2015,2016A000212,Percent,units
2015,2015,Nova Scotia,Males,35 to 49 years,Suicidal thoughts (15 years and over),,7000.0,,,,v111449461,2015,2016A000212,Number,units
2015,2015,Nova Scotia,Males,35 to 49 years,Suicidal thoughts (15 years and over),,,17800.0,,,v111449462,2015,2016A000212,Number,units
2015,2015,Nova Scotia,Males,35 to 49 years,Suicidal thoughts (15 years and over),14.8,,,percent,e,v111449463,2015,2016A000212,Percent,units
2015,2015,Nova Scotia,Males,35 to 49 years,Suicidal thoughts (15 years and over),8.3,,,percent,e,v111449464,2015,2016A000212,Percent,units
2015,2015,Nova Scotia,Males,35 to 49 years,Suicidal thoughts (15 years and over),21.2,,,percent,e,v111449465,2015,2016A000212,Percent,units
2015,2015,Nova Scotia,Both sexes,50 to 64 years,Consultation with a health professional about emotional or mental health,,25100.0,,,,v111449489,2015,2016A000212,Number,units
2015,2015,Nova Scotia,Both sexes,50 to 64 years,Consultation with a health professional about emotional or mental health,,,41800.0,,,v111449490,2015,2016A000212,Number,units
2015,2015,Nova Scotia,Both sexes,50 to 64 years,Consultation with a health professional about emotional or mental health,15.6,,,percent,,v111449491,2015,2016A000212,Percent,units
2015,2015,Nova Scotia,Both sexes,50 to 64 years,Consultation with a health professional about emotional or mental health,11.7,,,percent,,v111449492,2015,2016A000212,Percent,units
2015,2015,Nova Scotia,Both sexes,50 to 64 years,Consultation with a health professional about emotional or mental health,19.5,,,percent,,v111449493,2015,2016A000212,Percent,units
2015,2015,Nova Scotia,Both sexes,50 to 64 years,"Positive mental health, flourishing",,166600.0,,,,v111449496,2015,2016A000212,Number,units
2015,2015,Nova Scotia,Both sexes,50 to 64 years,"Positive mental health, flourishing",,,185400.0,,,v111449497,2015,2016A000212,Number,units
2015,2015,Nova Scotia,Both sexes,50 to 64 years,"Positive mental health, flourishing",82.2,,,percent,,v111449498,2015,2016A000212,Percent,units
2015,2015,Nova Scotia,Both sexes,50 to 64 years,"Positive mental health, flourishing",78.1,,,percent,,v111449499,2015,2016A000212,Percent,units
2015,2015,Nova Scotia,Both sexes,50 to 64 years,"Positive mental health, flourishing",86.4,,,percent,,v111449500,2015,2016A000212,Percent,units
2015,2015,Nova Scotia,Both sexes,50 to 64 years,Suicidal thoughts (15 years and over),,14200.0,,,,v111449503,2015,2016A000212,Number,units
2015,2015,Nova Scotia,Both sexes,50 to 64 years,Suicidal thoughts (15 years and over),,,26600.0,,,v111449504,2015,2016A000212,Number,units
2015,2015,Nova Scotia,Both sexes,50 to 64 years,Suicidal thoughts (15 years and over),9.6,,,percent,e,v111449505,2015,2016A000212,Percent,units
2015,2015,Nova Scotia,Both sexes,50 to 64 years,Suicidal thoughts (15 years and over),6.7,,,percent,e,v111449506,2015,2016A000212,Percent,units
2015,2015,Nova Scotia,Both sexes,50 to 64 years,Suicidal thoughts (15 years and over),12.5,,,percent,e,v111449507,2015,2016A000212,Percent,units
2015,2015,Nova Scotia,Females,50 to 64 years,Consultation with a health professional about emotional or mental health,,19300.0,,,,v111449531,2015,2016A000212,Number,units
2015,2015,Nova Scotia,Females,50 to 64 years,Consultation with a health professional about emotional or mental health,,,34400.0,,,v111449532,2015,2016A000212,Number,units
2015,2015,Nova Scotia,Females,50 to 64 years,Consultation with a health professional about emotional or mental health,23.8,,,percent,,v111449533,2015,2016A000212,Percent,units
2015,2015,Nova Scotia,Females,50 to 64 years,Consultation with a health professional about emotional or mental health,17.2,,,percent,,v111449534,2015,2016A000212,Percent,units
2015,2015,Nova Scotia,Females,50 to 64 years,Consultation with a health professional about emotional or mental health,30.5,,,percent,,v111449535,2015,2016A000212,Percent,units
2015,2015,Nova Scotia,Females,50 to 64 years,"Positive mental health, flourishing",,88700.0,,,,v111449538,2015,2016A000212,Number,units
2015,2015,Nova Scotia,Females,50 to 64 years,"Positive mental health, flourishing",,,101000.0,,,v111449539,2015,2016A000212,Number,units
2015,2015,Nova Scotia,Females,50 to 64 years,"Positive mental health, flourishing",84.8,,,percent,,v111449540,2015,2016A000212,Percent,units
2015,2015,Nova Scotia,Females,50 to 64 years,"Positive mental health, flourishing",79.3,,,percent,,v111449541,2015,2016A000212,Percent,units
2015,2015,Nova Scotia,Females,50 to 64 years,"Positive mental health, flourishing",90.2,,,percent,,v111449542,2015,2016A000212,Percent,units
2015,2015,Nova Scotia,Females,50 to 64 years,Suicidal thoughts (15 years and over),,8300.0,,,,v111449545,2015,2016A000212,Number,units
2015,2015,Nova Scotia,Females,50 to 64 years,Suicidal thoughts (15 years and over),,,18800.0,,,v111449546,2015,2016A000212,Number,units
2015,2015,Nova Scotia,Females,50 to 64 years,Suicidal thoughts (15 years and over),12.2,,,percent,e,v111449547,2015,2016A000212,Percent,units
2015,2015,Nova Scotia,Females,50 to 64 years,Suicidal thoughts (15 years and over),7.5,,,percent,e,v111449548,2015,2016A000212,Percent,units
2015,2015,Nova Scotia,Females,50 to 64 years,Suicidal thoughts (15 years and over),16.9,,,percent,e,v111449549,2015,2016A000212,Percent,units
2015,2015,Nova Scotia,Males,50 to 64 years,Consultation with a health professional about emotional or mental health,,3200.0,,,,v111449510,2015,2016A000212,Number,units
2015,2015,Nova Scotia,Males,50 to 64 years,Consultation with a health professional about emotional or mental health,,,10000.0,,,v111449511,2015,2016A000212,Number,units
2015,2015,Nova Scotia,Males,50 to 64 years,Consultation with a health professional about emotional or mental health,6.5,,,percent,e,v111449512,2015,2016A000212,Percent,units
2015,2015,Nova Scotia,Males,50 to 64 years,Consultation with a health professional about emotional or mental health,3.1,,,percent,e,v111449513,2015,2016A000212,Percent,units
2015,2015,Nova Scotia,Males,50 to 64 years,Consultation with a health professional about emotional or mental health,9.8,,,percent,e,v111449514,2015,2016A000212,Percent,units
2015,2015,Nova Scotia,Males,50 to 64 years,"Positive mental health, flourishing",,74100.0,,,,v111449517,2015,2016A000212,Number,units
2015,2015,Nova Scotia,Males,50 to 64 years,"Positive mental health, flourishing",,,88300.0,,,v111449518,2015,2016A000212,Number,units
2015,2015,Nova Scotia,Males,50 to 64 years,"Positive mental health, flourishing",79.5,,,percent,,v111449519,2015,2016A000212,Percent,units
2015,2015,Nova Scotia,Males,50 to 64 years,"Positive mental health, flourishing",72.9,,,percent,,v111449520,2015,2016A000212,Percent,units
2015,2015,Nova Scotia,Males,50 to 64 years,"Positive mental health, flourishing",86.1,,,percent,,v111449521,2015,2016A000212,Percent,units
2015,2015,Nova Scotia,Males,50 to 64 years,Suicidal thoughts (15 years and over),,3400.0,,,,v111449524,2015,2016A000212,Number,units
2015,2015,Nova Scotia,Males,50 to 64 years,Suicidal thoughts (15 years and over),,,10500.0,,,v111449525,2015,2016A000212,Number,units
2015,2015,Nova Scotia,Males,50 to 64 years,Suicidal thoughts (15 years and over),6.8,,,percent,e,v111449526,2015,2016A000212,Percent,units
2015,2015,Nova Scotia,Males,50 to 64 years,Suicidal thoughts (15 years and over),3.3,,,percent,e,v111449527,2015,2016A000212,Percent,units
2015,2015,Nova Scotia,Males,50 to 64 years,Suicidal thoughts (15 years and over),10.3,,,percent,e,v111449528,2015,2016A000212,Percent,units
2015,2015,Nova Scotia,Both sexes,65 years and over,Consultation with a health professional about emotional or mental health,,7100.0,,,,v111449552,2015,2016A000212,Number,units
2015,2015,Nova Scotia,Both sexes,65 years and over,Consultation with a health professional about emotional or mental health,,,15000.0,,,v111449553,2015,2016A000212,Number,units
2015,2015,Nova Scotia,Both sexes,65 years and over,Consultation with a health professional about emotional or mental health,7.0,,,percent,e,v111449554,2015,2016A000212,Percent,units
2015,2015,Nova Scotia,Both sexes,65 years and over,Consultation with a health professional about emotional or mental health,4.6,,,percent,e,v111449555,2015,2016A000212,Percent,units
2015,2015,Nova Scotia,Both sexes,65 years and over,Consultation with a health professional about emotional or mental health,9.5,,,percent,e,v111449556,2015,2016A000212,Percent,units
2015,2015,Nova Scotia,Both sexes,65 years and over,"Positive mental health, flourishing",,123300.0,,,,v111449559,2015,2016A000212,Number,units
2015,2015,Nova Scotia,Both sexes,65 years and over,"Positive mental health, flourishing",,,135700.0,,,v111449560,2015,2016A000212,Number,units
2015,2015,Nova Scotia,Both sexes,65 years and over,"Positive mental health, flourishing",82.1,,,percent,,v111449561,2015,2016A000212,Percent,units
2015,2015,Nova Scotia,Both sexes,65 years and over,"Positive mental health, flourishing",78.7,,,percent,,v111449562,2015,2016A000212,Percent,units
2015,2015,Nova Scotia,Both sexes,65 years and over,"Positive mental health, flourishing",85.5,,,percent,,v111449563,2015,2016A000212,Percent,units
2015,2015,Nova Scotia,Both sexes,65 years and over,Suicidal thoughts (15 years and over),,9500.0,,,,v111449566,2015,2016A000212,Number,units
2015,2015,Nova Scotia,Both sexes,65 years and over,Suicidal thoughts (15 years and over),,,18200.0,,,v111449567,2015,2016A000212,Number,units
2015,2015,Nova Scotia,Both sexes,65 years and over,Suicidal thoughts (15 years and over),8.8,,,percent,e,v111449568,2015,2016A000212,Percent,units
2015,2015,Nova Scotia,Both sexes,65 years and over,Suicidal thoughts (15 years and over),6.1,,,percent,e,v111449569,2015,2016A000212,Percent,units
2015,2015,Nova Scotia,Both sexes,65 years and over,Suicidal thoughts (15 years and over),11.5,,,percent,e,v111449570,2015,2016A000212,Percent,units
2015,2015,Nova Scotia,Females,65 years and over,Consultation with a health professional about emotional or mental health,,4100.0,,,,v111449594,2015,2016A000212,Number,units
2015,2015,Nova Scotia,Females,65 years and over,Consultation with a health professional about emotional or mental health,,,10500.0,,,v111449595,2015,2016A000212,Number,units
2015,2015,Nova Scotia,Females,65 years and over,Consultation with a health professional about emotional or mental health,8.2,,,percent,e,v111449596,2015,2016A000212,Percent,units
2015,2015,Nova Scotia,Females,65 years and over,Consultation with a health professional about emotional or mental health,4.6,,,percent,e,v111449597,2015,2016A000212,Percent,units
2015,2015,Nova Scotia,Females,65 years and over,Consultation with a health professional about emotional or mental health,11.8,,,percent,e,v111449598,2015,2016A000212,Percent,units
2015,2015,Nova Scotia,Females,65 years and over,"Positive mental health, flourishing",,66700.0,,,,v111449601,2015,2016A000212,Number,units
2015,2015,Nova Scotia,Females,65 years and over,"Positive mental health, flourishing",,,76100.0,,,v111449602,2015,2016A000212,Number,units
2015,2015,Nova Scotia,Females,65 years and over,"Positive mental health, flourishing",80.5,,,percent,,v111449603,2015,2016A000212,Percent,units
2015,2015,Nova Scotia,Females,65 years and over,"Positive mental health, flourishing",75.6,,,percent,,v111449604,2015,2016A000212,Percent,units
2015,2015,Nova Scotia,Females,65 years and over,"Positive mental health, flourishing",85.4,,,percent,,v111449605,2015,2016A000212,Percent,units
2015,2015,Nova Scotia,Females,65 years and over,Suicidal thoughts (15 years and over),,3700.0,,,,v111449608,2015,2016A000212,Number,units
2015,2015,Nova Scotia,Females,65 years and over,Suicidal thoughts (15 years and over),,,10000.0,,,v111449609,2015,2016A000212,Number,units
2015,2015,Nova Scotia,Females,65 years and over,Suicidal thoughts (15 years and over),7.7,,,percent,e,v111449610,2015,2016A000212,Percent,units
2015,2015,Nova Scotia,Females,65 years and over,Suicidal thoughts (15 years and over),4.2,,,percent,e,v111449611,2015,2016A000212,Percent,units
2015,2015,Nova Scotia,Females,65 years and over,Suicidal thoughts (15 years and over),11.2,,,percent,e,v111449612,2015,2016A000212,Percent,units
2015,2015,Nova Scotia,Males,65 years and over,Consultation with a health professional about emotional or mental health,,1400.0,,,,v111449573,2015,2016A000212,Number,units
2015,2015,Nova Scotia,Males,65 years and over,Consultation with a health professional about emotional or mental health,,,6200.0,,,v111449574,2015,2016A000212,Number,units
2015,2015,Nova Scotia,Males,65 years and over,Consultation with a health professional about emotional or mental health,5.5,,,percent,e,v111449575,2015,2016A000212,Percent,units
2015,2015,Nova Scotia,Males,65 years and over,Consultation with a health professional about emotional or mental health,2.1,,,percent,e,v111449576,2015,2016A000212,Percent,units
2015,2015,Nova Scotia,Males,65 years and over,Consultation with a health professional about emotional or mental health,8.9,,,percent,e,v111449577,2015,2016A000212,Percent,units
2015,2015,Nova Scotia,Males,65 years and over,"Positive mental health, flourishing",,53600.0,,,,v111449580,2015,2016A000212,Number,units
2015,2015,Nova Scotia,Males,65 years and over,"Positive mental health, flourishing",,,62500.0,,,v111449581,2015,2016A000212,Number,units
2015,2015,Nova Scotia,Males,65 years and over,"Positive mental health, flourishing",84.2,,,percent,,v111449582,2015,2016A000212,Percent,units
2015,2015,Nova Scotia,Males,65 years and over,"Positive mental health, flourishing",79.3,,,percent,,v111449583,2015,2016A000212,Percent,units
2015,2015,Nova Scotia,Males,65 years and over,"Positive mental health, flourishing",89.1,,,percent,,v111449584,2015,2016A000212,Percent,units
2015,2015,Nova Scotia,Males,65 years and over,Suicidal thoughts (15 years and over),,3800.0,,,,v111449587,2015,2016A000212,Number,units
2015,2015,Nova Scotia,Males,65 years and over,Suicidal thoughts (15 years and over),,,10100.0,,,v111449588,2015,2016A000212,Number,units
2015,2015,Nova Scotia,Males,65 years and over,Suicidal thoughts (15 years and over),10.2,,,percent,e,v111449589,2015,2016A000212,Percent,units
2015,2015,Nova Scotia,Males,65 years and over,Suicidal thoughts (15 years and over),5.7,,,percent,e,v111449590,2015,2016A000212,Percent,units
2015,2015,Nova Scotia,Males,65 years and over,Suicidal thoughts (15 years and over),14.7,,,percent,e,v111449591,2015,2016A000212,Percent,units
2015,2015,Nova Scotia,Both sexes,"Total, 12 years and over",Consultation with a health professional about emotional or mental health,,112500.0,,,,v111449237,2015,2016A000212,Number,units
2015,2015,Nova Scotia,Both sexes,"Total, 12 years and over",Consultation with a health professional about emotional or mental health,,,145800.0,,,v111449238,2015,2016A000212,Number,units
2015,2015,Nova Scotia,Both sexes,"Total, 12 years and over",Consultation with a health professional about emotional or mental health,16.4,,,percent,,v111449239,2015,2016A000212,Percent,units
2015,2015,Nova Scotia,Both sexes,"Total, 12 years and over",Consultation with a health professional about emotional or mental health,14.3,,,percent,,v111449240,2015,2016A000212,Percent,units
2015,2015,Nova Scotia,Both sexes,"Total, 12 years and over",Consultation with a health professional about emotional or mental health,18.5,,,percent,,v111449241,2015,2016A000212,Percent,units
2015,2015,Nova Scotia,Both sexes,"Total, 12 years and over","Positive mental health, flourishing",,632500.0,,,,v111449244,2015,2016A000212,Number,units
2015,2015,Nova Scotia,Both sexes,"Total, 12 years and over","Positive mental health, flourishing",,,668500.0,,,v111449245,2015,2016A000212,Number,units
2015,2015,Nova Scotia,Both sexes,"Total, 12 years and over","Positive mental health, flourishing",82.5,,,percent,,v111449246,2015,2016A000212,Percent,units
2015,2015,Nova Scotia,Both sexes,"Total, 12 years and over","Positive mental health, flourishing",80.3,,,percent,,v111449247,2015,2016A000212,Percent,units
2015,2015,Nova Scotia,Both sexes,"Total, 12 years and over","Positive mental health, flourishing",84.7,,,percent,,v111449248,2015,2016A000212,Percent,units
2015,2015,Nova Scotia,Both sexes,"Total, 12 years and over",Suicidal thoughts (15 years and over),,73200.0,,,,v111449251,2015,2016A000212,Number,units
2015,2015,Nova Scotia,Both sexes,"Total, 12 years and over",Suicidal thoughts (15 years and over),,,102400.0,,,v111449252,2015,2016A000212,Number,units
2015,2015,Nova Scotia,Both sexes,"Total, 12 years and over",Suicidal thoughts (15 years and over),11.5,,,percent,,v111449253,2015,2016A000212,Percent,units
2015,2015,Nova Scotia,Both sexes,"Total, 12 years and over",Suicidal thoughts (15 years and over),9.6,,,percent,,v111449254,2015,2016A000212,Percent,units
2015,2015,Nova Scotia,Both sexes,"Total, 12 years and over",Suicidal thoughts (15 years and over),13.5,,,percent,,v111449255,2015,2016A000212,Percent,units
2015,2015,Nova Scotia,Females,"Total, 12 years and over",Consultation with a health professional about emotional or mental health,,74000.0,,,,v111449279,2015,2016A000212,Number,units
2015,2015,Nova Scotia,Females,"Total, 12 years and over",Consultation with a health professional about emotional or mental health,,,103400.0,,,v111449280,2015,2016A000212,Number,units
2015,2015,Nova Scotia,Females,"Total, 12 years and over",Consultation with a health professional about emotional or mental health,21.5,,,percent,,v111449281,2015,2016A000212,Percent,units
2015,2015,Nova Scotia,Females,"Total, 12 years and over",Consultation with a health professional about emotional or mental health,18.0,,,percent,,v111449282,2015,2016A000212,Percent,units
2015,2015,Nova Scotia,Females,"Total, 12 years and over",Consultation with a health professional about emotional or mental health,25.1,,,percent,,v111449283,2015,2016A000212,Percent,units
2015,2015,Nova Scotia,Females,"Total, 12 years and over","Positive mental health, flourishing",,332800.0,,,,v111449286,2015,2016A000212,Number,units
2015,2015,Nova Scotia,Females,"Total, 12 years and over","Positive mental health, flourishing",,,358400.0,,,v111449287,2015,2016A000212,Number,units
2015,2015,Nova Scotia,Females,"Total, 12 years and over","Positive mental health, flourishing",84.0,,,percent,,v111449288,2015,2016A000212,Percent,units
2015,2015,Nova Scotia,Females,"Total, 12 years and over","Positive mental health, flourishing",81.1,,,percent,,v111449289,2015,2016A000212,Percent,units
2015,2015,Nova Scotia,Females,"Total, 12 years and over","Positive mental health, flourishing",87.0,,,percent,,v111449290,2015,2016A000212,Percent,units
2015,2015,Nova Scotia,Females,"Total, 12 years and over",Suicidal thoughts (15 years and over),,34500.0,,,,v111449293,2015,2016A000212,Number,units
2015,2015,Nova Scotia,Females,"Total, 12 years and over",Suicidal thoughts (15 years and over),,,56000.0,,,v111449294,2015,2016A000212,Number,units
2015,2015,Nova Scotia,Females,"Total, 12 years and over",Suicidal thoughts (15 years and over),11.3,,,percent,,v111449295,2015,2016A000212,Percent,units
2015,2015,Nova Scotia,Females,"Total, 12 years and over",Suicidal thoughts (15 years and over),8.6,,,percent,,v111449296,2015,2016A000212,Percent,units
2015,2015,Nova Scotia,Females,"Total, 12 years and over",Suicidal thoughts (15 years and over),14.0,,,percent,,v111449297,2015,2016A000212,Percent,units
2015,2015,Nova Scotia,Males,"Total, 12 years and over",Consultation with a health professional about emotional or mental health,,30300.0,,,,v111449258,2015,2016A000212,Number,units
2015,2015,Nova Scotia,Males,"Total, 12 years and over",Consultation with a health professional about emotional or mental health,,,50500.0,,,v111449259,2015,2016A000212,Number,units
2015,2015,Nova Scotia,Males,"Total, 12 years and over",Consultation with a health professional about emotional or mental health,10.7,,,percent,,v111449260,2015,2016A000212,Percent,units
2015,2015,Nova Scotia,Males,"Total, 12 years and over",Consultation with a health professional about emotional or mental health,8.0,,,percent,,v111449261,2015,2016A000212,Percent,units
2015,2015,Nova Scotia,Males,"Total, 12 years and over",Consultation with a health professional about emotional or mental health,13.4,,,percent,,v111449262,2015,2016A000212,Percent,units
2015,2015,Nova Scotia,Males,"Total, 12 years and over","Positive mental health, flourishing",,291400.0,,,,v111449265,2015,2016A000212,Number,units
2015,2015,Nova Scotia,Males,"Total, 12 years and over","Positive mental health, flourishing",,,318400.0,,,v111449266,2015,2016A000212,Number,units
2015,2015,Nova Scotia,Males,"Total, 12 years and over","Positive mental health, flourishing",80.8,,,percent,,v111449267,2015,2016A000212,Percent,units
2015,2015,Nova Scotia,Males,"Total, 12 years and over","Positive mental health, flourishing",77.5,,,percent,,v111449268,2015,2016A000212,Percent,units
2015,2015,Nova Scotia,Males,"Total, 12 years and over","Positive mental health, flourishing",84.2,,,percent,,v111449269,2015,2016A000212,Percent,units
2015,2015,Nova Scotia,Males,"Total, 12 years and over",Suicidal thoughts (15 years and over),,32500.0,,,,v111449272,2015,2016A000212,Number,units
2015,2015,Nova Scotia,Males,"Total, 12 years and over",Suicidal thoughts (15 years and over),,,52700.0,,,v111449273,2015,2016A000212,Number,units
2015,2015,Nova Scotia,Males,"Total, 12 years and over",Suicidal thoughts (15 years and over),11.8,,,percent,,v111449274,2015,2016A000212,Percent,units
2015,2015,Nova Scotia,Males,"Total, 12 years and over",Suicidal thoughts (15 years and over),9.0,,,percent,,v111449275,2015,2016A000212,Percent,units
2015,2015,Nova Scotia,Males,"Total, 12 years and over",Suicidal thoughts (15 years and over),14.6,,,percent,,v111449276,2015,2016A000212,Percent,units
2015,2015,Ontario,Both sexes,12 to 17 years,Consultation with a health professional about emotional or mental health,,71600.0,,,,v111450434,2015,2016A000235,Number,units
2015,2015,Ontario,Both sexes,12 to 17 years,Consultation with a health professional about emotional or mental health,,,117900.0,,,v111450435,2015,2016A000235,Number,units
2015,2015,Ontario,Both sexes,12 to 17 years,Consultation with a health professional about emotional or mental health,11.1,,,percent,,v111450436,2015,2016A000235,Percent,units
2015,2015,Ontario,Both sexes,12 to 17 years,Consultation with a health professional about emotional or mental health,8.4,,,percent,,v111450437,2015,2016A000235,Percent,units
2015,2015,Ontario,Both sexes,12 to 17 years,Consultation with a health professional about emotional or mental health,13.8,,,percent,,v111450438,2015,2016A000235,Percent,units
2015,2015,Ontario,Both sexes,12 to 17 years,"Positive mental health, flourishing",,700500.0,,,,v111450441,2015,2016A000235,Number,units
2015,2015,Ontario,Both sexes,12 to 17 years,"Positive mental health, flourishing",,,760000.0,,,v111450442,2015,2016A000235,Number,units
2015,2015,Ontario,Both sexes,12 to 17 years,"Positive mental health, flourishing",85.1,,,percent,,v111450443,2015,2016A000235,Percent,units
2015,2015,Ontario,Both sexes,12 to 17 years,"Positive mental health, flourishing",82.3,,,percent,,v111450444,2015,2016A000235,Percent,units
2015,2015,Ontario,Both sexes,12 to 17 years,"Positive mental health, flourishing",87.9,,,percent,,v111450445,2015,2016A000235,Percent,units
2015,2015,Ontario,Both sexes,12 to 17 years,Suicidal thoughts (15 years and over),,28700.0,,,,v111450448,2015,2016A000235,Number,units
2015,2015,Ontario,Both sexes,12 to 17 years,Suicidal thoughts (15 years and over),,,52400.0,,,v111450449,2015,2016A000235,Number,units
2015,2015,Ontario,Both sexes,12 to 17 years,Suicidal thoughts (15 years and over),9.0,,,percent,,v111450450,2015,2016A000235,Percent,units
2015,2015,Ontario,Both sexes,12 to 17 years,Suicidal thoughts (15 years and over),6.4,,,percent,,v111450451,2015,2016A000235,Percent,units
2015,2015,Ontario,Both sexes,12 to 17 years,Suicidal thoughts (15 years and over),11.6,,,percent,,v111450452,2015,2016A000235,Percent,units
2015,2015,Ontario,Females,12 to 17 years,Consultation with a health professional about emotional or mental health,,41200.0,,,,v111450476,2015,2016A000235,Number,units
2015,2015,Ontario,Females,12 to 17 years,Consultation with a health professional about emotional or mental health,,,74300.0,,,v111450477,2015,2016A000235,Number,units
2015,2015,Ontario,Females,12 to 17 years,Consultation with a health professional about emotional or mental health,13.7,,,percent,,v111450478,2015,2016A000235,Percent,units
2015,2015,Ontario,Females,12 to 17 years,Consultation with a health professional about emotional or mental health,9.8,,,percent,,v111450479,2015,2016A000235,Percent,units
2015,2015,Ontario,Females,12 to 17 years,Consultation with a health professional about emotional or mental health,17.6,,,percent,,v111450480,2015,2016A000235,Percent,units
2015,2015,Ontario,Females,12 to 17 years,"Positive mental health, flourishing",,324100.0,,,,v111450483,2015,2016A000235,Number,units
2015,2015,Ontario,Females,12 to 17 years,"Positive mental health, flourishing",,,366000.0,,,v111450484,2015,2016A000235,Number,units
2015,2015,Ontario,Females,12 to 17 years,"Positive mental health, flourishing",81.9,,,percent,,v111450485,2015,2016A000235,Percent,units
2015,2015,Ontario,Females,12 to 17 years,"Positive mental health, flourishing",77.6,,,percent,,v111450486,2015,2016A000235,Percent,units
2015,2015,Ontario,Females,12 to 17 years,"Positive mental health, flourishing",86.3,,,percent,,v111450487,2015,2016A000235,Percent,units
2015,2015,Ontario,Females,12 to 17 years,Suicidal thoughts (15 years and over),,15100.0,,,,v111450490,2015,2016A000235,Number,units
2015,2015,Ontario,Females,12 to 17 years,Suicidal thoughts (15 years and over),,,33600.0,,,v111450491,2015,2016A000235,Number,units
2015,2015,Ontario,Females,12 to 17 years,Suicidal thoughts (15 years and over),11.3,,,percent,e,v111450492,2015,2016A000235,Percent,units
2015,2015,Ontario,Females,12 to 17 years,Suicidal thoughts (15 years and over),7.0,,,percent,e,v111450493,2015,2016A000235,Percent,units
2015,2015,Ontario,Females,12 to 17 years,Suicidal thoughts (15 years and over),15.5,,,percent,e,v111450494,2015,2016A000235,Percent,units
2015,2015,Ontario,Males,12 to 17 years,Consultation with a health professional about emotional or mental health,,20600.0,,,,v111450455,2015,2016A000235,Number,units
2015,2015,Ontario,Males,12 to 17 years,Consultation with a health professional about emotional or mental health,,,53400.0,,,v111450456,2015,2016A000235,Number,units
2015,2015,Ontario,Males,12 to 17 years,Consultation with a health professional about emotional or mental health,8.6,,,percent,e,v111450457,2015,2016A000235,Percent,units
2015,2015,Ontario,Males,12 to 17 years,Consultation with a health professional about emotional or mental health,4.8,,,percent,e,v111450458,2015,2016A000235,Percent,units
2015,2015,Ontario,Males,12 to 17 years,Consultation with a health professional about emotional or mental health,12.3,,,percent,e,v111450459,2015,2016A000235,Percent,units
2015,2015,Ontario,Males,12 to 17 years,"Positive mental health, flourishing",,364900.0,,,,v111450462,2015,2016A000235,Number,units
2015,2015,Ontario,Males,12 to 17 years,"Positive mental health, flourishing",,,405500.0,,,v111450463,2015,2016A000235,Number,units
2015,2015,Ontario,Males,12 to 17 years,"Positive mental health, flourishing",88.2,,,percent,,v111450464,2015,2016A000235,Percent,units
2015,2015,Ontario,Males,12 to 17 years,"Positive mental health, flourishing",84.6,,,percent,,v111450465,2015,2016A000235,Percent,units
2015,2015,Ontario,Males,12 to 17 years,"Positive mental health, flourishing",91.8,,,percent,,v111450466,2015,2016A000235,Percent,units
2015,2015,Ontario,Males,12 to 17 years,Suicidal thoughts (15 years and over),,8600.0,,,,v111450469,2015,2016A000235,Number,units
2015,2015,Ontario,Males,12 to 17 years,Suicidal thoughts (15 years and over),,,23800.0,,,v111450470,2015,2016A000235,Number,units
2015,2015,Ontario,Males,12 to 17 years,Suicidal thoughts (15 years and over),6.9,,,percent,e,v111450471,2015,2016A000235,Percent,units
2015,2015,Ontario,Males,12 to 17 years,Suicidal thoughts (15 years and over),3.8,,,percent,e,v111450472,2015,2016A000235,Percent,units
2015,2015,Ontario,Males,12 to 17 years,Suicidal thoughts (15 years and over),10.1,,,percent,e,v111450473,2015,2016A000235,Percent,units
2015,2015,Ontario,Both sexes,18 to 34 years,Consultation with a health professional about emotional or mental health,,450100.0,,,,v111450497,2015,2016A000235,Number,units
2015,2015,Ontario,Both sexes,18 to 34 years,Consultation with a health professional about emotional or mental health,,,586600.0,,,v111450498,2015,2016A000235,Number,units
2015,2015,Ontario,Both sexes,18 to 34 years,Consultation with a health professional about emotional or mental health,16.6,,,percent,,v111450499,2015,2016A000235,Percent,units
2015,2015,Ontario,Both sexes,18 to 34 years,Consultation with a health professional about emotional or mental health,14.4,,,percent,,v111450500,2015,2016A000235,Percent,units
2015,2015,Ontario,Both sexes,18 to 34 years,Consultation with a health professional about emotional or mental health,18.8,,,percent,,v111450501,2015,2016A000235,Percent,units
2015,2015,Ontario,Both sexes,18 to 34 years,"Positive mental health, flourishing",,2462600.0,,,,v111450504,2015,2016A000235,Number,units
2015,2015,Ontario,Both sexes,18 to 34 years,"Positive mental health, flourishing",,,2617100.0,,,v111450505,2015,2016A000235,Number,units
2015,2015,Ontario,Both sexes,18 to 34 years,"Positive mental health, flourishing",81.2,,,percent,,v111450506,2015,2016A000235,Percent,units
2015,2015,Ontario,Both sexes,18 to 34 years,"Positive mental health, flourishing",78.8,,,percent,,v111450507,2015,2016A000235,Percent,units
2015,2015,Ontario,Both sexes,18 to 34 years,"Positive mental health, flourishing",83.7,,,percent,,v111450508,2015,2016A000235,Percent,units
2015,2015,Ontario,Both sexes,18 to 34 years,Suicidal thoughts (15 years and over),,324800.0,,,,v111450511,2015,2016A000235,Number,units
2015,2015,Ontario,Both sexes,18 to 34 years,Suicidal thoughts (15 years and over),,,435600.0,,,v111450512,2015,2016A000235,Number,units
2015,2015,Ontario,Both sexes,18 to 34 years,Suicidal thoughts (15 years and over),12.2,,,percent,,v111450513,2015,2016A000235,Percent,units
2015,2015,Ontario,Both sexes,18 to 34 years,Suicidal thoughts (15 years and over),10.4,,,percent,,v111450514,2015,2016A000235,Percent,units
2015,2015,Ontario,Both sexes,18 to 34 years,Suicidal thoughts (15 years and over),14.0,,,percent,,v111450515,2015,2016A000235,Percent,units
2015,2015,Ontario,Females,18 to 34 years,Consultation with a health professional about emotional or mental health,,295700.0,,,,v111450539,2015,2016A000235,Number,units
2015,2015,Ontario,Females,18 to 34 years,Consultation with a health professional about emotional or mental health,,,401200.0,,,v111450540,2015,2016A000235,Number,units
2015,2015,Ontario,Females,18 to 34 years,Consultation with a health professional about emotional or mental health,22.1,,,percent,,v111450541,2015,2016A000235,Percent,units
2015,2015,Ontario,Females,18 to 34 years,Consultation with a health professional about emotional or mental health,18.8,,,percent,,v111450542,2015,2016A000235,Percent,units
2015,2015,Ontario,Females,18 to 34 years,Consultation with a health professional about emotional or mental health,25.5,,,percent,,v111450543,2015,2016A000235,Percent,units
2015,2015,Ontario,Females,18 to 34 years,"Positive mental health, flourishing",,1196500.0,,,,v111450546,2015,2016A000235,Number,units
2015,2015,Ontario,Females,18 to 34 years,"Positive mental health, flourishing",,,1308300.0,,,v111450547,2015,2016A000235,Number,units
2015,2015,Ontario,Females,18 to 34 years,"Positive mental health, flourishing",79.4,,,percent,,v111450548,2015,2016A000235,Percent,units
2015,2015,Ontario,Females,18 to 34 years,"Positive mental health, flourishing",75.9,,,percent,,v111450549,2015,2016A000235,Percent,units
2015,2015,Ontario,Females,18 to 34 years,"Positive mental health, flourishing",82.9,,,percent,,v111450550,2015,2016A000235,Percent,units
2015,2015,Ontario,Females,18 to 34 years,Suicidal thoughts (15 years and over),,196600.0,,,,v111450553,2015,2016A000235,Number,units
2015,2015,Ontario,Females,18 to 34 years,Suicidal thoughts (15 years and over),,,277200.0,,,v111450554,2015,2016A000235,Number,units
2015,2015,Ontario,Females,18 to 34 years,Suicidal thoughts (15 years and over),15.1,,,percent,,v111450555,2015,2016A000235,Percent,units
2015,2015,Ontario,Females,18 to 34 years,Suicidal thoughts (15 years and over),12.5,,,percent,,v111450556,2015,2016A000235,Percent,units
2015,2015,Ontario,Females,18 to 34 years,Suicidal thoughts (15 years and over),17.7,,,percent,,v111450557,2015,2016A000235,Percent,units
2015,2015,Ontario,Males,18 to 34 years,Consultation with a health professional about emotional or mental health,,129000.0,,,,v111450518,2015,2016A000235,Number,units
2015,2015,Ontario,Males,18 to 34 years,Consultation with a health professional about emotional or mental health,,,210700.0,,,v111450519,2015,2016A000235,Number,units
2015,2015,Ontario,Males,18 to 34 years,Consultation with a health professional about emotional or mental health,11.0,,,percent,,v111450520,2015,2016A000235,Percent,units
2015,2015,Ontario,Males,18 to 34 years,Consultation with a health professional about emotional or mental health,8.4,,,percent,,v111450521,2015,2016A000235,Percent,units
2015,2015,Ontario,Males,18 to 34 years,Consultation with a health professional about emotional or mental health,13.6,,,percent,,v111450522,2015,2016A000235,Percent,units
2015,2015,Ontario,Males,18 to 34 years,"Positive mental health, flourishing",,1234900.0,,,,v111450525,2015,2016A000235,Number,units
2015,2015,Ontario,Males,18 to 34 years,"Positive mental health, flourishing",,,1340000.0,,,v111450526,2015,2016A000235,Number,units
2015,2015,Ontario,Males,18 to 34 years,"Positive mental health, flourishing",83.2,,,percent,,v111450527,2015,2016A000235,Percent,units
2015,2015,Ontario,Males,18 to 34 years,"Positive mental health, flourishing",79.9,,,percent,,v111450528,2015,2016A000235,Percent,units
2015,2015,Ontario,Males,18 to 34 years,"Positive mental health, flourishing",86.4,,,percent,,v111450529,2015,2016A000235,Percent,units
2015,2015,Ontario,Males,18 to 34 years,Suicidal thoughts (15 years and over),,107100.0,,,,v111450532,2015,2016A000235,Number,units
2015,2015,Ontario,Males,18 to 34 years,Suicidal thoughts (15 years and over),,,179400.0,,,v111450533,2015,2016A000235,Number,units
2015,2015,Ontario,Males,18 to 34 years,Suicidal thoughts (15 years and over),9.3,,,percent,,v111450534,2015,2016A000235,Percent,units
2015,2015,Ontario,Males,18 to 34 years,Suicidal thoughts (15 years and over),7.0,,,percent,,v111450535,2015,2016A000235,Percent,units
2015,2015,Ontario,Males,18 to 34 years,Suicidal thoughts (15 years and over),11.6,,,percent,,v111450536,2015,2016A000235,Percent,units
2015,2015,Ontario,Both sexes,35 to 49 years,Consultation with a health professional about emotional or mental health,,358100.0,,,,v111450560,2015,2016A000235,Number,units
2015,2015,Ontario,Both sexes,35 to 49 years,Consultation with a health professional about emotional or mental health,,,451700.0,,,v111450561,2015,2016A000235,Number,units
2015,2015,Ontario,Both sexes,35 to 49 years,Consultation with a health professional about emotional or mental health,15.1,,,percent,,v111450562,2015,2016A000235,Percent,units
2015,2015,Ontario,Both sexes,35 to 49 years,Consultation with a health professional about emotional or mental health,13.4,,,percent,,v111450563,2015,2016A000235,Percent,units
2015,2015,Ontario,Both sexes,35 to 49 years,Consultation with a health professional about emotional or mental health,16.9,,,percent,,v111450564,2015,2016A000235,Percent,units
2015,2015,Ontario,Both sexes,35 to 49 years,"Positive mental health, flourishing",,2135500.0,,,,v111450567,2015,2016A000235,Number,units
2015,2015,Ontario,Both sexes,35 to 49 years,"Positive mental health, flourishing",,,2260000.0,,,v111450568,2015,2016A000235,Number,units
2015,2015,Ontario,Both sexes,35 to 49 years,"Positive mental health, flourishing",81.4,,,percent,,v111450569,2015,2016A000235,Percent,units
2015,2015,Ontario,Both sexes,35 to 49 years,"Positive mental health, flourishing",79.1,,,percent,,v111450570,2015,2016A000235,Percent,units
2015,2015,Ontario,Both sexes,35 to 49 years,"Positive mental health, flourishing",83.6,,,percent,,v111450571,2015,2016A000235,Percent,units
2015,2015,Ontario,Both sexes,35 to 49 years,Suicidal thoughts (15 years and over),,209500.0,,,,v111450574,2015,2016A000235,Number,units
2015,2015,Ontario,Both sexes,35 to 49 years,Suicidal thoughts (15 years and over),,,289000.0,,,v111450575,2015,2016A000235,Number,units
2015,2015,Ontario,Both sexes,35 to 49 years,Suicidal thoughts (15 years and over),9.4,,,percent,,v111450576,2015,2016A000235,Percent,units
2015,2015,Ontario,Both sexes,35 to 49 years,Suicidal thoughts (15 years and over),7.9,,,percent,,v111450577,2015,2016A000235,Percent,units
2015,2015,Ontario,Both sexes,35 to 49 years,Suicidal thoughts (15 years and over),10.9,,,percent,,v111450578,2015,2016A000235,Percent,units
2015,2015,Ontario,Females,35 to 49 years,Consultation with a health professional about emotional or mental health,,212000.0,,,,v111450602,2015,2016A000235,Number,units
2015,2015,Ontario,Females,35 to 49 years,Consultation with a health professional about emotional or mental health,,,281200.0,,,v111450603,2015,2016A000235,Number,units
2015,2015,Ontario,Females,35 to 49 years,Consultation with a health professional about emotional or mental health,18.0,,,percent,,v111450604,2015,2016A000235,Percent,units
2015,2015,Ontario,Females,35 to 49 years,Consultation with a health professional about emotional or mental health,15.5,,,percent,,v111450605,2015,2016A000235,Percent,units
2015,2015,Ontario,Females,35 to 49 years,Consultation with a health professional about emotional or mental health,20.6,,,percent,,v111450606,2015,2016A000235,Percent,units
2015,2015,Ontario,Females,35 to 49 years,"Positive mental health, flourishing",,1098400.0,,,,v111450609,2015,2016A000235,Number,units
2015,2015,Ontario,Females,35 to 49 years,"Positive mental health, flourishing",,,1181500.0,,,v111450610,2015,2016A000235,Number,units
2015,2015,Ontario,Females,35 to 49 years,"Positive mental health, flourishing",82.5,,,percent,,v111450611,2015,2016A000235,Percent,units
2015,2015,Ontario,Females,35 to 49 years,"Positive mental health, flourishing",79.5,,,percent,,v111450612,2015,2016A000235,Percent,units
2015,2015,Ontario,Females,35 to 49 years,"Positive mental health, flourishing",85.4,,,percent,,v111450613,2015,2016A000235,Percent,units
2015,2015,Ontario,Females,35 to 49 years,Suicidal thoughts (15 years and over),,126400.0,,,,v111450616,2015,2016A000235,Number,units
2015,2015,Ontario,Females,35 to 49 years,Suicidal thoughts (15 years and over),,,193900.0,,,v111450617,2015,2016A000235,Number,units
2015,2015,Ontario,Females,35 to 49 years,Suicidal thoughts (15 years and over),11.8,,,percent,,v111450618,2015,2016A000235,Percent,units
2015,2015,Ontario,Females,35 to 49 years,Suicidal thoughts (15 years and over),9.3,,,percent,,v111450619,2015,2016A000235,Percent,units
2015,2015,Ontario,Females,35 to 49 years,Suicidal thoughts (15 years and over),14.3,,,percent,,v111450620,2015,2016A000235,Percent,units
2015,2015,Ontario,Males,35 to 49 years,Consultation with a health professional about emotional or mental health,,124800.0,,,,v111450581,2015,2016A000235,Number,units
2015,2015,Ontario,Males,35 to 49 years,Consultation with a health professional about emotional or mental health,,,191700.0,,,v111450582,2015,2016A000235,Number,units
2015,2015,Ontario,Males,35 to 49 years,Consultation with a health professional about emotional or mental health,12.1,,,percent,,v111450583,2015,2016A000235,Percent,units
2015,2015,Ontario,Males,35 to 49 years,Consultation with a health professional about emotional or mental health,9.5,,,percent,,v111450584,2015,2016A000235,Percent,units
2015,2015,Ontario,Males,35 to 49 years,Consultation with a health professional about emotional or mental health,14.7,,,percent,,v111450585,2015,2016A000235,Percent,units
2015,2015,Ontario,Males,35 to 49 years,"Positive mental health, flourishing",,1013500.0,,,,v111450588,2015,2016A000235,Number,units
2015,2015,Ontario,Males,35 to 49 years,"Positive mental health, flourishing",,,1102100.0,,,v111450589,2015,2016A000235,Number,units
2015,2015,Ontario,Males,35 to 49 years,"Positive mental health, flourishing",80.2,,,percent,,v111450590,2015,2016A000235,Percent,units
2015,2015,Ontario,Males,35 to 49 years,"Positive mental health, flourishing",76.9,,,percent,,v111450591,2015,2016A000235,Percent,units
2015,2015,Ontario,Males,35 to 49 years,"Positive mental health, flourishing",83.6,,,percent,,v111450592,2015,2016A000235,Percent,units
2015,2015,Ontario,Males,35 to 49 years,Suicidal thoughts (15 years and over),,67000.0,,,,v111450595,2015,2016A000235,Number,units
2015,2015,Ontario,Males,35 to 49 years,Suicidal thoughts (15 years and over),,,111100.0,,,v111450596,2015,2016A000235,Number,units
2015,2015,Ontario,Males,35 to 49 years,Suicidal thoughts (15 years and over),6.9,,,percent,,v111450597,2015,2016A000235,Percent,units
2015,2015,Ontario,Males,35 to 49 years,Suicidal thoughts (15 years and over),5.2,,,percent,,v111450598,2015,2016A000235,Percent,units
2015,2015,Ontario,Males,35 to 49 years,Suicidal thoughts (15 years and over),8.6,,,percent,,v111450599,2015,2016A000235,Percent,units
2015,2015,Ontario,Both sexes,50 to 64 years,Consultation with a health professional about emotional or mental health,,379100.0,,,,v111450623,2015,2016A000235,Number,units
2015,2015,Ontario,Both sexes,50 to 64 years,Consultation with a health professional about emotional or mental health,,,481200.0,,,v111450624,2015,2016A000235,Number,units
2015,2015,Ontario,Both sexes,50 to 64 years,Consultation with a health professional about emotional or mental health,15.4,,,percent,,v111450625,2015,2016A000235,Percent,units
2015,2015,Ontario,Both sexes,50 to 64 years,Consultation with a health professional about emotional or mental health,13.5,,,percent,,v111450626,2015,2016A000235,Percent,units
2015,2015,Ontario,Both sexes,50 to 64 years,Consultation with a health professional about emotional or mental health,17.2,,,percent,,v111450627,2015,2016A000235,Percent,units
2015,2015,Ontario,Both sexes,50 to 64 years,"Positive mental health, flourishing",,2279200.0,,,,v111450630,2015,2016A000235,Number,units
2015,2015,Ontario,Both sexes,50 to 64 years,"Positive mental health, flourishing",,,2398800.0,,,v111450631,2015,2016A000235,Number,units
2015,2015,Ontario,Both sexes,50 to 64 years,"Positive mental health, flourishing",82.7,,,percent,,v111450632,2015,2016A000235,Percent,units
2015,2015,Ontario,Both sexes,50 to 64 years,"Positive mental health, flourishing",80.8,,,percent,,v111450633,2015,2016A000235,Percent,units
2015,2015,Ontario,Both sexes,50 to 64 years,"Positive mental health, flourishing",84.7,,,percent,,v111450634,2015,2016A000235,Percent,units
2015,2015,Ontario,Both sexes,50 to 64 years,Suicidal thoughts (15 years and over),,284900.0,,,,v111450637,2015,2016A000235,Number,units
2015,2015,Ontario,Both sexes,50 to 64 years,Suicidal thoughts (15 years and over),,,369800.0,,,v111450638,2015,2016A000235,Number,units
2015,2015,Ontario,Both sexes,50 to 64 years,Suicidal thoughts (15 years and over),11.8,,,percent,,v111450639,2015,2016A000235,Percent,units
2015,2015,Ontario,Both sexes,50 to 64 years,Suicidal thoughts (15 years and over),10.2,,,percent,,v111450640,2015,2016A000235,Percent,units
2015,2015,Ontario,Both sexes,50 to 64 years,Suicidal thoughts (15 years and over),13.3,,,percent,,v111450641,2015,2016A000235,Percent,units
2015,2015,Ontario,Females,50 to 64 years,Consultation with a health professional about emotional or mental health,,245300.0,,,,v111450665,2015,2016A000235,Number,units
2015,2015,Ontario,Females,50 to 64 years,Consultation with a health professional about emotional or mental health,,,326600.0,,,v111450666,2015,2016A000235,Number,units
2015,2015,Ontario,Females,50 to 64 years,Consultation with a health professional about emotional or mental health,20.2,,,percent,,v111450667,2015,2016A000235,Percent,units
2015,2015,Ontario,Females,50 to 64 years,Consultation with a health professional about emotional or mental health,17.4,,,percent,,v111450668,2015,2016A000235,Percent,units
2015,2015,Ontario,Females,50 to 64 years,Consultation with a health professional about emotional or mental health,23.1,,,percent,,v111450669,2015,2016A000235,Percent,units
2015,2015,Ontario,Females,50 to 64 years,"Positive mental health, flourishing",,1157900.0,,,,v111450672,2015,2016A000235,Number,units
2015,2015,Ontario,Females,50 to 64 years,"Positive mental health, flourishing",,,1233700.0,,,v111450673,2015,2016A000235,Number,units
2015,2015,Ontario,Females,50 to 64 years,"Positive mental health, flourishing",83.3,,,percent,,v111450674,2015,2016A000235,Percent,units
2015,2015,Ontario,Females,50 to 64 years,"Positive mental health, flourishing",80.8,,,percent,,v111450675,2015,2016A000235,Percent,units
2015,2015,Ontario,Females,50 to 64 years,"Positive mental health, flourishing",85.8,,,percent,,v111450676,2015,2016A000235,Percent,units
2015,2015,Ontario,Females,50 to 64 years,Suicidal thoughts (15 years and over),,169800.0,,,,v111450679,2015,2016A000235,Number,units
2015,2015,Ontario,Females,50 to 64 years,Suicidal thoughts (15 years and over),,,230300.0,,,v111450680,2015,2016A000235,Number,units
2015,2015,Ontario,Females,50 to 64 years,Suicidal thoughts (15 years and over),14.3,,,percent,,v111450681,2015,2016A000235,Percent,units
2015,2015,Ontario,Females,50 to 64 years,Suicidal thoughts (15 years and over),12.1,,,percent,,v111450682,2015,2016A000235,Percent,units
2015,2015,Ontario,Females,50 to 64 years,Suicidal thoughts (15 years and over),16.4,,,percent,,v111450683,2015,2016A000235,Percent,units
2015,2015,Ontario,Males,50 to 64 years,Consultation with a health professional about emotional or mental health,,114800.0,,,,v111450644,2015,2016A000235,Number,units
2015,2015,Ontario,Males,50 to 64 years,Consultation with a health professional about emotional or mental health,,,173700.0,,,v111450645,2015,2016A000235,Number,units
2015,2015,Ontario,Males,50 to 64 years,Consultation with a health professional about emotional or mental health,10.4,,,percent,,v111450646,2015,2016A000235,Percent,units
2015,2015,Ontario,Males,50 to 64 years,Consultation with a health professional about emotional or mental health,8.3,,,percent,,v111450647,2015,2016A000235,Percent,units
2015,2015,Ontario,Males,50 to 64 years,Consultation with a health professional about emotional or mental health,12.5,,,percent,,v111450648,2015,2016A000235,Percent,units
2015,2015,Ontario,Males,50 to 64 years,"Positive mental health, flourishing",,1100000.0,,,,v111450651,2015,2016A000235,Number,units
2015,2015,Ontario,Males,50 to 64 years,"Positive mental health, flourishing",,,1186400.0,,,v111450652,2015,2016A000235,Number,units
2015,2015,Ontario,Males,50 to 64 years,"Positive mental health, flourishing",82.2,,,percent,,v111450653,2015,2016A000235,Percent,units
2015,2015,Ontario,Males,50 to 64 years,"Positive mental health, flourishing",79.1,,,percent,,v111450654,2015,2016A000235,Percent,units
2015,2015,Ontario,Males,50 to 64 years,"Positive mental health, flourishing",85.2,,,percent,,v111450655,2015,2016A000235,Percent,units
2015,2015,Ontario,Males,50 to 64 years,Suicidal thoughts (15 years and over),,97200.0,,,,v111450658,2015,2016A000235,Number,units
2015,2015,Ontario,Males,50 to 64 years,Suicidal thoughts (15 years and over),,,157500.0,,,v111450659,2015,2016A000235,Number,units
2015,2015,Ontario,Males,50 to 64 years,Suicidal thoughts (15 years and over),9.2,,,percent,,v111450660,2015,2016A000235,Percent,units
2015,2015,Ontario,Males,50 to 64 years,Suicidal thoughts (15 years and over),7.0,,,percent,,v111450661,2015,2016A000235,Percent,units
2015,2015,Ontario,Males,50 to 64 years,Suicidal thoughts (15 years and over),11.4,,,percent,,v111450662,2015,2016A000235,Percent,units
2015,2015,Ontario,Both sexes,65 years and over,Consultation with a health professional about emotional or mental health,,142600.0,,,,v111450686,2015,2016A000235,Number,units
2015,2015,Ontario,Both sexes,65 years and over,Consultation with a health professional about emotional or mental health,,,194100.0,,,v111450687,2015,2016A000235,Number,units
2015,2015,Ontario,Both sexes,65 years and over,Consultation with a health professional about emotional or mental health,9.0,,,percent,,v111450688,2015,2016A000235,Percent,units
2015,2015,Ontario,Both sexes,65 years and over,Consultation with a health professional about emotional or mental health,7.6,,,percent,,v111450689,2015,2016A000235,Percent,units
2015,2015,Ontario,Both sexes,65 years and over,Consultation with a health professional about emotional or mental health,10.3,,,percent,,v111450690,2015,2016A000235,Percent,units
2015,2015,Ontario,Both sexes,65 years and over,"Positive mental health, flourishing",,1473000.0,,,,v111450693,2015,2016A000235,Number,units
2015,2015,Ontario,Both sexes,65 years and over,"Positive mental health, flourishing",,,1570500.0,,,v111450694,2015,2016A000235,Number,units
2015,2015,Ontario,Both sexes,65 years and over,"Positive mental health, flourishing",80.9,,,percent,,v111450695,2015,2016A000235,Percent,units
2015,2015,Ontario,Both sexes,65 years and over,"Positive mental health, flourishing",78.7,,,percent,,v111450696,2015,2016A000235,Percent,units
2015,2015,Ontario,Both sexes,65 years and over,"Positive mental health, flourishing",83.0,,,percent,,v111450697,2015,2016A000235,Percent,units
2015,2015,Ontario,Both sexes,65 years and over,Suicidal thoughts (15 years and over),,97700.0,,,,v111450700,2015,2016A000235,Number,units
2015,2015,Ontario,Both sexes,65 years and over,Suicidal thoughts (15 years and over),,,133400.0,,,v111450701,2015,2016A000235,Number,units
2015,2015,Ontario,Both sexes,65 years and over,Suicidal thoughts (15 years and over),6.2,,,percent,,v111450702,2015,2016A000235,Percent,units
2015,2015,Ontario,Both sexes,65 years and over,Suicidal thoughts (15 years and over),5.2,,,percent,,v111450703,2015,2016A000235,Percent,units
2015,2015,Ontario,Both sexes,65 years and over,Suicidal thoughts (15 years and over),7.2,,,percent,,v111450704,2015,2016A000235,Percent,units
2015,2015,Ontario,Females,65 years and over,Consultation with a health professional about emotional or mental health,,94300.0,,,,v111450728,2015,2016A000235,Number,units
2015,2015,Ontario,Females,65 years and over,Consultation with a health professional about emotional or mental health,,,140500.0,,,v111450729,2015,2016A000235,Number,units
2015,2015,Ontario,Females,65 years and over,Consultation with a health professional about emotional or mental health,11.3,,,percent,,v111450730,2015,2016A000235,Percent,units
2015,2015,Ontario,Females,65 years and over,Consultation with a health professional about emotional or mental health,9.1,,,percent,,v111450731,2015,2016A000235,Percent,units
2015,2015,Ontario,Females,65 years and over,Consultation with a health professional about emotional or mental health,13.5,,,percent,,v111450732,2015,2016A000235,Percent,units
2015,2015,Ontario,Females,65 years and over,"Positive mental health, flourishing",,804200.0,,,,v111450735,2015,2016A000235,Number,units
2015,2015,Ontario,Females,65 years and over,"Positive mental health, flourishing",,,874000.0,,,v111450736,2015,2016A000235,Number,units
2015,2015,Ontario,Females,65 years and over,"Positive mental health, flourishing",80.4,,,percent,,v111450737,2015,2016A000235,Percent,units
2015,2015,Ontario,Females,65 years and over,"Positive mental health, flourishing",77.5,,,percent,,v111450738,2015,2016A000235,Percent,units
2015,2015,Ontario,Females,65 years and over,"Positive mental health, flourishing",83.3,,,percent,,v111450739,2015,2016A000235,Percent,units
2015,2015,Ontario,Females,65 years and over,Suicidal thoughts (15 years and over),,58800.0,,,,v111450742,2015,2016A000235,Number,units
2015,2015,Ontario,Females,65 years and over,Suicidal thoughts (15 years and over),,,88200.0,,,v111450743,2015,2016A000235,Number,units
2015,2015,Ontario,Females,65 years and over,Suicidal thoughts (15 years and over),7.1,,,percent,,v111450744,2015,2016A000235,Percent,units
2015,2015,Ontario,Females,65 years and over,Suicidal thoughts (15 years and over),5.7,,,percent,,v111450745,2015,2016A000235,Percent,units
2015,2015,Ontario,Females,65 years and over,Suicidal thoughts (15 years and over),8.5,,,percent,,v111450746,2015,2016A000235,Percent,units
2015,2015,Ontario,Males,65 years and over,Consultation with a health professional about emotional or mental health,,39000.0,,,,v111450707,2015,2016A000235,Number,units
2015,2015,Ontario,Males,65 years and over,Consultation with a health professional about emotional or mental health,,,62900.0,,,v111450708,2015,2016A000235,Number,units
2015,2015,Ontario,Males,65 years and over,Consultation with a health professional about emotional or mental health,6.1,,,percent,,v111450709,2015,2016A000235,Percent,units
2015,2015,Ontario,Males,65 years and over,Consultation with a health professional about emotional or mental health,4.7,,,percent,,v111450710,2015,2016A000235,Percent,units
2015,2015,Ontario,Males,65 years and over,Consultation with a health professional about emotional or mental health,7.5,,,percent,,v111450711,2015,2016A000235,Percent,units
2015,2015,Ontario,Males,65 years and over,"Positive mental health, flourishing",,648000.0,,,,v111450714,2015,2016A000235,Number,units
2015,2015,Ontario,Males,65 years and over,"Positive mental health, flourishing",,,717300.0,,,v111450715,2015,2016A000235,Number,units
2015,2015,Ontario,Males,65 years and over,"Positive mental health, flourishing",81.4,,,percent,,v111450716,2015,2016A000235,Percent,units
2015,2015,Ontario,Males,65 years and over,"Positive mental health, flourishing",78.5,,,percent,,v111450717,2015,2016A000235,Percent,units
2015,2015,Ontario,Males,65 years and over,"Positive mental health, flourishing",84.4,,,percent,,v111450718,2015,2016A000235,Percent,units
2015,2015,Ontario,Males,65 years and over,Suicidal thoughts (15 years and over),,30700.0,,,,v111450721,2015,2016A000235,Number,units
2015,2015,Ontario,Males,65 years and over,Suicidal thoughts (15 years and over),,,53400.0,,,v111450722,2015,2016A000235,Number,units
2015,2015,Ontario,Males,65 years and over,Suicidal thoughts (15 years and over),5.1,,,percent,,v111450723,2015,2016A000235,Percent,units
2015,2015,Ontario,Males,65 years and over,Suicidal thoughts (15 years and over),3.7,,,percent,,v111450724,2015,2016A000235,Percent,units
2015,2015,Ontario,Males,65 years and over,Suicidal thoughts (15 years and over),6.4,,,percent,,v111450725,2015,2016A000235,Percent,units
2015,2015,Ontario,Both sexes,"Total, 12 years and over",Consultation with a health professional about emotional or mental health,,1513000.0,,,,v111450371,2015,2016A000235,Number,units
2015,2015,Ontario,Both sexes,"Total, 12 years and over",Consultation with a health professional about emotional or mental health,,,1719900.0,,,v111450372,2015,2016A000235,Number,units
2015,2015,Ontario,Both sexes,"Total, 12 years and over",Consultation with a health professional about emotional or mental health,14.3,,,percent,,v111450373,2015,2016A000235,Percent,units
2015,2015,Ontario,Both sexes,"Total, 12 years and over",Consultation with a health professional about emotional or mental health,13.4,,,percent,,v111450374,2015,2016A000235,Percent,units
2015,2015,Ontario,Both sexes,"Total, 12 years and over",Consultation with a health professional about emotional or mental health,15.2,,,percent,,v111450375,2015,2016A000235,Percent,units
2015,2015,Ontario,Both sexes,"Total, 12 years and over","Positive mental health, flourishing",,9188000.0,,,,v111450378,2015,2016A000235,Number,units
2015,2015,Ontario,Both sexes,"Total, 12 years and over","Positive mental health, flourishing",,,9469300.0,,,v111450379,2015,2016A000235,Number,units
2015,2015,Ontario,Both sexes,"Total, 12 years and over","Positive mental health, flourishing",81.9,,,percent,,v111450380,2015,2016A000235,Percent,units
2015,2015,Ontario,Both sexes,"Total, 12 years and over","Positive mental health, flourishing",80.7,,,percent,,v111450381,2015,2016A000235,Percent,units
2015,2015,Ontario,Both sexes,"Total, 12 years and over","Positive mental health, flourishing",83.1,,,percent,,v111450382,2015,2016A000235,Percent,units
2015,2015,Ontario,Both sexes,"Total, 12 years and over",Suicidal thoughts (15 years and over),,1028600.0,,,,v111450385,2015,2016A000235,Number,units
2015,2015,Ontario,Both sexes,"Total, 12 years and over",Suicidal thoughts (15 years and over),,,1197000.0,,,v111450386,2015,2016A000235,Number,units
2015,2015,Ontario,Both sexes,"Total, 12 years and over",Suicidal thoughts (15 years and over),10.3,,,percent,,v111450387,2015,2016A000235,Percent,units
2015,2015,Ontario,Both sexes,"Total, 12 years and over",Suicidal thoughts (15 years and over),9.5,,,percent,,v111450388,2015,2016A000235,Percent,units
2015,2015,Ontario,Both sexes,"Total, 12 years and over",Suicidal thoughts (15 years and over),11.0,,,percent,,v111450389,2015,2016A000235,Percent,units
2015,2015,Ontario,Females,"Total, 12 years and over",Consultation with a health professional about emotional or mental health,,975600.0,,,,v111450413,2015,2016A000235,Number,units
2015,2015,Ontario,Females,"Total, 12 years and over",Consultation with a health professional about emotional or mental health,,,1136600.0,,,v111450414,2015,2016A000235,Number,units
2015,2015,Ontario,Females,"Total, 12 years and over",Consultation with a health professional about emotional or mental health,18.1,,,percent,,v111450415,2015,2016A000235,Percent,units
2015,2015,Ontario,Females,"Total, 12 years and over",Consultation with a health professional about emotional or mental health,16.8,,,percent,,v111450416,2015,2016A000235,Percent,units
2015,2015,Ontario,Females,"Total, 12 years and over",Consultation with a health professional about emotional or mental health,19.5,,,percent,,v111450417,2015,2016A000235,Percent,units
2015,2015,Ontario,Females,"Total, 12 years and over","Positive mental health, flourishing",,4681200.0,,,,v111450420,2015,2016A000235,Number,units
2015,2015,Ontario,Females,"Total, 12 years and over","Positive mental health, flourishing",,,4863300.0,,,v111450421,2015,2016A000235,Number,units
2015,2015,Ontario,Females,"Total, 12 years and over","Positive mental health, flourishing",81.4,,,percent,,v111450422,2015,2016A000235,Percent,units
2015,2015,Ontario,Females,"Total, 12 years and over","Positive mental health, flourishing",79.9,,,percent,,v111450423,2015,2016A000235,Percent,units
2015,2015,Ontario,Females,"Total, 12 years and over","Positive mental health, flourishing",82.9,,,percent,,v111450424,2015,2016A000235,Percent,units
2015,2015,Ontario,Females,"Total, 12 years and over",Suicidal thoughts (15 years and over),,632800.0,,,,v111450427,2015,2016A000235,Number,units
2015,2015,Ontario,Females,"Total, 12 years and over",Suicidal thoughts (15 years and over),,,757000.0,,,v111450428,2015,2016A000235,Number,units
2015,2015,Ontario,Females,"Total, 12 years and over",Suicidal thoughts (15 years and over),12.5,,,percent,,v111450429,2015,2016A000235,Percent,units
2015,2015,Ontario,Females,"Total, 12 years and over",Suicidal thoughts (15 years and over),11.3,,,percent,,v111450430,2015,2016A000235,Percent,units
2015,2015,Ontario,Females,"Total, 12 years and over",Suicidal thoughts (15 years and over),13.6,,,percent,,v111450431,2015,2016A000235,Percent,units
2015,2015,Ontario,Males,"Total, 12 years and over",Consultation with a health professional about emotional or mental health,,497000.0,,,,v111450392,2015,2016A000235,Number,units
2015,2015,Ontario,Males,"Total, 12 years and over",Consultation with a health professional about emotional or mental health,,,623600.0,,,v111450393,2015,2016A000235,Number,units
2015,2015,Ontario,Males,"Total, 12 years and over",Consultation with a health professional about emotional or mental health,10.2,,,percent,,v111450394,2015,2016A000235,Percent,units
2015,2015,Ontario,Males,"Total, 12 years and over",Consultation with a health professional about emotional or mental health,9.0,,,percent,,v111450395,2015,2016A000235,Percent,units
2015,2015,Ontario,Males,"Total, 12 years and over",Consultation with a health professional about emotional or mental health,11.3,,,percent,,v111450396,2015,2016A000235,Percent,units
2015,2015,Ontario,Males,"Total, 12 years and over","Positive mental health, flourishing",,4461900.0,,,,v111450399,2015,2016A000235,Number,units
2015,2015,Ontario,Males,"Total, 12 years and over","Positive mental health, flourishing",,,4651000.0,,,v111450400,2015,2016A000235,Number,units
2015,2015,Ontario,Males,"Total, 12 years and over","Positive mental health, flourishing",82.3,,,percent,,v111450401,2015,2016A000235,Percent,units
2015,2015,Ontario,Males,"Total, 12 years and over","Positive mental health, flourishing",80.7,,,percent,,v111450402,2015,2016A000235,Percent,units
2015,2015,Ontario,Males,"Total, 12 years and over","Positive mental health, flourishing",84.0,,,percent,,v111450403,2015,2016A000235,Percent,units
2015,2015,Ontario,Males,"Total, 12 years and over",Suicidal thoughts (15 years and over),,363300.0,,,,v111450406,2015,2016A000235,Number,units
2015,2015,Ontario,Males,"Total, 12 years and over",Suicidal thoughts (15 years and over),,,472500.0,,,v111450407,2015,2016A000235,Number,units
2015,2015,Ontario,Males,"Total, 12 years and over",Suicidal thoughts (15 years and over),7.9,,,percent,,v111450408,2015,2016A000235,Percent,units
2015,2015,Ontario,Males,"Total, 12 years and over",Suicidal thoughts (15 years and over),6.9,,,percent,,v111450409,2015,2016A000235,Percent,units
2015,2015,Ontario,Males,"Total, 12 years and over",Suicidal thoughts (15 years and over),9.0,,,percent,,v111450410,2015,2016A000235,Percent,units
2015,2015,Prince Edward Island,Both sexes,12 to 17 years,Consultation with a health professional about emotional or mental health,,500.0,,,,v111448922,2015,2016A000211,Number,units
2015,2015,Prince Edward Island,Both sexes,12 to 17 years,Consultation with a health professional about emotional or mental health,,,1800.0,,,v111448923,2015,2016A000211,Number,units
2015,2015,Prince Edward Island,Both sexes,12 to 17 years,Consultation with a health professional about emotional or mental health,12.6,,,percent,e,v111448924,2015,2016A000211,Percent,units
2015,2015,Prince Edward Island,Both sexes,12 to 17 years,Consultation with a health professional about emotional or mental health,5.7,,,percent,e,v111448925,2015,2016A000211,Percent,units
2015,2015,Prince Edward Island,Both sexes,12 to 17 years,Consultation with a health professional about emotional or mental health,19.5,,,percent,e,v111448926,2015,2016A000211,Percent,units
2015,2015,Prince Edward Island,Both sexes,12 to 17 years,"Positive mental health, flourishing",,8200.0,,,,v111448929,2015,2016A000211,Number,units
2015,2015,Prince Edward Island,Both sexes,12 to 17 years,"Positive mental health, flourishing",,,9200.0,,,v111448930,2015,2016A000211,Number,units
2015,2015,Prince Edward Island,Both sexes,12 to 17 years,"Positive mental health, flourishing",92.9,,,percent,,v111448931,2015,2016A000211,Percent,units
2015,2015,Prince Edward Island,Both sexes,12 to 17 years,"Positive mental health, flourishing",88.2,,,percent,,v111448932,2015,2016A000211,Percent,units
2015,2015,Prince Edward Island,Both sexes,12 to 17 years,"Positive mental health, flourishing",97.7,,,percent,,v111448933,2015,2016A000211,Percent,units
2015,2015,Prince Edward Island,Females,12 to 17 years,"Positive mental health, flourishing",,3900.0,,,,v111448971,2015,2016A000211,Number,units
2015,2015,Prince Edward Island,Females,12 to 17 years,"Positive mental health, flourishing",,,4600.0,,,v111448972,2015,2016A000211,Number,units
2015,2015,Prince Edward Island,Females,12 to 17 years,"Positive mental health, flourishing",93.1,,,percent,,v111448973,2015,2016A000211,Percent,units
2015,2015,Prince Edward Island,Females,12 to 17 years,"Positive mental health, flourishing",86.1,,,percent,,v111448974,2015,2016A000211,Percent,units
2015,2015,Prince Edward Island,Females,12 to 17 years,"Positive mental health, flourishing",100.0,,,percent,,v111448975,2015,2016A000211,Percent,units
2015,2015,Prince Edward Island,Males,12 to 17 years,"Positive mental health, flourishing",,4100.0,,,,v111448950,2015,2016A000211,Number,units
2015,2015,Prince Edward Island,Males,12 to 17 years,"Positive mental health, flourishing",,,4800.0,,,v111448951,2015,2016A000211,Number,units
2015,2015,Prince Edward Island,Males,12 to 17 years,"Positive mental health, flourishing",92.8,,,percent,,v111448952,2015,2016A000211,Percent,units
2015,2015,Prince Edward Island,Males,12 to 17 years,"Positive mental health, flourishing",85.9,,,percent,,v111448953,2015,2016A000211,Percent,units
2015,2015,Prince Edward Island,Males,12 to 17 years,"Positive mental health, flourishing",99.7,,,percent,,v111448954,2015,2016A000211,Percent,units
2015,2015,Prince Edward Island,Both sexes,18 to 34 years,Consultation with a health professional about emotional or mental health,,2700.0,,,,v111448985,2015,2016A000211,Number,units
2015,2015,Prince Edward Island,Both sexes,18 to 34 years,Consultation with a health professional about emotional or mental health,,,5900.0,,,v111448986,2015,2016A000211,Number,units
2015,2015,Prince Edward Island,Both sexes,18 to 34 years,Consultation with a health professional about emotional or mental health,14.9,,,percent,e,v111448987,2015,2016A000211,Percent,units
2015,2015,Prince Edward Island,Both sexes,18 to 34 years,Consultation with a health professional about emotional or mental health,9.3,,,percent,e,v111448988,2015,2016A000211,Percent,units
2015,2015,Prince Edward Island,Both sexes,18 to 34 years,Consultation with a health professional about emotional or mental health,20.5,,,percent,e,v111448989,2015,2016A000211,Percent,units
2015,2015,Prince Edward Island,Both sexes,18 to 34 years,"Positive mental health, flourishing",,23800.0,,,,v111448992,2015,2016A000211,Number,units
2015,2015,Prince Edward Island,Both sexes,18 to 34 years,"Positive mental health, flourishing",,,27200.0,,,v111448993,2015,2016A000211,Number,units
2015,2015,Prince Edward Island,Both sexes,18 to 34 years,"Positive mental health, flourishing",88.6,,,percent,,v111448994,2015,2016A000211,Percent,units
2015,2015,Prince Edward Island,Both sexes,18 to 34 years,"Positive mental health, flourishing",83.0,,,percent,,v111448995,2015,2016A000211,Percent,units
2015,2015,Prince Edward Island,Both sexes,18 to 34 years,"Positive mental health, flourishing",94.3,,,percent,,v111448996,2015,2016A000211,Percent,units
2015,2015,Prince Edward Island,Both sexes,18 to 34 years,Suicidal thoughts (15 years and over),,900.0,,,,v111448999,2015,2016A000211,Number,units
2015,2015,Prince Edward Island,Both sexes,18 to 34 years,Suicidal thoughts (15 years and over),,,3500.0,,,v111449000,2015,2016A000211,Number,units
2015,2015,Prince Edward Island,Both sexes,18 to 34 years,Suicidal thoughts (15 years and over),7.7,,,percent,e,v111449001,2015,2016A000211,Percent,units
2015,2015,Prince Edward Island,Both sexes,18 to 34 years,Suicidal thoughts (15 years and over),3.3,,,percent,e,v111449002,2015,2016A000211,Percent,units
2015,2015,Prince Edward Island,Both sexes,18 to 34 years,Suicidal thoughts (15 years and over),12.2,,,percent,e,v111449003,2015,2016A000211,Percent,units
2015,2015,Prince Edward Island,Females,18 to 34 years,Consultation with a health professional about emotional or mental health,,2000.0,,,,v111449027,2015,2016A000211,Number,units
2015,2015,Prince Edward Island,Females,18 to 34 years,Consultation with a health professional about emotional or mental health,,,4600.0,,,v111449028,2015,2016A000211,Number,units
2015,2015,Prince Edward Island,Females,18 to 34 years,Consultation with a health professional about emotional or mental health,22.2,,,percent,e,v111449029,2015,2016A000211,Percent,units
2015,2015,Prince Edward Island,Females,18 to 34 years,Consultation with a health professional about emotional or mental health,13.3,,,percent,e,v111449030,2015,2016A000211,Percent,units
2015,2015,Prince Edward Island,Females,18 to 34 years,Consultation with a health professional about emotional or mental health,31.1,,,percent,e,v111449031,2015,2016A000211,Percent,units
2015,2015,Prince Edward Island,Females,18 to 34 years,"Positive mental health, flourishing",,12500.0,,,,v111449034,2015,2016A000211,Number,units
2015,2015,Prince Edward Island,Females,18 to 34 years,"Positive mental health, flourishing",,,14100.0,,,v111449035,2015,2016A000211,Number,units
2015,2015,Prince Edward Island,Females,18 to 34 years,"Positive mental health, flourishing",90.3,,,percent,,v111449036,2015,2016A000211,Percent,units
2015,2015,Prince Edward Island,Females,18 to 34 years,"Positive mental health, flourishing",85.0,,,percent,,v111449037,2015,2016A000211,Percent,units
2015,2015,Prince Edward Island,Females,18 to 34 years,"Positive mental health, flourishing",95.7,,,percent,,v111449038,2015,2016A000211,Percent,units
2015,2015,Prince Edward Island,Males,18 to 34 years,"Positive mental health, flourishing",,10700.0,,,,v111449013,2015,2016A000211,Number,units
2015,2015,Prince Edward Island,Males,18 to 34 years,"Positive mental health, flourishing",,,13800.0,,,v111449014,2015,2016A000211,Number,units
2015,2015,Prince Edward Island,Males,18 to 34 years,"Positive mental health, flourishing",86.9,,,percent,,v111449015,2015,2016A000211,Percent,units
2015,2015,Prince Edward Island,Males,18 to 34 years,"Positive mental health, flourishing",76.7,,,percent,,v111449016,2015,2016A000211,Percent,units
2015,2015,Prince Edward Island,Males,18 to 34 years,"Positive mental health, flourishing",97.1,,,percent,,v111449017,2015,2016A000211,Percent,units
2015,2015,Prince Edward Island,Both sexes,35 to 49 years,Consultation with a health professional about emotional or mental health,,1500.0,,,,v111449048,2015,2016A000211,Number,units
2015,2015,Prince Edward Island,Both sexes,35 to 49 years,Consultation with a health professional about emotional or mental health,,,4200.0,,,v111449049,2015,2016A000211,Number,units
2015,2015,Prince Edward Island,Both sexes,35 to 49 years,Consultation with a health professional about emotional or mental health,10.3,,,percent,e,v111449050,2015,2016A000211,Percent,units
2015,2015,Prince Edward Island,Both sexes,35 to 49 years,Consultation with a health professional about emotional or mental health,5.4,,,percent,e,v111449051,2015,2016A000211,Percent,units
2015,2015,Prince Edward Island,Both sexes,35 to 49 years,Consultation with a health professional about emotional or mental health,15.2,,,percent,e,v111449052,2015,2016A000211,Percent,units
2015,2015,Prince Edward Island,Both sexes,35 to 49 years,"Positive mental health, flourishing",,24000.0,,,,v111449055,2015,2016A000211,Number,units
2015,2015,Prince Edward Island,Both sexes,35 to 49 years,"Positive mental health, flourishing",,,26600.0,,,v111449056,2015,2016A000211,Number,units
2015,2015,Prince Edward Island,Both sexes,35 to 49 years,"Positive mental health, flourishing",91.0,,,percent,,v111449057,2015,2016A000211,Percent,units
2015,2015,Prince Edward Island,Both sexes,35 to 49 years,"Positive mental health, flourishing",86.3,,,percent,,v111449058,2015,2016A000211,Percent,units
2015,2015,Prince Edward Island,Both sexes,35 to 49 years,"Positive mental health, flourishing",95.7,,,percent,,v111449059,2015,2016A000211,Percent,units
2015,2015,Prince Edward Island,Both sexes,35 to 49 years,Suicidal thoughts (15 years and over),,1200.0,,,,v111449062,2015,2016A000211,Number,units
2015,2015,Prince Edward Island,Both sexes,35 to 49 years,Suicidal thoughts (15 years and over),,,4300.0,,,v111449063,2015,2016A000211,Number,units
2015,2015,Prince Edward Island,Both sexes,35 to 49 years,Suicidal thoughts (15 years and over),9.9,,,percent,e,v111449064,2015,2016A000211,Percent,units
2015,2015,Prince Edward Island,Both sexes,35 to 49 years,Suicidal thoughts (15 years and over),4.3,,,percent,e,v111449065,2015,2016A000211,Percent,units
2015,2015,Prince Edward Island,Both sexes,35 to 49 years,Suicidal thoughts (15 years and over),15.6,,,percent,e,v111449066,2015,2016A000211,Percent,units
2015,2015,Prince Edward Island,Females,35 to 49 years,Consultation with a health professional about emotional or mental health,,500.0,,,,v111449090,2015,2016A000211,Number,units
2015,2015,Prince Edward Island,Females,35 to 49 years,Consultation with a health professional about emotional or mental health,,,2200.0,,,v111449091,2015,2016A000211,Number,units
2015,2015,Prince Edward Island,Females,35 to 49 years,Consultation with a health professional about emotional or mental health,9.6,,,percent,e,v111449092,2015,2016A000211,Percent,units
2015,2015,Prince Edward Island,Females,35 to 49 years,Consultation with a health professional about emotional or mental health,3.7,,,percent,e,v111449093,2015,2016A000211,Percent,units
2015,2015,Prince Edward Island,Females,35 to 49 years,Consultation with a health professional about emotional or mental health,15.4,,,percent,e,v111449094,2015,2016A000211,Percent,units
2015,2015,Prince Edward Island,Females,35 to 49 years,"Positive mental health, flourishing",,11200.0,,,,v111449097,2015,2016A000211,Number,units
2015,2015,Prince Edward Island,Females,35 to 49 years,"Positive mental health, flourishing",,,13500.0,,,v111449098,2015,2016A000211,Number,units
2015,2015,Prince Edward Island,Females,35 to 49 years,"Positive mental health, flourishing",86.7,,,percent,,v111449099,2015,2016A000211,Percent,units
2015,2015,Prince Edward Island,Females,35 to 49 years,"Positive mental health, flourishing",78.7,,,percent,,v111449100,2015,2016A000211,Percent,units
2015,2015,Prince Edward Island,Females,35 to 49 years,"Positive mental health, flourishing",94.7,,,percent,,v111449101,2015,2016A000211,Percent,units
2015,2015,Prince Edward Island,Males,35 to 49 years,"Positive mental health, flourishing",,12300.0,,,,v111449076,2015,2016A000211,Number,units
2015,2015,Prince Edward Island,Males,35 to 49 years,"Positive mental health, flourishing",,,13600.0,,,v111449077,2015,2016A000211,Number,units
2015,2015,Prince Edward Island,Males,35 to 49 years,"Positive mental health, flourishing",95.5,,,percent,,v111449078,2015,2016A000211,Percent,units
2015,2015,Prince Edward Island,Males,35 to 49 years,"Positive mental health, flourishing",90.8,,,percent,,v111449079,2015,2016A000211,Percent,units
2015,2015,Prince Edward Island,Males,35 to 49 years,"Positive mental health, flourishing",100.2,,,percent,,v111449080,2015,2016A000211,Percent,units
2015,2015,Prince Edward Island,Males,35 to 49 years,Suicidal thoughts (15 years and over),,600.0,,,,v111449083,2015,2016A000211,Number,units
2015,2015,Prince Edward Island,Males,35 to 49 years,Suicidal thoughts (15 years and over),,,3000.0,,,v111449084,2015,2016A000211,Number,units
2015,2015,Prince Edward Island,Males,35 to 49 years,Suicidal thoughts (15 years and over),13.1,,,percent,e,v111449085,2015,2016A000211,Percent,units
2015,2015,Prince Edward Island,Males,35 to 49 years,Suicidal thoughts (15 years and over),4.1,,,percent,e,v111449086,2015,2016A000211,Percent,units
2015,2015,Prince Edward Island,Males,35 to 49 years,Suicidal thoughts (15 years and over),22.1,,,percent,e,v111449087,2015,2016A000211,Percent,units
2015,2015,Prince Edward Island,Both sexes,50 to 64 years,Consultation with a health professional about emotional or mental health,,2300.0,,,,v111449111,2015,2016A000211,Number,units
2015,2015,Prince Edward Island,Both sexes,50 to 64 years,Consultation with a health professional about emotional or mental health,,,4800.0,,,v111449112,2015,2016A000211,Number,units
2015,2015,Prince Edward Island,Both sexes,50 to 64 years,Consultation with a health professional about emotional or mental health,10.9,,,percent,e,v111449113,2015,2016A000211,Percent,units
2015,2015,Prince Edward Island,Both sexes,50 to 64 years,Consultation with a health professional about emotional or mental health,7.0,,,percent,e,v111449114,2015,2016A000211,Percent,units
2015,2015,Prince Edward Island,Both sexes,50 to 64 years,Consultation with a health professional about emotional or mental health,14.9,,,percent,e,v111449115,2015,2016A000211,Percent,units
2015,2015,Prince Edward Island,Both sexes,50 to 64 years,"Positive mental health, flourishing",,27100.0,,,,v111449118,2015,2016A000211,Number,units
2015,2015,Prince Edward Island,Both sexes,50 to 64 years,"Positive mental health, flourishing",,,30200.0,,,v111449119,2015,2016A000211,Number,units
2015,2015,Prince Edward Island,Both sexes,50 to 64 years,"Positive mental health, flourishing",88.7,,,percent,,v111449120,2015,2016A000211,Percent,units
2015,2015,Prince Edward Island,Both sexes,50 to 64 years,"Positive mental health, flourishing",84.4,,,percent,,v111449121,2015,2016A000211,Percent,units
2015,2015,Prince Edward Island,Both sexes,50 to 64 years,"Positive mental health, flourishing",92.9,,,percent,,v111449122,2015,2016A000211,Percent,units
2015,2015,Prince Edward Island,Both sexes,50 to 64 years,Suicidal thoughts (15 years and over),,2400.0,,,,v111449125,2015,2016A000211,Number,units
2015,2015,Prince Edward Island,Both sexes,50 to 64 years,Suicidal thoughts (15 years and over),,,5600.0,,,v111449126,2015,2016A000211,Number,units
2015,2015,Prince Edward Island,Both sexes,50 to 64 years,Suicidal thoughts (15 years and over),12.5,,,percent,e,v111449127,2015,2016A000211,Percent,units
2015,2015,Prince Edward Island,Both sexes,50 to 64 years,Suicidal thoughts (15 years and over),7.4,,,percent,e,v111449128,2015,2016A000211,Percent,units
2015,2015,Prince Edward Island,Both sexes,50 to 64 years,Suicidal thoughts (15 years and over),17.6,,,percent,e,v111449129,2015,2016A000211,Percent,units
2015,2015,Prince Edward Island,Females,50 to 64 years,Consultation with a health professional about emotional or mental health,,1500.0,,,,v111449153,2015,2016A000211,Number,units
2015,2015,Prince Edward Island,Females,50 to 64 years,Consultation with a health professional about emotional or mental health,,,3600.0,,,v111449154,2015,2016A000211,Number,units
2015,2015,Prince Edward Island,Females,50 to 64 years,Consultation with a health professional about emotional or mental health,15.7,,,percent,e,v111449155,2015,2016A000211,Percent,units
2015,2015,Prince Edward Island,Females,50 to 64 years,Consultation with a health professional about emotional or mental health,9.4,,,percent,e,v111449156,2015,2016A000211,Percent,units
2015,2015,Prince Edward Island,Females,50 to 64 years,Consultation with a health professional about emotional or mental health,22.0,,,percent,e,v111449157,2015,2016A000211,Percent,units
2015,2015,Prince Edward Island,Females,50 to 64 years,"Positive mental health, flourishing",,12600.0,,,,v111449160,2015,2016A000211,Number,units
2015,2015,Prince Edward Island,Females,50 to 64 years,"Positive mental health, flourishing",,,15200.0,,,v111449161,2015,2016A000211,Number,units
2015,2015,Prince Edward Island,Females,50 to 64 years,"Positive mental health, flourishing",85.0,,,percent,,v111449162,2015,2016A000211,Percent,units
2015,2015,Prince Edward Island,Females,50 to 64 years,"Positive mental health, flourishing",78.3,,,percent,,v111449163,2015,2016A000211,Percent,units
2015,2015,Prince Edward Island,Females,50 to 64 years,"Positive mental health, flourishing",91.7,,,percent,,v111449164,2015,2016A000211,Percent,units
2015,2015,Prince Edward Island,Females,50 to 64 years,Suicidal thoughts (15 years and over),,900.0,,,,v111449167,2015,2016A000211,Number,units
2015,2015,Prince Edward Island,Females,50 to 64 years,Suicidal thoughts (15 years and over),,,3000.0,,,v111449168,2015,2016A000211,Number,units
2015,2015,Prince Edward Island,Females,50 to 64 years,Suicidal thoughts (15 years and over),11.9,,,percent,e,v111449169,2015,2016A000211,Percent,units
2015,2015,Prince Edward Island,Females,50 to 64 years,Suicidal thoughts (15 years and over),5.6,,,percent,e,v111449170,2015,2016A000211,Percent,units
2015,2015,Prince Edward Island,Females,50 to 64 years,Suicidal thoughts (15 years and over),18.1,,,percent,e,v111449171,2015,2016A000211,Percent,units
2015,2015,Prince Edward Island,Males,50 to 64 years,"Positive mental health, flourishing",,13900.0,,,,v111449139,2015,2016A000211,Number,units
2015,2015,Prince Edward Island,Males,50 to 64 years,"Positive mental health, flourishing",,,15500.0,,,v111449140,2015,2016A000211,Number,units
2015,2015,Prince Edward Island,Males,50 to 64 years,"Positive mental health, flourishing",92.5,,,percent,,v111449141,2015,2016A000211,Percent,units
2015,2015,Prince Edward Island,Males,50 to 64 years,"Positive mental health, flourishing",87.5,,,percent,,v111449142,2015,2016A000211,Percent,units
2015,2015,Prince Edward Island,Males,50 to 64 years,"Positive mental health, flourishing",97.5,,,percent,,v111449143,2015,2016A000211,Percent,units
2015,2015,Prince Edward Island,Males,50 to 64 years,Suicidal thoughts (15 years and over),,800.0,,,,v111449146,2015,2016A000211,Number,units
2015,2015,Prince Edward Island,Males,50 to 64 years,Suicidal thoughts (15 years and over),,,3300.0,,,v111449147,2015,2016A000211,Number,units
2015,2015,Prince Edward Island,Males,50 to 64 years,Suicidal thoughts (15 years and over),13.1,,,percent,e,v111449148,2015,2016A000211,Percent,units
2015,2015,Prince Edward Island,Males,50 to 64 years,Suicidal thoughts (15 years and over),5.2,,,percent,e,v111449149,2015,2016A000211,Percent,units
2015,2015,Prince Edward Island,Males,50 to 64 years,Suicidal thoughts (15 years and over),21.1,,,percent,e,v111449150,2015,2016A000211,Percent,units
2015,2015,Prince Edward Island,Both sexes,65 years and over,Consultation with a health professional about emotional or mental health,,500.0,,,,v111449174,2015,2016A000211,Number,units
2015,2015,Prince Edward Island,Both sexes,65 years and over,Consultation with a health professional about emotional or mental health,,,1800.0,,,v111449175,2015,2016A000211,Number,units
2015,2015,Prince Edward Island,Both sexes,65 years and over,Consultation with a health professional about emotional or mental health,4.7,,,percent,e,v111449176,2015,2016A000211,Percent,units
2015,2015,Prince Edward Island,Both sexes,65 years and over,Consultation with a health professional about emotional or mental health,2.2,,,percent,e,v111449177,2015,2016A000211,Percent,units
2015,2015,Prince Edward Island,Both sexes,65 years and over,Consultation with a health professional about emotional or mental health,7.3,,,percent,e,v111449178,2015,2016A000211,Percent,units
2015,2015,Prince Edward Island,Both sexes,65 years and over,"Positive mental health, flourishing",,21000.0,,,,v111449181,2015,2016A000211,Number,units
2015,2015,Prince Edward Island,Both sexes,65 years and over,"Positive mental health, flourishing",,,23500.0,,,v111449182,2015,2016A000211,Number,units
2015,2015,Prince Edward Island,Both sexes,65 years and over,"Positive mental health, flourishing",91.3,,,percent,,v111449183,2015,2016A000211,Percent,units
2015,2015,Prince Edward Island,Both sexes,65 years and over,"Positive mental health, flourishing",87.5,,,percent,,v111449184,2015,2016A000211,Percent,units
2015,2015,Prince Edward Island,Both sexes,65 years and over,"Positive mental health, flourishing",95.1,,,percent,,v111449185,2015,2016A000211,Percent,units
2015,2015,Prince Edward Island,Both sexes,65 years and over,Suicidal thoughts (15 years and over),,300.0,,,,v111449188,2015,2016A000211,Number,units
2015,2015,Prince Edward Island,Both sexes,65 years and over,Suicidal thoughts (15 years and over),,,1200.0,,,v111449189,2015,2016A000211,Number,units
2015,2015,Prince Edward Island,Both sexes,65 years and over,Suicidal thoughts (15 years and over),3.0,,,percent,e,v111449190,2015,2016A000211,Percent,units
2015,2015,Prince Edward Island,Both sexes,65 years and over,Suicidal thoughts (15 years and over),1.2,,,percent,e,v111449191,2015,2016A000211,Percent,units
2015,2015,Prince Edward Island,Both sexes,65 years and over,Suicidal thoughts (15 years and over),4.8,,,percent,e,v111449192,2015,2016A000211,Percent,units
2015,2015,Prince Edward Island,Females,65 years and over,Consultation with a health professional about emotional or mental health,,300.0,,,,v111449216,2015,2016A000211,Number,units
2015,2015,Prince Edward Island,Females,65 years and over,Consultation with a health professional about emotional or mental health,,,1200.0,,,v111449217,2015,2016A000211,Number,units
2015,2015,Prince Edward Island,Females,65 years and over,Consultation with a health professional about emotional or mental health,5.4,,,percent,e,v111449218,2015,2016A000211,Percent,units
2015,2015,Prince Edward Island,Females,65 years and over,Consultation with a health professional about emotional or mental health,2.1,,,percent,e,v111449219,2015,2016A000211,Percent,units
2015,2015,Prince Edward Island,Females,65 years and over,Consultation with a health professional about emotional or mental health,8.8,,,percent,e,v111449220,2015,2016A000211,Percent,units
2015,2015,Prince Edward Island,Females,65 years and over,"Positive mental health, flourishing",,11800.0,,,,v111449223,2015,2016A000211,Number,units
2015,2015,Prince Edward Island,Females,65 years and over,"Positive mental health, flourishing",,,13200.0,,,v111449224,2015,2016A000211,Number,units
2015,2015,Prince Edward Island,Females,65 years and over,"Positive mental health, flourishing",93.3,,,percent,,v111449225,2015,2016A000211,Percent,units
2015,2015,Prince Edward Island,Females,65 years and over,"Positive mental health, flourishing",89.4,,,percent,,v111449226,2015,2016A000211,Percent,units
2015,2015,Prince Edward Island,Females,65 years and over,"Positive mental health, flourishing",97.2,,,percent,,v111449227,2015,2016A000211,Percent,units
2015,2015,Prince Edward Island,Males,65 years and over,"Positive mental health, flourishing",,8700.0,,,,v111449202,2015,2016A000211,Number,units
2015,2015,Prince Edward Island,Males,65 years and over,"Positive mental health, flourishing",,,10800.0,,,v111449203,2015,2016A000211,Number,units
2015,2015,Prince Edward Island,Males,65 years and over,"Positive mental health, flourishing",88.8,,,percent,,v111449204,2015,2016A000211,Percent,units
2015,2015,Prince Edward Island,Males,65 years and over,"Positive mental health, flourishing",81.9,,,percent,,v111449205,2015,2016A000211,Percent,units
2015,2015,Prince Edward Island,Males,65 years and over,"Positive mental health, flourishing",95.7,,,percent,,v111449206,2015,2016A000211,Percent,units
2015,2015,Prince Edward Island,Both sexes,"Total, 12 years and over",Consultation with a health professional about emotional or mental health,,10400.0,,,,v111448859,2015,2016A000211,Number,units
2015,2015,Prince Edward Island,Both sexes,"Total, 12 years and over",Consultation with a health professional about emotional or mental health,,,15600.0,,,v111448860,2015,2016A000211,Number,units
2015,2015,Prince Edward Island,Both sexes,"Total, 12 years and over",Consultation with a health professional about emotional or mental health,10.6,,,percent,,v111448861,2015,2016A000211,Percent,units
2015,2015,Prince Edward Island,Both sexes,"Total, 12 years and over",Consultation with a health professional about emotional or mental health,8.5,,,percent,,v111448862,2015,2016A000211,Percent,units
2015,2015,Prince Edward Island,Both sexes,"Total, 12 years and over",Consultation with a health professional about emotional or mental health,12.7,,,percent,,v111448863,2015,2016A000211,Percent,units
2015,2015,Prince Edward Island,Both sexes,"Total, 12 years and over","Positive mental health, flourishing",,107400.0,,,,v111448866,2015,2016A000211,Number,units
2015,2015,Prince Edward Island,Both sexes,"Total, 12 years and over","Positive mental health, flourishing",,,113400.0,,,v111448867,2015,2016A000211,Number,units
2015,2015,Prince Edward Island,Both sexes,"Total, 12 years and over","Positive mental health, flourishing",90.0,,,percent,,v111448868,2015,2016A000211,Percent,units
2015,2015,Prince Edward Island,Both sexes,"Total, 12 years and over","Positive mental health, flourishing",87.8,,,percent,,v111448869,2015,2016A000211,Percent,units
2015,2015,Prince Edward Island,Both sexes,"Total, 12 years and over","Positive mental health, flourishing",92.2,,,percent,,v111448870,2015,2016A000211,Percent,units
2015,2015,Prince Edward Island,Both sexes,"Total, 12 years and over",Suicidal thoughts (15 years and over),,7400.0,,,,v111448873,2015,2016A000211,Number,units
2015,2015,Prince Edward Island,Both sexes,"Total, 12 years and over",Suicidal thoughts (15 years and over),,,12800.0,,,v111448874,2015,2016A000211,Number,units
2015,2015,Prince Edward Island,Both sexes,"Total, 12 years and over",Suicidal thoughts (15 years and over),8.6,,,percent,,v111448875,2015,2016A000211,Percent,units
2015,2015,Prince Edward Island,Both sexes,"Total, 12 years and over",Suicidal thoughts (15 years and over),6.4,,,percent,,v111448876,2015,2016A000211,Percent,units
2015,2015,Prince Edward Island,Both sexes,"Total, 12 years and over",Suicidal thoughts (15 years and over),10.9,,,percent,,v111448877,2015,2016A000211,Percent,units
2015,2015,Prince Edward Island,Females,"Total, 12 years and over",Consultation with a health professional about emotional or mental health,,6600.0,,,,v111448901,2015,2016A000211,Number,units
2015,2015,Prince Edward Island,Females,"Total, 12 years and over",Consultation with a health professional about emotional or mental health,,,10600.0,,,v111448902,2015,2016A000211,Number,units
2015,2015,Prince Edward Island,Females,"Total, 12 years and over",Consultation with a health professional about emotional or mental health,13.6,,,percent,,v111448903,2015,2016A000211,Percent,units
2015,2015,Prince Edward Island,Females,"Total, 12 years and over",Consultation with a health professional about emotional or mental health,10.5,,,percent,,v111448904,2015,2016A000211,Percent,units
2015,2015,Prince Edward Island,Females,"Total, 12 years and over",Consultation with a health professional about emotional or mental health,16.7,,,percent,,v111448905,2015,2016A000211,Percent,units
2015,2015,Prince Edward Island,Females,"Total, 12 years and over","Positive mental health, flourishing",,54300.0,,,,v111448908,2015,2016A000211,Number,units
2015,2015,Prince Edward Island,Females,"Total, 12 years and over","Positive mental health, flourishing",,,58400.0,,,v111448909,2015,2016A000211,Number,units
2015,2015,Prince Edward Island,Females,"Total, 12 years and over","Positive mental health, flourishing",89.0,,,percent,,v111448910,2015,2016A000211,Percent,units
2015,2015,Prince Edward Island,Females,"Total, 12 years and over","Positive mental health, flourishing",86.0,,,percent,,v111448911,2015,2016A000211,Percent,units
2015,2015,Prince Edward Island,Females,"Total, 12 years and over","Positive mental health, flourishing",91.9,,,percent,,v111448912,2015,2016A000211,Percent,units
2015,2015,Prince Edward Island,Females,"Total, 12 years and over",Suicidal thoughts (15 years and over),,3200.0,,,,v111448915,2015,2016A000211,Number,units
2015,2015,Prince Edward Island,Females,"Total, 12 years and over",Suicidal thoughts (15 years and over),,,6500.0,,,v111448916,2015,2016A000211,Number,units
2015,2015,Prince Edward Island,Females,"Total, 12 years and over",Suicidal thoughts (15 years and over),7.9,,,percent,e,v111448917,2015,2016A000211,Percent,units
2015,2015,Prince Edward Island,Females,"Total, 12 years and over",Suicidal thoughts (15 years and over),5.2,,,percent,e,v111448918,2015,2016A000211,Percent,units
2015,2015,Prince Edward Island,Females,"Total, 12 years and over",Suicidal thoughts (15 years and over),10.5,,,percent,e,v111448919,2015,2016A000211,Percent,units
2015,2015,Prince Edward Island,Males,"Total, 12 years and over",Consultation with a health professional about emotional or mental health,,2600.0,,,,v111448880,2015,2016A000211,Number,units
2015,2015,Prince Edward Island,Males,"Total, 12 years and over",Consultation with a health professional about emotional or mental health,,,6200.0,,,v111448881,2015,2016A000211,Number,units
2015,2015,Prince Edward Island,Males,"Total, 12 years and over",Consultation with a health professional about emotional or mental health,7.4,,,percent,e,v111448882,2015,2016A000211,Percent,units
2015,2015,Prince Edward Island,Males,"Total, 12 years and over",Consultation with a health professional about emotional or mental health,4.4,,,percent,e,v111448883,2015,2016A000211,Percent,units
2015,2015,Prince Edward Island,Males,"Total, 12 years and over",Consultation with a health professional about emotional or mental health,10.4,,,percent,e,v111448884,2015,2016A000211,Percent,units
2015,2015,Prince Edward Island,Males,"Total, 12 years and over","Positive mental health, flourishing",,51800.0,,,,v111448887,2015,2016A000211,Number,units
2015,2015,Prince Edward Island,Males,"Total, 12 years and over","Positive mental health, flourishing",,,56200.0,,,v111448888,2015,2016A000211,Number,units
2015,2015,Prince Edward Island,Males,"Total, 12 years and over","Positive mental health, flourishing",91.2,,,percent,,v111448889,2015,2016A000211,Percent,units
2015,2015,Prince Edward Island,Males,"Total, 12 years and over","Positive mental health, flourishing",87.9,,,percent,,v111448890,2015,2016A000211,Percent,units
2015,2015,Prince Edward Island,Males,"Total, 12 years and over","Positive mental health, flourishing",94.5,,,percent,,v111448891,2015,2016A000211,Percent,units
2015,2015,Prince Edward Island,Males,"Total, 12 years and over",Suicidal thoughts (15 years and over),,3300.0,,,,v111448894,2015,2016A000211,Number,units
2015,2015,Prince Edward Island,Males,"Total, 12 years and over",Suicidal thoughts (15 years and over),,,7300.0,,,v111448895,2015,2016A000211,Number,units
2015,2015,Prince Edward Island,Males,"Total, 12 years and over",Suicidal thoughts (15 years and over),9.5,,,percent,e,v111448896,2015,2016A000211,Percent,units
2015,2015,Prince Edward Island,Males,"Total, 12 years and over",Suicidal thoughts (15 years and over),5.8,,,percent,e,v111448897,2015,2016A000211,Percent,units
2015,2015,Prince Edward Island,Males,"Total, 12 years and over",Suicidal thoughts (15 years and over),13.1,,,percent,e,v111448898,2015,2016A000211,Percent,units
2015,2015,Quebec,Both sexes,12 to 17 years,Consultation with a health professional about emotional or mental health,,31600.0,,,,v111450056,2015,2016A000224,Number,units
2015,2015,Quebec,Both sexes,12 to 17 years,Consultation with a health professional about emotional or mental health,,,57300.0,,,v111450057,2015,2016A000224,Number,units
2015,2015,Quebec,Both sexes,12 to 17 years,Consultation with a health professional about emotional or mental health,9.7,,,percent,,v111450058,2015,2016A000224,Percent,units
2015,2015,Quebec,Both sexes,12 to 17 years,Consultation with a health professional about emotional or mental health,6.9,,,percent,,v111450059,2015,2016A000224,Percent,units
2015,2015,Quebec,Both sexes,12 to 17 years,Consultation with a health professional about emotional or mental health,12.5,,,percent,,v111450060,2015,2016A000224,Percent,units
2015,2015,Quebec,Both sexes,12 to 17 years,"Positive mental health, flourishing",,373200.0,,,,v111450063,2015,2016A000224,Number,units
2015,2015,Quebec,Both sexes,12 to 17 years,"Positive mental health, flourishing",,,403000.0,,,v111450064,2015,2016A000224,Number,units
2015,2015,Quebec,Both sexes,12 to 17 years,"Positive mental health, flourishing",84.3,,,percent,,v111450065,2015,2016A000224,Percent,units
2015,2015,Quebec,Both sexes,12 to 17 years,"Positive mental health, flourishing",81.2,,,percent,,v111450066,2015,2016A000224,Percent,units
2015,2015,Quebec,Both sexes,12 to 17 years,"Positive mental health, flourishing",87.5,,,percent,,v111450067,2015,2016A000224,Percent,units
2015,2015,Quebec,Both sexes,12 to 17 years,Suicidal thoughts (15 years and over),,15500.0,,,,v111450070,2015,2016A000224,Number,units
2015,2015,Quebec,Both sexes,12 to 17 years,Suicidal thoughts (15 years and over),,,33900.0,,,v111450071,2015,2016A000224,Number,units
2015,2015,Quebec,Both sexes,12 to 17 years,Suicidal thoughts (15 years and over),10.6,,,percent,e,v111450072,2015,2016A000224,Percent,units
2015,2015,Quebec,Both sexes,12 to 17 years,Suicidal thoughts (15 years and over),6.8,,,percent,e,v111450073,2015,2016A000224,Percent,units
2015,2015,Quebec,Both sexes,12 to 17 years,Suicidal thoughts (15 years and over),14.4,,,percent,e,v111450074,2015,2016A000224,Percent,units
2015,2015,Quebec,Females,12 to 17 years,Consultation with a health professional about emotional or mental health,,14600.0,,,,v111450098,2015,2016A000224,Number,units
2015,2015,Quebec,Females,12 to 17 years,Consultation with a health professional about emotional or mental health,,,32700.0,,,v111450099,2015,2016A000224,Number,units
2015,2015,Quebec,Females,12 to 17 years,Consultation with a health professional about emotional or mental health,10.5,,,percent,e,v111450100,2015,2016A000224,Percent,units
2015,2015,Quebec,Females,12 to 17 years,Consultation with a health professional about emotional or mental health,6.4,,,percent,e,v111450101,2015,2016A000224,Percent,units
2015,2015,Quebec,Females,12 to 17 years,Consultation with a health professional about emotional or mental health,14.5,,,percent,e,v111450102,2015,2016A000224,Percent,units
2015,2015,Quebec,Females,12 to 17 years,"Positive mental health, flourishing",,175600.0,,,,v111450105,2015,2016A000224,Number,units
2015,2015,Quebec,Females,12 to 17 years,"Positive mental health, flourishing",,,195800.0,,,v111450106,2015,2016A000224,Number,units
2015,2015,Quebec,Females,12 to 17 years,"Positive mental health, flourishing",82.1,,,percent,,v111450107,2015,2016A000224,Percent,units
2015,2015,Quebec,Females,12 to 17 years,"Positive mental health, flourishing",77.8,,,percent,,v111450108,2015,2016A000224,Percent,units
2015,2015,Quebec,Females,12 to 17 years,"Positive mental health, flourishing",86.4,,,percent,,v111450109,2015,2016A000224,Percent,units
2015,2015,Quebec,Females,12 to 17 years,Suicidal thoughts (15 years and over),,8600.0,,,,v111450112,2015,2016A000224,Number,units
2015,2015,Quebec,Females,12 to 17 years,Suicidal thoughts (15 years and over),,,22200.0,,,v111450113,2015,2016A000224,Number,units
2015,2015,Quebec,Females,12 to 17 years,Suicidal thoughts (15 years and over),14.6,,,percent,e,v111450114,2015,2016A000224,Percent,units
2015,2015,Quebec,Females,12 to 17 years,Suicidal thoughts (15 years and over),8.5,,,percent,e,v111450115,2015,2016A000224,Percent,units
2015,2015,Quebec,Females,12 to 17 years,Suicidal thoughts (15 years and over),20.6,,,percent,e,v111450116,2015,2016A000224,Percent,units
2015,2015,Quebec,Males,12 to 17 years,Consultation with a health professional about emotional or mental health,,11900.0,,,,v111450077,2015,2016A000224,Number,units
2015,2015,Quebec,Males,12 to 17 years,Consultation with a health professional about emotional or mental health,,,29700.0,,,v111450078,2015,2016A000224,Number,units
2015,2015,Quebec,Males,12 to 17 years,Consultation with a health professional about emotional or mental health,8.9,,,percent,e,v111450079,2015,2016A000224,Percent,units
2015,2015,Quebec,Males,12 to 17 years,Consultation with a health professional about emotional or mental health,5.1,,,percent,e,v111450080,2015,2016A000224,Percent,units
2015,2015,Quebec,Males,12 to 17 years,Consultation with a health professional about emotional or mental health,12.7,,,percent,e,v111450081,2015,2016A000224,Percent,units
2015,2015,Quebec,Males,12 to 17 years,"Positive mental health, flourishing",,191500.0,,,,v111450084,2015,2016A000224,Number,units
2015,2015,Quebec,Males,12 to 17 years,"Positive mental health, flourishing",,,213400.0,,,v111450085,2015,2016A000224,Number,units
2015,2015,Quebec,Males,12 to 17 years,"Positive mental health, flourishing",86.4,,,percent,,v111450086,2015,2016A000224,Percent,units
2015,2015,Quebec,Males,12 to 17 years,"Positive mental health, flourishing",81.9,,,percent,,v111450087,2015,2016A000224,Percent,units
2015,2015,Quebec,Males,12 to 17 years,"Positive mental health, flourishing",91.0,,,percent,,v111450088,2015,2016A000224,Percent,units
2015,2015,Quebec,Males,12 to 17 years,Suicidal thoughts (15 years and over),,2900.0,,,,v111450091,2015,2016A000224,Number,units
2015,2015,Quebec,Males,12 to 17 years,Suicidal thoughts (15 years and over),,,15600.0,,,v111450092,2015,2016A000224,Number,units
2015,2015,Quebec,Males,12 to 17 years,Suicidal thoughts (15 years and over),7.3,,,percent,e,v111450093,2015,2016A000224,Percent,units
2015,2015,Quebec,Males,12 to 17 years,Suicidal thoughts (15 years and over),2.3,,,percent,e,v111450094,2015,2016A000224,Percent,units
2015,2015,Quebec,Males,12 to 17 years,Suicidal thoughts (15 years and over),12.3,,,percent,e,v111450095,2015,2016A000224,Percent,units
2015,2015,Quebec,Both sexes,18 to 34 years,Consultation with a health professional about emotional or mental health,,244300.0,,,,v111450119,2015,2016A000224,Number,units
2015,2015,Quebec,Both sexes,18 to 34 years,Consultation with a health professional about emotional or mental health,,,328800.0,,,v111450120,2015,2016A000224,Number,units
2015,2015,Quebec,Both sexes,18 to 34 years,Consultation with a health professional about emotional or mental health,16.2,,,percent,,v111450121,2015,2016A000224,Percent,units
2015,2015,Quebec,Both sexes,18 to 34 years,Consultation with a health professional about emotional or mental health,13.8,,,percent,,v111450122,2015,2016A000224,Percent,units
2015,2015,Quebec,Both sexes,18 to 34 years,Consultation with a health professional about emotional or mental health,18.6,,,percent,,v111450123,2015,2016A000224,Percent,units
2015,2015,Quebec,Both sexes,18 to 34 years,"Positive mental health, flourishing",,1335100.0,,,,v111450126,2015,2016A000224,Number,units
2015,2015,Quebec,Both sexes,18 to 34 years,"Positive mental health, flourishing",,,1435600.0,,,v111450127,2015,2016A000224,Number,units
2015,2015,Quebec,Both sexes,18 to 34 years,"Positive mental health, flourishing",78.5,,,percent,,v111450128,2015,2016A000224,Percent,units
2015,2015,Quebec,Both sexes,18 to 34 years,"Positive mental health, flourishing",75.7,,,percent,,v111450129,2015,2016A000224,Percent,units
2015,2015,Quebec,Both sexes,18 to 34 years,"Positive mental health, flourishing",81.3,,,percent,,v111450130,2015,2016A000224,Percent,units
2015,2015,Quebec,Both sexes,18 to 34 years,Suicidal thoughts (15 years and over),,230600.0,,,,v111450133,2015,2016A000224,Number,units
2015,2015,Quebec,Both sexes,18 to 34 years,Suicidal thoughts (15 years and over),,,308300.0,,,v111450134,2015,2016A000224,Number,units
2015,2015,Quebec,Both sexes,18 to 34 years,Suicidal thoughts (15 years and over),15.3,,,percent,,v111450135,2015,2016A000224,Percent,units
2015,2015,Quebec,Both sexes,18 to 34 years,Suicidal thoughts (15 years and over),13.1,,,percent,,v111450136,2015,2016A000224,Percent,units
2015,2015,Quebec,Both sexes,18 to 34 years,Suicidal thoughts (15 years and over),17.5,,,percent,,v111450137,2015,2016A000224,Percent,units
2015,2015,Quebec,Females,18 to 34 years,Consultation with a health professional about emotional or mental health,,147500.0,,,,v111450161,2015,2016A000224,Number,units
2015,2015,Quebec,Females,18 to 34 years,Consultation with a health professional about emotional or mental health,,,210900.0,,,v111450162,2015,2016A000224,Number,units
2015,2015,Quebec,Females,18 to 34 years,Consultation with a health professional about emotional or mental health,20.3,,,percent,,v111450163,2015,2016A000224,Percent,units
2015,2015,Quebec,Females,18 to 34 years,Consultation with a health professional about emotional or mental health,16.7,,,percent,,v111450164,2015,2016A000224,Percent,units
2015,2015,Quebec,Females,18 to 34 years,Consultation with a health professional about emotional or mental health,23.9,,,percent,,v111450165,2015,2016A000224,Percent,units
2015,2015,Quebec,Females,18 to 34 years,"Positive mental health, flourishing",,635700.0,,,,v111450168,2015,2016A000224,Number,units
2015,2015,Quebec,Females,18 to 34 years,"Positive mental health, flourishing",,,703700.0,,,v111450169,2015,2016A000224,Number,units
2015,2015,Quebec,Females,18 to 34 years,"Positive mental health, flourishing",76.0,,,percent,,v111450170,2015,2016A000224,Percent,units
2015,2015,Quebec,Females,18 to 34 years,"Positive mental health, flourishing",72.1,,,percent,,v111450171,2015,2016A000224,Percent,units
2015,2015,Quebec,Females,18 to 34 years,"Positive mental health, flourishing",79.8,,,percent,,v111450172,2015,2016A000224,Percent,units
2015,2015,Quebec,Females,18 to 34 years,Suicidal thoughts (15 years and over),,115600.0,,,,v111450175,2015,2016A000224,Number,units
2015,2015,Quebec,Females,18 to 34 years,Suicidal thoughts (15 years and over),,,175500.0,,,v111450176,2015,2016A000224,Number,units
2015,2015,Quebec,Females,18 to 34 years,Suicidal thoughts (15 years and over),16.5,,,percent,,v111450177,2015,2016A000224,Percent,units
2015,2015,Quebec,Females,18 to 34 years,Suicidal thoughts (15 years and over),13.1,,,percent,,v111450178,2015,2016A000224,Percent,units
2015,2015,Quebec,Females,18 to 34 years,Suicidal thoughts (15 years and over),19.9,,,percent,,v111450179,2015,2016A000224,Percent,units
2015,2015,Quebec,Males,18 to 34 years,Consultation with a health professional about emotional or mental health,,77600.0,,,,v111450140,2015,2016A000224,Number,units
2015,2015,Quebec,Males,18 to 34 years,Consultation with a health professional about emotional or mental health,,,137100.0,,,v111450141,2015,2016A000224,Number,units
2015,2015,Quebec,Males,18 to 34 years,Consultation with a health professional about emotional or mental health,12.1,,,percent,,v111450142,2015,2016A000224,Percent,units
2015,2015,Quebec,Males,18 to 34 years,Consultation with a health professional about emotional or mental health,8.8,,,percent,,v111450143,2015,2016A000224,Percent,units
2015,2015,Quebec,Males,18 to 34 years,Consultation with a health professional about emotional or mental health,15.5,,,percent,,v111450144,2015,2016A000224,Percent,units
2015,2015,Quebec,Males,18 to 34 years,"Positive mental health, flourishing",,682600.0,,,,v111450147,2015,2016A000224,Number,units
2015,2015,Quebec,Males,18 to 34 years,"Positive mental health, flourishing",,,748700.0,,,v111450148,2015,2016A000224,Number,units
2015,2015,Quebec,Males,18 to 34 years,"Positive mental health, flourishing",81.1,,,percent,,v111450149,2015,2016A000224,Percent,units
2015,2015,Quebec,Males,18 to 34 years,"Positive mental health, flourishing",77.5,,,percent,,v111450150,2015,2016A000224,Percent,units
2015,2015,Quebec,Males,18 to 34 years,"Positive mental health, flourishing",84.7,,,percent,,v111450151,2015,2016A000224,Percent,units
2015,2015,Quebec,Males,18 to 34 years,Suicidal thoughts (15 years and over),,99800.0,,,,v111450154,2015,2016A000224,Number,units
2015,2015,Quebec,Males,18 to 34 years,Suicidal thoughts (15 years and over),,,148000.0,,,v111450155,2015,2016A000224,Number,units
2015,2015,Quebec,Males,18 to 34 years,Suicidal thoughts (15 years and over),14.0,,,percent,,v111450156,2015,2016A000224,Percent,units
2015,2015,Quebec,Males,18 to 34 years,Suicidal thoughts (15 years and over),11.3,,,percent,,v111450157,2015,2016A000224,Percent,units
2015,2015,Quebec,Males,18 to 34 years,Suicidal thoughts (15 years and over),16.8,,,percent,,v111450158,2015,2016A000224,Percent,units
2015,2015,Quebec,Both sexes,35 to 49 years,Consultation with a health professional about emotional or mental health,,220700.0,,,,v111450182,2015,2016A000224,Number,units
2015,2015,Quebec,Both sexes,35 to 49 years,Consultation with a health professional about emotional or mental health,,,286000.0,,,v111450183,2015,2016A000224,Number,units
2015,2015,Quebec,Both sexes,35 to 49 years,Consultation with a health professional about emotional or mental health,15.8,,,percent,,v111450184,2015,2016A000224,Percent,units
2015,2015,Quebec,Both sexes,35 to 49 years,Consultation with a health professional about emotional or mental health,13.8,,,percent,,v111450185,2015,2016A000224,Percent,units
2015,2015,Quebec,Both sexes,35 to 49 years,Consultation with a health professional about emotional or mental health,17.8,,,percent,,v111450186,2015,2016A000224,Percent,units
2015,2015,Quebec,Both sexes,35 to 49 years,"Positive mental health, flourishing",,1220800.0,,,,v111450189,2015,2016A000224,Number,units
2015,2015,Quebec,Both sexes,35 to 49 years,"Positive mental health, flourishing",,,1302100.0,,,v111450190,2015,2016A000224,Number,units
2015,2015,Quebec,Both sexes,35 to 49 years,"Positive mental health, flourishing",78.3,,,percent,,v111450191,2015,2016A000224,Percent,units
2015,2015,Quebec,Both sexes,35 to 49 years,"Positive mental health, flourishing",75.9,,,percent,,v111450192,2015,2016A000224,Percent,units
2015,2015,Quebec,Both sexes,35 to 49 years,"Positive mental health, flourishing",80.7,,,percent,,v111450193,2015,2016A000224,Percent,units
2015,2015,Quebec,Both sexes,35 to 49 years,Suicidal thoughts (15 years and over),,220100.0,,,,v111450196,2015,2016A000224,Number,units
2015,2015,Quebec,Both sexes,35 to 49 years,Suicidal thoughts (15 years and over),,,286200.0,,,v111450197,2015,2016A000224,Number,units
2015,2015,Quebec,Both sexes,35 to 49 years,Suicidal thoughts (15 years and over),15.7,,,percent,,v111450198,2015,2016A000224,Percent,units
2015,2015,Quebec,Both sexes,35 to 49 years,Suicidal thoughts (15 years and over),13.7,,,percent,,v111450199,2015,2016A000224,Percent,units
2015,2015,Quebec,Both sexes,35 to 49 years,Suicidal thoughts (15 years and over),17.8,,,percent,,v111450200,2015,2016A000224,Percent,units
2015,2015,Quebec,Females,35 to 49 years,Consultation with a health professional about emotional or mental health,,140400.0,,,,v111450224,2015,2016A000224,Number,units
2015,2015,Quebec,Females,35 to 49 years,Consultation with a health professional about emotional or mental health,,,193200.0,,,v111450225,2015,2016A000224,Number,units
2015,2015,Quebec,Females,35 to 49 years,Consultation with a health professional about emotional or mental health,21.1,,,percent,,v111450226,2015,2016A000224,Percent,units
2015,2015,Quebec,Females,35 to 49 years,Consultation with a health professional about emotional or mental health,17.8,,,percent,,v111450227,2015,2016A000224,Percent,units
2015,2015,Quebec,Females,35 to 49 years,Consultation with a health professional about emotional or mental health,24.4,,,percent,,v111450228,2015,2016A000224,Percent,units
2015,2015,Quebec,Females,35 to 49 years,"Positive mental health, flourishing",,597600.0,,,,v111450231,2015,2016A000224,Number,units
2015,2015,Quebec,Females,35 to 49 years,"Positive mental health, flourishing",,,652900.0,,,v111450232,2015,2016A000224,Number,units
2015,2015,Quebec,Females,35 to 49 years,"Positive mental health, flourishing",78.9,,,percent,,v111450233,2015,2016A000224,Percent,units
2015,2015,Quebec,Females,35 to 49 years,"Positive mental health, flourishing",75.6,,,percent,,v111450234,2015,2016A000224,Percent,units
2015,2015,Quebec,Females,35 to 49 years,"Positive mental health, flourishing",82.2,,,percent,,v111450235,2015,2016A000224,Percent,units
2015,2015,Quebec,Females,35 to 49 years,Suicidal thoughts (15 years and over),,105800.0,,,,v111450238,2015,2016A000224,Number,units
2015,2015,Quebec,Females,35 to 49 years,Suicidal thoughts (15 years and over),,,153300.0,,,v111450239,2015,2016A000224,Number,units
2015,2015,Quebec,Females,35 to 49 years,Suicidal thoughts (15 years and over),16.4,,,percent,,v111450240,2015,2016A000224,Percent,units
2015,2015,Quebec,Females,35 to 49 years,Suicidal thoughts (15 years and over),13.4,,,percent,,v111450241,2015,2016A000224,Percent,units
2015,2015,Quebec,Females,35 to 49 years,Suicidal thoughts (15 years and over),19.4,,,percent,,v111450242,2015,2016A000224,Percent,units
2015,2015,Quebec,Males,35 to 49 years,Consultation with a health professional about emotional or mental health,,67700.0,,,,v111450203,2015,2016A000224,Number,units
2015,2015,Quebec,Males,35 to 49 years,Consultation with a health professional about emotional or mental health,,,105400.0,,,v111450204,2015,2016A000224,Number,units
2015,2015,Quebec,Males,35 to 49 years,Consultation with a health professional about emotional or mental health,10.6,,,percent,,v111450205,2015,2016A000224,Percent,units
2015,2015,Quebec,Males,35 to 49 years,Consultation with a health professional about emotional or mental health,8.3,,,percent,,v111450206,2015,2016A000224,Percent,units
2015,2015,Quebec,Males,35 to 49 years,Consultation with a health professional about emotional or mental health,13.0,,,percent,,v111450207,2015,2016A000224,Percent,units
2015,2015,Quebec,Males,35 to 49 years,"Positive mental health, flourishing",,606100.0,,,,v111450210,2015,2016A000224,Number,units
2015,2015,Quebec,Males,35 to 49 years,"Positive mental health, flourishing",,,666300.0,,,v111450211,2015,2016A000224,Number,units
2015,2015,Quebec,Males,35 to 49 years,"Positive mental health, flourishing",77.8,,,percent,,v111450212,2015,2016A000224,Percent,units
2015,2015,Quebec,Males,35 to 49 years,"Positive mental health, flourishing",74.1,,,percent,,v111450213,2015,2016A000224,Percent,units
2015,2015,Quebec,Males,35 to 49 years,"Positive mental health, flourishing",81.4,,,percent,,v111450214,2015,2016A000224,Percent,units
2015,2015,Quebec,Males,35 to 49 years,Suicidal thoughts (15 years and over),,100100.0,,,,v111450217,2015,2016A000224,Number,units
2015,2015,Quebec,Males,35 to 49 years,Suicidal thoughts (15 years and over),,,147100.0,,,v111450218,2015,2016A000224,Number,units
2015,2015,Quebec,Males,35 to 49 years,Suicidal thoughts (15 years and over),15.1,,,percent,,v111450219,2015,2016A000224,Percent,units
2015,2015,Quebec,Males,35 to 49 years,Suicidal thoughts (15 years and over),12.3,,,percent,,v111450220,2015,2016A000224,Percent,units
2015,2015,Quebec,Males,35 to 49 years,Suicidal thoughts (15 years and over),18.0,,,percent,,v111450221,2015,2016A000224,Percent,units
2015,2015,Quebec,Both sexes,50 to 64 years,Consultation with a health professional about emotional or mental health,,156800.0,,,,v111450245,2015,2016A000224,Number,units
2015,2015,Quebec,Both sexes,50 to 64 years,Consultation with a health professional about emotional or mental health,,,210300.0,,,v111450246,2015,2016A000224,Number,units
2015,2015,Quebec,Both sexes,50 to 64 years,Consultation with a health professional about emotional or mental health,10.3,,,percent,,v111450247,2015,2016A000224,Percent,units
2015,2015,Quebec,Both sexes,50 to 64 years,Consultation with a health professional about emotional or mental health,8.8,,,percent,,v111450248,2015,2016A000224,Percent,units
2015,2015,Quebec,Both sexes,50 to 64 years,Consultation with a health professional about emotional or mental health,11.8,,,percent,,v111450249,2015,2016A000224,Percent,units
2015,2015,Quebec,Both sexes,50 to 64 years,"Positive mental health, flourishing",,1317700.0,,,,v111450252,2015,2016A000224,Number,units
2015,2015,Quebec,Both sexes,50 to 64 years,"Positive mental health, flourishing",,,1402600.0,,,v111450253,2015,2016A000224,Number,units
2015,2015,Quebec,Both sexes,50 to 64 years,"Positive mental health, flourishing",76.4,,,percent,,v111450254,2015,2016A000224,Percent,units
2015,2015,Quebec,Both sexes,50 to 64 years,"Positive mental health, flourishing",74.1,,,percent,,v111450255,2015,2016A000224,Percent,units
2015,2015,Quebec,Both sexes,50 to 64 years,"Positive mental health, flourishing",78.7,,,percent,,v111450256,2015,2016A000224,Percent,units
2015,2015,Quebec,Both sexes,50 to 64 years,Suicidal thoughts (15 years and over),,215400.0,,,,v111450259,2015,2016A000224,Number,units
2015,2015,Quebec,Both sexes,50 to 64 years,Suicidal thoughts (15 years and over),,,270600.0,,,v111450260,2015,2016A000224,Number,units
2015,2015,Quebec,Both sexes,50 to 64 years,Suicidal thoughts (15 years and over),13.7,,,percent,,v111450261,2015,2016A000224,Percent,units
2015,2015,Quebec,Both sexes,50 to 64 years,Suicidal thoughts (15 years and over),12.1,,,percent,,v111450262,2015,2016A000224,Percent,units
2015,2015,Quebec,Both sexes,50 to 64 years,Suicidal thoughts (15 years and over),15.2,,,percent,,v111450263,2015,2016A000224,Percent,units
2015,2015,Quebec,Females,50 to 64 years,Consultation with a health professional about emotional or mental health,,97900.0,,,,v111450287,2015,2016A000224,Number,units
2015,2015,Quebec,Females,50 to 64 years,Consultation with a health professional about emotional or mental health,,,144200.0,,,v111450288,2015,2016A000224,Number,units
2015,2015,Quebec,Females,50 to 64 years,Consultation with a health professional about emotional or mental health,13.7,,,percent,,v111450289,2015,2016A000224,Percent,units
2015,2015,Quebec,Females,50 to 64 years,Consultation with a health professional about emotional or mental health,11.1,,,percent,,v111450290,2015,2016A000224,Percent,units
2015,2015,Quebec,Females,50 to 64 years,Consultation with a health professional about emotional or mental health,16.4,,,percent,,v111450291,2015,2016A000224,Percent,units
2015,2015,Quebec,Females,50 to 64 years,"Positive mental health, flourishing",,639400.0,,,,v111450294,2015,2016A000224,Number,units
2015,2015,Quebec,Females,50 to 64 years,"Positive mental health, flourishing",,,696000.0,,,v111450295,2015,2016A000224,Number,units
2015,2015,Quebec,Females,50 to 64 years,"Positive mental health, flourishing",75.7,,,percent,,v111450296,2015,2016A000224,Percent,units
2015,2015,Quebec,Females,50 to 64 years,"Positive mental health, flourishing",72.6,,,percent,,v111450297,2015,2016A000224,Percent,units
2015,2015,Quebec,Females,50 to 64 years,"Positive mental health, flourishing",78.8,,,percent,,v111450298,2015,2016A000224,Percent,units
2015,2015,Quebec,Females,50 to 64 years,Suicidal thoughts (15 years and over),,110100.0,,,,v111450301,2015,2016A000224,Number,units
2015,2015,Quebec,Females,50 to 64 years,Suicidal thoughts (15 years and over),,,151000.0,,,v111450302,2015,2016A000224,Number,units
2015,2015,Quebec,Females,50 to 64 years,Suicidal thoughts (15 years and over),14.8,,,percent,,v111450303,2015,2016A000224,Percent,units
2015,2015,Quebec,Females,50 to 64 years,Suicidal thoughts (15 years and over),12.5,,,percent,,v111450304,2015,2016A000224,Percent,units
2015,2015,Quebec,Females,50 to 64 years,Suicidal thoughts (15 years and over),17.1,,,percent,,v111450305,2015,2016A000224,Percent,units
2015,2015,Quebec,Males,50 to 64 years,Consultation with a health professional about emotional or mental health,,48700.0,,,,v111450266,2015,2016A000224,Number,units
2015,2015,Quebec,Males,50 to 64 years,Consultation with a health professional about emotional or mental health,,,76200.0,,,v111450267,2015,2016A000224,Number,units
2015,2015,Quebec,Males,50 to 64 years,Consultation with a health professional about emotional or mental health,7.0,,,percent,,v111450268,2015,2016A000224,Percent,units
2015,2015,Quebec,Males,50 to 64 years,Consultation with a health professional about emotional or mental health,5.4,,,percent,,v111450269,2015,2016A000224,Percent,units
2015,2015,Quebec,Males,50 to 64 years,Consultation with a health professional about emotional or mental health,8.5,,,percent,,v111450270,2015,2016A000224,Percent,units
2015,2015,Quebec,Males,50 to 64 years,"Positive mental health, flourishing",,660200.0,,,,v111450273,2015,2016A000224,Number,units
2015,2015,Quebec,Males,50 to 64 years,"Positive mental health, flourishing",,,724700.0,,,v111450274,2015,2016A000224,Number,units
2015,2015,Quebec,Males,50 to 64 years,"Positive mental health, flourishing",77.1,,,percent,,v111450275,2015,2016A000224,Percent,units
2015,2015,Quebec,Males,50 to 64 years,"Positive mental health, flourishing",73.5,,,percent,,v111450276,2015,2016A000224,Percent,units
2015,2015,Quebec,Males,50 to 64 years,"Positive mental health, flourishing",80.7,,,percent,,v111450277,2015,2016A000224,Percent,units
2015,2015,Quebec,Males,50 to 64 years,Suicidal thoughts (15 years and over),,92800.0,,,,v111450280,2015,2016A000224,Number,units
2015,2015,Quebec,Males,50 to 64 years,Suicidal thoughts (15 years and over),,,132100.0,,,v111450281,2015,2016A000224,Number,units
2015,2015,Quebec,Males,50 to 64 years,Suicidal thoughts (15 years and over),12.5,,,percent,,v111450282,2015,2016A000224,Percent,units
2015,2015,Quebec,Males,50 to 64 years,Suicidal thoughts (15 years and over),10.3,,,percent,,v111450283,2015,2016A000224,Percent,units
2015,2015,Quebec,Males,50 to 64 years,Suicidal thoughts (15 years and over),14.7,,,percent,,v111450284,2015,2016A000224,Percent,units
2015,2015,Quebec,Both sexes,65 years and over,Consultation with a health professional about emotional or mental health,,62500.0,,,,v111450308,2015,2016A000224,Number,units
2015,2015,Quebec,Both sexes,65 years and over,Consultation with a health professional about emotional or mental health,,,96600.0,,,v111450309,2015,2016A000224,Number,units
2015,2015,Quebec,Both sexes,65 years and over,Consultation with a health professional about emotional or mental health,6.2,,,percent,,v111450310,2015,2016A000224,Percent,units
2015,2015,Quebec,Both sexes,65 years and over,Consultation with a health professional about emotional or mental health,4.8,,,percent,,v111450311,2015,2016A000224,Percent,units
2015,2015,Quebec,Both sexes,65 years and over,Consultation with a health professional about emotional or mental health,7.5,,,percent,,v111450312,2015,2016A000224,Percent,units
2015,2015,Quebec,Both sexes,65 years and over,"Positive mental health, flourishing",,898100.0,,,,v111450315,2015,2016A000224,Number,units
2015,2015,Quebec,Both sexes,65 years and over,"Positive mental health, flourishing",,,968200.0,,,v111450316,2015,2016A000224,Number,units
2015,2015,Quebec,Both sexes,65 years and over,"Positive mental health, flourishing",72.6,,,percent,,v111450317,2015,2016A000224,Percent,units
2015,2015,Quebec,Both sexes,65 years and over,"Positive mental health, flourishing",70.1,,,percent,,v111450318,2015,2016A000224,Percent,units
2015,2015,Quebec,Both sexes,65 years and over,"Positive mental health, flourishing",75.2,,,percent,,v111450319,2015,2016A000224,Percent,units
2015,2015,Quebec,Both sexes,65 years and over,Suicidal thoughts (15 years and over),,89500.0,,,,v111450322,2015,2016A000224,Number,units
2015,2015,Quebec,Both sexes,65 years and over,Suicidal thoughts (15 years and over),,,125300.0,,,v111450323,2015,2016A000224,Number,units
2015,2015,Quebec,Both sexes,65 years and over,Suicidal thoughts (15 years and over),8.3,,,percent,,v111450324,2015,2016A000224,Percent,units
2015,2015,Quebec,Both sexes,65 years and over,Suicidal thoughts (15 years and over),6.9,,,percent,,v111450325,2015,2016A000224,Percent,units
2015,2015,Quebec,Both sexes,65 years and over,Suicidal thoughts (15 years and over),9.7,,,percent,,v111450326,2015,2016A000224,Percent,units
2015,2015,Quebec,Females,65 years and over,Consultation with a health professional about emotional or mental health,,35300.0,,,,v111450350,2015,2016A000224,Number,units
2015,2015,Quebec,Females,65 years and over,Consultation with a health professional about emotional or mental health,,,59600.0,,,v111450351,2015,2016A000224,Number,units
2015,2015,Quebec,Females,65 years and over,Consultation with a health professional about emotional or mental health,6.7,,,percent,,v111450352,2015,2016A000224,Percent,units
2015,2015,Quebec,Females,65 years and over,Consultation with a health professional about emotional or mental health,5.0,,,percent,,v111450353,2015,2016A000224,Percent,units
2015,2015,Quebec,Females,65 years and over,Consultation with a health professional about emotional or mental health,8.4,,,percent,,v111450354,2015,2016A000224,Percent,units
2015,2015,Quebec,Females,65 years and over,"Positive mental health, flourishing",,469200.0,,,,v111450357,2015,2016A000224,Number,units
2015,2015,Quebec,Females,65 years and over,"Positive mental health, flourishing",,,520300.0,,,v111450358,2015,2016A000224,Number,units
2015,2015,Quebec,Females,65 years and over,"Positive mental health, flourishing",70.9,,,percent,,v111450359,2015,2016A000224,Percent,units
2015,2015,Quebec,Females,65 years and over,"Positive mental health, flourishing",67.5,,,percent,,v111450360,2015,2016A000224,Percent,units
2015,2015,Quebec,Females,65 years and over,"Positive mental health, flourishing",74.3,,,percent,,v111450361,2015,2016A000224,Percent,units
2015,2015,Quebec,Females,65 years and over,Suicidal thoughts (15 years and over),,45900.0,,,,v111450364,2015,2016A000224,Number,units
2015,2015,Quebec,Females,65 years and over,Suicidal thoughts (15 years and over),,,68400.0,,,v111450365,2015,2016A000224,Number,units
2015,2015,Quebec,Females,65 years and over,Suicidal thoughts (15 years and over),8.1,,,percent,,v111450366,2015,2016A000224,Percent,units
2015,2015,Quebec,Females,65 years and over,Suicidal thoughts (15 years and over),6.5,,,percent,,v111450367,2015,2016A000224,Percent,units
2015,2015,Quebec,Females,65 years and over,Suicidal thoughts (15 years and over),9.7,,,percent,,v111450368,2015,2016A000224,Percent,units
2015,2015,Quebec,Males,65 years and over,Consultation with a health professional about emotional or mental health,,20100.0,,,,v111450329,2015,2016A000224,Number,units
2015,2015,Quebec,Males,65 years and over,Consultation with a health professional about emotional or mental health,,,44200.0,,,v111450330,2015,2016A000224,Number,units
2015,2015,Quebec,Males,65 years and over,Consultation with a health professional about emotional or mental health,5.5,,,percent,e,v111450331,2015,2016A000224,Percent,units
2015,2015,Quebec,Males,65 years and over,Consultation with a health professional about emotional or mental health,3.4,,,percent,e,v111450332,2015,2016A000224,Percent,units
2015,2015,Quebec,Males,65 years and over,Consultation with a health professional about emotional or mental health,7.5,,,percent,e,v111450333,2015,2016A000224,Percent,units
2015,2015,Quebec,Males,65 years and over,"Positive mental health, flourishing",,413600.0,,,,v111450336,2015,2016A000224,Number,units
2015,2015,Quebec,Males,65 years and over,"Positive mental health, flourishing",,,463300.0,,,v111450337,2015,2016A000224,Number,units
2015,2015,Quebec,Males,65 years and over,"Positive mental health, flourishing",74.8,,,percent,,v111450338,2015,2016A000224,Percent,units
2015,2015,Quebec,Males,65 years and over,"Positive mental health, flourishing",70.9,,,percent,,v111450339,2015,2016A000224,Percent,units
2015,2015,Quebec,Males,65 years and over,"Positive mental health, flourishing",78.6,,,percent,,v111450340,2015,2016A000224,Percent,units
2015,2015,Quebec,Males,65 years and over,Suicidal thoughts (15 years and over),,36000.0,,,,v111450343,2015,2016A000224,Number,units
2015,2015,Quebec,Males,65 years and over,Suicidal thoughts (15 years and over),,,64400.0,,,v111450344,2015,2016A000224,Number,units
2015,2015,Quebec,Males,65 years and over,Suicidal thoughts (15 years and over),8.6,,,percent,,v111450345,2015,2016A000224,Percent,units
2015,2015,Quebec,Males,65 years and over,Suicidal thoughts (15 years and over),6.2,,,percent,,v111450346,2015,2016A000224,Percent,units
2015,2015,Quebec,Males,65 years and over,Suicidal thoughts (15 years and over),11.0,,,percent,,v111450347,2015,2016A000224,Percent,units
2015,2015,Quebec,Both sexes,"Total, 12 years and over",Consultation with a health professional about emotional or mental health,,785000.0,,,,v111449993,2015,2016A000224,Number,units
2015,2015,Quebec,Both sexes,"Total, 12 years and over",Consultation with a health professional about emotional or mental health,,,909900.0,,,v111449994,2015,2016A000224,Number,units
2015,2015,Quebec,Both sexes,"Total, 12 years and over",Consultation with a health professional about emotional or mental health,12.3,,,percent,,v111449995,2015,2016A000224,Percent,units
2015,2015,Quebec,Both sexes,"Total, 12 years and over",Consultation with a health professional about emotional or mental health,11.4,,,percent,,v111449996,2015,2016A000224,Percent,units
2015,2015,Quebec,Both sexes,"Total, 12 years and over",Consultation with a health professional about emotional or mental health,13.2,,,percent,,v111449997,2015,2016A000224,Percent,units
2015,2015,Quebec,Both sexes,"Total, 12 years and over","Positive mental health, flourishing",,5240100.0,,,,v111450000,2015,2016A000224,Number,units
2015,2015,Quebec,Both sexes,"Total, 12 years and over","Positive mental health, flourishing",,,5416500.0,,,v111450001,2015,2016A000224,Number,units
2015,2015,Quebec,Both sexes,"Total, 12 years and over","Positive mental health, flourishing",77.2,,,percent,,v111450002,2015,2016A000224,Percent,units
2015,2015,Quebec,Both sexes,"Total, 12 years and over","Positive mental health, flourishing",76.0,,,percent,,v111450003,2015,2016A000224,Percent,units
2015,2015,Quebec,Both sexes,"Total, 12 years and over","Positive mental health, flourishing",78.5,,,percent,,v111450004,2015,2016A000224,Percent,units
2015,2015,Quebec,Both sexes,"Total, 12 years and over",Suicidal thoughts (15 years and over),,833400.0,,,,v111450007,2015,2016A000224,Number,units
2015,2015,Quebec,Both sexes,"Total, 12 years and over",Suicidal thoughts (15 years and over),,,961900.0,,,v111450008,2015,2016A000224,Number,units
2015,2015,Quebec,Both sexes,"Total, 12 years and over",Suicidal thoughts (15 years and over),13.4,,,percent,,v111450009,2015,2016A000224,Percent,units
2015,2015,Quebec,Both sexes,"Total, 12 years and over",Suicidal thoughts (15 years and over),12.5,,,percent,,v111450010,2015,2016A000224,Percent,units
2015,2015,Quebec,Both sexes,"Total, 12 years and over",Suicidal thoughts (15 years and over),14.4,,,percent,,v111450011,2015,2016A000224,Percent,units
2015,2015,Quebec,Females,"Total, 12 years and over",Consultation with a health professional about emotional or mental health,,486600.0,,,,v111450035,2015,2016A000224,Number,units
2015,2015,Quebec,Females,"Total, 12 years and over",Consultation with a health professional about emotional or mental health,,,589800.0,,,v111450036,2015,2016A000224,Number,units
2015,2015,Quebec,Females,"Total, 12 years and over",Consultation with a health professional about emotional or mental health,15.4,,,percent,,v111450037,2015,2016A000224,Percent,units
2015,2015,Quebec,Females,"Total, 12 years and over",Consultation with a health professional about emotional or mental health,14.0,,,percent,,v111450038,2015,2016A000224,Percent,units
2015,2015,Quebec,Females,"Total, 12 years and over",Consultation with a health professional about emotional or mental health,16.9,,,percent,,v111450039,2015,2016A000224,Percent,units
2015,2015,Quebec,Females,"Total, 12 years and over","Positive mental health, flourishing",,2583700.0,,,,v111450042,2015,2016A000224,Number,units
2015,2015,Quebec,Females,"Total, 12 years and over","Positive mental health, flourishing",,,2702500.0,,,v111450043,2015,2016A000224,Number,units
2015,2015,Quebec,Females,"Total, 12 years and over","Positive mental health, flourishing",75.9,,,percent,,v111450044,2015,2016A000224,Percent,units
2015,2015,Quebec,Females,"Total, 12 years and over","Positive mental health, flourishing",74.2,,,percent,,v111450045,2015,2016A000224,Percent,units
2015,2015,Quebec,Females,"Total, 12 years and over","Positive mental health, flourishing",77.6,,,percent,,v111450046,2015,2016A000224,Percent,units
2015,2015,Quebec,Females,"Total, 12 years and over",Suicidal thoughts (15 years and over),,429600.0,,,,v111450049,2015,2016A000224,Number,units
2015,2015,Quebec,Females,"Total, 12 years and over",Suicidal thoughts (15 years and over),,,526800.0,,,v111450050,2015,2016A000224,Number,units
2015,2015,Quebec,Females,"Total, 12 years and over",Suicidal thoughts (15 years and over),14.2,,,percent,,v111450051,2015,2016A000224,Percent,units
2015,2015,Quebec,Females,"Total, 12 years and over",Suicidal thoughts (15 years and over),12.8,,,percent,,v111450052,2015,2016A000224,Percent,units
2015,2015,Quebec,Females,"Total, 12 years and over",Suicidal thoughts (15 years and over),15.6,,,percent,,v111450053,2015,2016A000224,Percent,units
2015,2015,Quebec,Males,"Total, 12 years and over",Consultation with a health professional about emotional or mental health,,269300.0,,,,v111450014,2015,2016A000224,Number,units
2015,2015,Quebec,Males,"Total, 12 years and over",Consultation with a health professional about emotional or mental health,,,349200.0,,,v111450015,2015,2016A000224,Number,units
2015,2015,Quebec,Males,"Total, 12 years and over",Consultation with a health professional about emotional or mental health,9.1,,,percent,,v111450016,2015,2016A000224,Percent,units
2015,2015,Quebec,Males,"Total, 12 years and over",Consultation with a health professional about emotional or mental health,7.9,,,percent,,v111450017,2015,2016A000224,Percent,units
2015,2015,Quebec,Males,"Total, 12 years and over",Consultation with a health professional about emotional or mental health,10.2,,,percent,,v111450018,2015,2016A000224,Percent,units
2015,2015,Quebec,Males,"Total, 12 years and over","Positive mental health, flourishing",,2624500.0,,,,v111450021,2015,2016A000224,Number,units
2015,2015,Quebec,Males,"Total, 12 years and over","Positive mental health, flourishing",,,2745900.0,,,v111450022,2015,2016A000224,Number,units
2015,2015,Quebec,Males,"Total, 12 years and over","Positive mental health, flourishing",78.5,,,percent,,v111450023,2015,2016A000224,Percent,units
2015,2015,Quebec,Males,"Total, 12 years and over","Positive mental health, flourishing",76.8,,,percent,,v111450024,2015,2016A000224,Percent,units
2015,2015,Quebec,Males,"Total, 12 years and over","Positive mental health, flourishing",80.2,,,percent,,v111450025,2015,2016A000224,Percent,units
2015,2015,Quebec,Males,"Total, 12 years and over",Suicidal thoughts (15 years and over),,376500.0,,,,v111450028,2015,2016A000224,Number,units
2015,2015,Quebec,Males,"Total, 12 years and over",Suicidal thoughts (15 years and over),,,462300.0,,,v111450029,2015,2016A000224,Number,units
2015,2015,Quebec,Males,"Total, 12 years and over",Suicidal thoughts (15 years and over),12.7,,,percent,,v111450030,2015,2016A000224,Percent,units
2015,2015,Quebec,Males,"Total, 12 years and over",Suicidal thoughts (15 years and over),11.4,,,percent,,v111450031,2015,2016A000224,Percent,units
2015,2015,Quebec,Males,"Total, 12 years and over",Suicidal thoughts (15 years and over),14.0,,,percent,,v111450032,2015,2016A000224,Percent,units
2015,2015,Saskatchewan,Both sexes,12 to 17 years,Consultation with a health professional about emotional or mental health,,2800.0,,,,v111451190,2015,2016A000247,Number,units
2015,2015,Saskatchewan,Both sexes,12 to 17 years,Consultation with a health professional about emotional or mental health,,,8400.0,,,v111451191,2015,2016A000247,Number,units
2015,2015,Saskatchewan,Both sexes,12 to 17 years,Consultation with a health professional about emotional or mental health,8.3,,,percent,e,v111451192,2015,2016A000247,Percent,units
2015,2015,Saskatchewan,Both sexes,12 to 17 years,Consultation with a health professional about emotional or mental health,4.2,,,percent,e,v111451193,2015,2016A000247,Percent,units
2015,2015,Saskatchewan,Both sexes,12 to 17 years,Consultation with a health professional about emotional or mental health,12.4,,,percent,e,v111451194,2015,2016A000247,Percent,units
2015,2015,Saskatchewan,Both sexes,12 to 17 years,"Positive mental health, flourishing",,58000.0,,,,v111451197,2015,2016A000247,Number,units
2015,2015,Saskatchewan,Both sexes,12 to 17 years,"Positive mental health, flourishing",,,66500.0,,,v111451198,2015,2016A000247,Number,units
2015,2015,Saskatchewan,Both sexes,12 to 17 years,"Positive mental health, flourishing",92.3,,,percent,,v111451199,2015,2016A000247,Percent,units
2015,2015,Saskatchewan,Both sexes,12 to 17 years,"Positive mental health, flourishing",88.5,,,percent,,v111451200,2015,2016A000247,Percent,units
2015,2015,Saskatchewan,Both sexes,12 to 17 years,"Positive mental health, flourishing",96.1,,,percent,,v111451201,2015,2016A000247,Percent,units
2015,2015,Saskatchewan,Both sexes,12 to 17 years,Suicidal thoughts (15 years and over),,1500.0,,,,v111451204,2015,2016A000247,Number,units
2015,2015,Saskatchewan,Both sexes,12 to 17 years,Suicidal thoughts (15 years and over),,,7000.0,,,v111451205,2015,2016A000247,Number,units
2015,2015,Saskatchewan,Both sexes,12 to 17 years,Suicidal thoughts (15 years and over),12.5,,,percent,e,v111451206,2015,2016A000247,Percent,units
2015,2015,Saskatchewan,Both sexes,12 to 17 years,Suicidal thoughts (15 years and over),4.6,,,percent,e,v111451207,2015,2016A000247,Percent,units
2015,2015,Saskatchewan,Both sexes,12 to 17 years,Suicidal thoughts (15 years and over),20.4,,,percent,e,v111451208,2015,2016A000247,Percent,units
2015,2015,Saskatchewan,Females,12 to 17 years,Consultation with a health professional about emotional or mental health,,1400.0,,,,v111451232,2015,2016A000247,Number,units
2015,2015,Saskatchewan,Females,12 to 17 years,Consultation with a health professional about emotional or mental health,,,6100.0,,,v111451233,2015,2016A000247,Number,units
2015,2015,Saskatchewan,Females,12 to 17 years,Consultation with a health professional about emotional or mental health,11.5,,,percent,e,v111451234,2015,2016A000247,Percent,units
2015,2015,Saskatchewan,Females,12 to 17 years,Consultation with a health professional about emotional or mental health,4.5,,,percent,e,v111451235,2015,2016A000247,Percent,units
2015,2015,Saskatchewan,Females,12 to 17 years,Consultation with a health professional about emotional or mental health,18.5,,,percent,e,v111451236,2015,2016A000247,Percent,units
2015,2015,Saskatchewan,Females,12 to 17 years,"Positive mental health, flourishing",,26400.0,,,,v111451239,2015,2016A000247,Number,units
2015,2015,Saskatchewan,Females,12 to 17 years,"Positive mental health, flourishing",,,32500.0,,,v111451240,2015,2016A000247,Number,units
2015,2015,Saskatchewan,Females,12 to 17 years,"Positive mental health, flourishing",90.2,,,percent,,v111451241,2015,2016A000247,Percent,units
2015,2015,Saskatchewan,Females,12 to 17 years,"Positive mental health, flourishing",84.0,,,percent,,v111451242,2015,2016A000247,Percent,units
2015,2015,Saskatchewan,Females,12 to 17 years,"Positive mental health, flourishing",96.3,,,percent,,v111451243,2015,2016A000247,Percent,units
2015,2015,Saskatchewan,Females,12 to 17 years,Suicidal thoughts (15 years and over),,1100.0,,,,v111451246,2015,2016A000247,Number,units
2015,2015,Saskatchewan,Females,12 to 17 years,Suicidal thoughts (15 years and over),,,5600.0,,,v111451247,2015,2016A000247,Number,units
2015,2015,Saskatchewan,Females,12 to 17 years,Suicidal thoughts (15 years and over),19.2,,,percent,e,v111451248,2015,2016A000247,Percent,units
2015,2015,Saskatchewan,Females,12 to 17 years,Suicidal thoughts (15 years and over),6.8,,,percent,e,v111451249,2015,2016A000247,Percent,units
2015,2015,Saskatchewan,Females,12 to 17 years,Suicidal thoughts (15 years and over),31.6,,,percent,e,v111451250,2015,2016A000247,Percent,units
2015,2015,Saskatchewan,Males,12 to 17 years,"Positive mental health, flourishing",,29900.0,,,,v111451218,2015,2016A000247,Number,units
2015,2015,Saskatchewan,Males,12 to 17 years,"Positive mental health, flourishing",,,35800.0,,,v111451219,2015,2016A000247,Number,units
2015,2015,Saskatchewan,Males,12 to 17 years,"Positive mental health, flourishing",94.3,,,percent,,v111451220,2015,2016A000247,Percent,units
2015,2015,Saskatchewan,Males,12 to 17 years,"Positive mental health, flourishing",89.6,,,percent,,v111451221,2015,2016A000247,Percent,units
2015,2015,Saskatchewan,Males,12 to 17 years,"Positive mental health, flourishing",98.9,,,percent,,v111451222,2015,2016A000247,Percent,units
2015,2015,Saskatchewan,Both sexes,18 to 34 years,Consultation with a health professional about emotional or mental health,,31700.0,,,,v111451253,2015,2016A000247,Number,units
2015,2015,Saskatchewan,Both sexes,18 to 34 years,Consultation with a health professional about emotional or mental health,,,54400.0,,,v111451254,2015,2016A000247,Number,units
2015,2015,Saskatchewan,Both sexes,18 to 34 years,Consultation with a health professional about emotional or mental health,16.6,,,percent,,v111451255,2015,2016A000247,Percent,units
2015,2015,Saskatchewan,Both sexes,18 to 34 years,Consultation with a health professional about emotional or mental health,12.2,,,percent,,v111451256,2015,2016A000247,Percent,units
2015,2015,Saskatchewan,Both sexes,18 to 34 years,Consultation with a health professional about emotional or mental health,21.0,,,percent,,v111451257,2015,2016A000247,Percent,units
2015,2015,Saskatchewan,Both sexes,18 to 34 years,"Positive mental health, flourishing",,204200.0,,,,v111451260,2015,2016A000247,Number,units
2015,2015,Saskatchewan,Both sexes,18 to 34 years,"Positive mental health, flourishing",,,227200.0,,,v111451261,2015,2016A000247,Number,units
2015,2015,Saskatchewan,Both sexes,18 to 34 years,"Positive mental health, flourishing",83.1,,,percent,,v111451262,2015,2016A000247,Percent,units
2015,2015,Saskatchewan,Both sexes,18 to 34 years,"Positive mental health, flourishing",78.7,,,percent,,v111451263,2015,2016A000247,Percent,units
2015,2015,Saskatchewan,Both sexes,18 to 34 years,"Positive mental health, flourishing",87.6,,,percent,,v111451264,2015,2016A000247,Percent,units
2015,2015,Saskatchewan,Both sexes,18 to 34 years,Suicidal thoughts (15 years and over),,29700.0,,,,v111451267,2015,2016A000247,Number,units
2015,2015,Saskatchewan,Both sexes,18 to 34 years,Suicidal thoughts (15 years and over),,,54200.0,,,v111451268,2015,2016A000247,Number,units
2015,2015,Saskatchewan,Both sexes,18 to 34 years,Suicidal thoughts (15 years and over),16.2,,,percent,,v111451269,2015,2016A000247,Percent,units
2015,2015,Saskatchewan,Both sexes,18 to 34 years,Suicidal thoughts (15 years and over),11.4,,,percent,,v111451270,2015,2016A000247,Percent,units
2015,2015,Saskatchewan,Both sexes,18 to 34 years,Suicidal thoughts (15 years and over),20.9,,,percent,,v111451271,2015,2016A000247,Percent,units
2015,2015,Saskatchewan,Females,18 to 34 years,Consultation with a health professional about emotional or mental health,,23700.0,,,,v111451295,2015,2016A000247,Number,units
2015,2015,Saskatchewan,Females,18 to 34 years,Consultation with a health professional about emotional or mental health,,,41200.0,,,v111451296,2015,2016A000247,Number,units
2015,2015,Saskatchewan,Females,18 to 34 years,Consultation with a health professional about emotional or mental health,25.8,,,percent,,v111451297,2015,2016A000247,Percent,units
2015,2015,Saskatchewan,Females,18 to 34 years,Consultation with a health professional about emotional or mental health,18.9,,,percent,,v111451298,2015,2016A000247,Percent,units
2015,2015,Saskatchewan,Females,18 to 34 years,Consultation with a health professional about emotional or mental health,32.8,,,percent,,v111451299,2015,2016A000247,Percent,units
2015,2015,Saskatchewan,Females,18 to 34 years,"Positive mental health, flourishing",,98100.0,,,,v111451302,2015,2016A000247,Number,units
2015,2015,Saskatchewan,Females,18 to 34 years,"Positive mental health, flourishing",,,114200.0,,,v111451303,2015,2016A000247,Number,units
2015,2015,Saskatchewan,Females,18 to 34 years,"Positive mental health, flourishing",84.4,,,percent,,v111451304,2015,2016A000247,Percent,units
2015,2015,Saskatchewan,Females,18 to 34 years,"Positive mental health, flourishing",78.0,,,percent,,v111451305,2015,2016A000247,Percent,units
2015,2015,Saskatchewan,Females,18 to 34 years,"Positive mental health, flourishing",90.7,,,percent,,v111451306,2015,2016A000247,Percent,units
2015,2015,Saskatchewan,Females,18 to 34 years,Suicidal thoughts (15 years and over),,12200.0,,,,v111451309,2015,2016A000247,Number,units
2015,2015,Saskatchewan,Females,18 to 34 years,Suicidal thoughts (15 years and over),,,28200.0,,,v111451310,2015,2016A000247,Number,units
2015,2015,Saskatchewan,Females,18 to 34 years,Suicidal thoughts (15 years and over),16.1,,,percent,e,v111451311,2015,2016A000247,Percent,units
2015,2015,Saskatchewan,Females,18 to 34 years,Suicidal thoughts (15 years and over),9.7,,,percent,e,v111451312,2015,2016A000247,Percent,units
2015,2015,Saskatchewan,Females,18 to 34 years,Suicidal thoughts (15 years and over),22.4,,,percent,e,v111451313,2015,2016A000247,Percent,units
2015,2015,Saskatchewan,Males,18 to 34 years,Consultation with a health professional about emotional or mental health,,3900.0,,,,v111451274,2015,2016A000247,Number,units
2015,2015,Saskatchewan,Males,18 to 34 years,Consultation with a health professional about emotional or mental health,,,17300.0,,,v111451275,2015,2016A000247,Number,units
2015,2015,Saskatchewan,Males,18 to 34 years,Consultation with a health professional about emotional or mental health,7.9,,,percent,e,v111451276,2015,2016A000247,Percent,units
2015,2015,Saskatchewan,Males,18 to 34 years,Consultation with a health professional about emotional or mental health,2.9,,,percent,e,v111451277,2015,2016A000247,Percent,units
2015,2015,Saskatchewan,Males,18 to 34 years,Consultation with a health professional about emotional or mental health,13.0,,,percent,e,v111451278,2015,2016A000247,Percent,units
2015,2015,Saskatchewan,Males,18 to 34 years,"Positive mental health, flourishing",,100600.0,,,,v111451281,2015,2016A000247,Number,units
2015,2015,Saskatchewan,Males,18 to 34 years,"Positive mental health, flourishing",,,118400.0,,,v111451282,2015,2016A000247,Number,units
2015,2015,Saskatchewan,Males,18 to 34 years,"Positive mental health, flourishing",82.0,,,percent,,v111451283,2015,2016A000247,Percent,units
2015,2015,Saskatchewan,Males,18 to 34 years,"Positive mental health, flourishing",75.3,,,percent,,v111451284,2015,2016A000247,Percent,units
2015,2015,Saskatchewan,Males,18 to 34 years,"Positive mental health, flourishing",88.6,,,percent,,v111451285,2015,2016A000247,Percent,units
2015,2015,Saskatchewan,Males,18 to 34 years,Suicidal thoughts (15 years and over),,12700.0,,,,v111451288,2015,2016A000247,Number,units
2015,2015,Saskatchewan,Males,18 to 34 years,Suicidal thoughts (15 years and over),,,30800.0,,,v111451289,2015,2016A000247,Number,units
2015,2015,Saskatchewan,Males,18 to 34 years,Suicidal thoughts (15 years and over),16.3,,,percent,e,v111451290,2015,2016A000247,Percent,units
2015,2015,Saskatchewan,Males,18 to 34 years,Suicidal thoughts (15 years and over),9.5,,,percent,e,v111451291,2015,2016A000247,Percent,units
2015,2015,Saskatchewan,Males,18 to 34 years,Suicidal thoughts (15 years and over),23.0,,,percent,e,v111451292,2015,2016A000247,Percent,units
2015,2015,Saskatchewan,Both sexes,35 to 49 years,Consultation with a health professional about emotional or mental health,,27300.0,,,,v111451316,2015,2016A000247,Number,units
2015,2015,Saskatchewan,Both sexes,35 to 49 years,Consultation with a health professional about emotional or mental health,,,48600.0,,,v111451317,2015,2016A000247,Number,units
2015,2015,Saskatchewan,Both sexes,35 to 49 years,Consultation with a health professional about emotional or mental health,19.7,,,percent,,v111451318,2015,2016A000247,Percent,units
2015,2015,Saskatchewan,Both sexes,35 to 49 years,Consultation with a health professional about emotional or mental health,14.1,,,percent,,v111451319,2015,2016A000247,Percent,units
2015,2015,Saskatchewan,Both sexes,35 to 49 years,Consultation with a health professional about emotional or mental health,25.3,,,percent,,v111451320,2015,2016A000247,Percent,units
2015,2015,Saskatchewan,Both sexes,35 to 49 years,"Positive mental health, flourishing",,152800.0,,,,v111451323,2015,2016A000247,Number,units
2015,2015,Saskatchewan,Both sexes,35 to 49 years,"Positive mental health, flourishing",,,173800.0,,,v111451324,2015,2016A000247,Number,units
2015,2015,Saskatchewan,Both sexes,35 to 49 years,"Positive mental health, flourishing",84.6,,,percent,,v111451325,2015,2016A000247,Percent,units
2015,2015,Saskatchewan,Both sexes,35 to 49 years,"Positive mental health, flourishing",79.6,,,percent,,v111451326,2015,2016A000247,Percent,units
2015,2015,Saskatchewan,Both sexes,35 to 49 years,"Positive mental health, flourishing",89.6,,,percent,,v111451327,2015,2016A000247,Percent,units
2015,2015,Saskatchewan,Both sexes,35 to 49 years,Suicidal thoughts (15 years and over),,23900.0,,,,v111451330,2015,2016A000247,Number,units
2015,2015,Saskatchewan,Both sexes,35 to 49 years,Suicidal thoughts (15 years and over),,,42800.0,,,v111451331,2015,2016A000247,Number,units
2015,2015,Saskatchewan,Both sexes,35 to 49 years,Suicidal thoughts (15 years and over),17.4,,,percent,,v111451332,2015,2016A000247,Percent,units
2015,2015,Saskatchewan,Both sexes,35 to 49 years,Suicidal thoughts (15 years and over),12.5,,,percent,,v111451333,2015,2016A000247,Percent,units
2015,2015,Saskatchewan,Both sexes,35 to 49 years,Suicidal thoughts (15 years and over),22.3,,,percent,,v111451334,2015,2016A000247,Percent,units
2015,2015,Saskatchewan,Females,35 to 49 years,Consultation with a health professional about emotional or mental health,,14200.0,,,,v111451358,2015,2016A000247,Number,units
2015,2015,Saskatchewan,Females,35 to 49 years,Consultation with a health professional about emotional or mental health,,,28500.0,,,v111451359,2015,2016A000247,Number,units
2015,2015,Saskatchewan,Females,35 to 49 years,Consultation with a health professional about emotional or mental health,22.4,,,percent,e,v111451360,2015,2016A000247,Percent,units
2015,2015,Saskatchewan,Females,35 to 49 years,Consultation with a health professional about emotional or mental health,14.9,,,percent,e,v111451361,2015,2016A000247,Percent,units
2015,2015,Saskatchewan,Females,35 to 49 years,Consultation with a health professional about emotional or mental health,29.9,,,percent,e,v111451362,2015,2016A000247,Percent,units
2015,2015,Saskatchewan,Females,35 to 49 years,"Positive mental health, flourishing",,72400.0,,,,v111451365,2015,2016A000247,Number,units
2015,2015,Saskatchewan,Females,35 to 49 years,"Positive mental health, flourishing",,,85400.0,,,v111451366,2015,2016A000247,Number,units
2015,2015,Saskatchewan,Females,35 to 49 years,"Positive mental health, flourishing",82.9,,,percent,,v111451367,2015,2016A000247,Percent,units
2015,2015,Saskatchewan,Females,35 to 49 years,"Positive mental health, flourishing",76.2,,,percent,,v111451368,2015,2016A000247,Percent,units
2015,2015,Saskatchewan,Females,35 to 49 years,"Positive mental health, flourishing",89.6,,,percent,,v111451369,2015,2016A000247,Percent,units
2015,2015,Saskatchewan,Females,35 to 49 years,Suicidal thoughts (15 years and over),,8700.0,,,,v111451372,2015,2016A000247,Number,units
2015,2015,Saskatchewan,Females,35 to 49 years,Suicidal thoughts (15 years and over),,,21200.0,,,v111451373,2015,2016A000247,Number,units
2015,2015,Saskatchewan,Females,35 to 49 years,Suicidal thoughts (15 years and over),15.9,,,percent,e,v111451374,2015,2016A000247,Percent,units
2015,2015,Saskatchewan,Females,35 to 49 years,Suicidal thoughts (15 years and over),9.3,,,percent,e,v111451375,2015,2016A000247,Percent,units
2015,2015,Saskatchewan,Females,35 to 49 years,Suicidal thoughts (15 years and over),22.6,,,percent,e,v111451376,2015,2016A000247,Percent,units
2015,2015,Saskatchewan,Males,35 to 49 years,Consultation with a health professional about emotional or mental health,,8800.0,,,,v111451337,2015,2016A000247,Number,units
2015,2015,Saskatchewan,Males,35 to 49 years,Consultation with a health professional about emotional or mental health,,,24500.0,,,v111451338,2015,2016A000247,Number,units
2015,2015,Saskatchewan,Males,35 to 49 years,Consultation with a health professional about emotional or mental health,17.1,,,percent,e,v111451339,2015,2016A000247,Percent,units
2015,2015,Saskatchewan,Males,35 to 49 years,Consultation with a health professional about emotional or mental health,9.1,,,percent,e,v111451340,2015,2016A000247,Percent,units
2015,2015,Saskatchewan,Males,35 to 49 years,Consultation with a health professional about emotional or mental health,25.1,,,percent,e,v111451341,2015,2016A000247,Percent,units
2015,2015,Saskatchewan,Males,35 to 49 years,"Positive mental health, flourishing",,77400.0,,,,v111451344,2015,2016A000247,Number,units
2015,2015,Saskatchewan,Males,35 to 49 years,"Positive mental health, flourishing",,,91500.0,,,v111451345,2015,2016A000247,Number,units
2015,2015,Saskatchewan,Males,35 to 49 years,"Positive mental health, flourishing",86.3,,,percent,,v111451346,2015,2016A000247,Percent,units
2015,2015,Saskatchewan,Males,35 to 49 years,"Positive mental health, flourishing",79.9,,,percent,,v111451347,2015,2016A000247,Percent,units
2015,2015,Saskatchewan,Males,35 to 49 years,"Positive mental health, flourishing",92.6,,,percent,,v111451348,2015,2016A000247,Percent,units
2015,2015,Saskatchewan,Males,35 to 49 years,Suicidal thoughts (15 years and over),,10700.0,,,,v111451351,2015,2016A000247,Number,units
2015,2015,Saskatchewan,Males,35 to 49 years,Suicidal thoughts (15 years and over),,,26100.0,,,v111451352,2015,2016A000247,Number,units
2015,2015,Saskatchewan,Males,35 to 49 years,Suicidal thoughts (15 years and over),18.8,,,percent,e,v111451353,2015,2016A000247,Percent,units
2015,2015,Saskatchewan,Males,35 to 49 years,Suicidal thoughts (15 years and over),11.0,,,percent,e,v111451354,2015,2016A000247,Percent,units
2015,2015,Saskatchewan,Males,35 to 49 years,Suicidal thoughts (15 years and over),26.6,,,percent,e,v111451355,2015,2016A000247,Percent,units
2015,2015,Saskatchewan,Both sexes,50 to 64 years,Consultation with a health professional about emotional or mental health,,20000.0,,,,v111451379,2015,2016A000247,Number,units
2015,2015,Saskatchewan,Both sexes,50 to 64 years,Consultation with a health professional about emotional or mental health,,,37800.0,,,v111451380,2015,2016A000247,Number,units
2015,2015,Saskatchewan,Both sexes,50 to 64 years,Consultation with a health professional about emotional or mental health,13.7,,,percent,e,v111451381,2015,2016A000247,Percent,units
2015,2015,Saskatchewan,Both sexes,50 to 64 years,Consultation with a health professional about emotional or mental health,9.5,,,percent,e,v111451382,2015,2016A000247,Percent,units
2015,2015,Saskatchewan,Both sexes,50 to 64 years,Consultation with a health professional about emotional or mental health,17.9,,,percent,e,v111451383,2015,2016A000247,Percent,units
2015,2015,Saskatchewan,Both sexes,50 to 64 years,"Positive mental health, flourishing",,171300.0,,,,v111451386,2015,2016A000247,Number,units
2015,2015,Saskatchewan,Both sexes,50 to 64 years,"Positive mental health, flourishing",,,189600.0,,,v111451387,2015,2016A000247,Number,units
2015,2015,Saskatchewan,Both sexes,50 to 64 years,"Positive mental health, flourishing",84.6,,,percent,,v111451388,2015,2016A000247,Percent,units
2015,2015,Saskatchewan,Both sexes,50 to 64 years,"Positive mental health, flourishing",80.3,,,percent,,v111451389,2015,2016A000247,Percent,units
2015,2015,Saskatchewan,Both sexes,50 to 64 years,"Positive mental health, flourishing",88.8,,,percent,,v111451390,2015,2016A000247,Percent,units
2015,2015,Saskatchewan,Both sexes,50 to 64 years,Suicidal thoughts (15 years and over),,16500.0,,,,v111451393,2015,2016A000247,Number,units
2015,2015,Saskatchewan,Both sexes,50 to 64 years,Suicidal thoughts (15 years and over),,,32200.0,,,v111451394,2015,2016A000247,Number,units
2015,2015,Saskatchewan,Both sexes,50 to 64 years,Suicidal thoughts (15 years and over),11.4,,,percent,e,v111451395,2015,2016A000247,Percent,units
2015,2015,Saskatchewan,Both sexes,50 to 64 years,Suicidal thoughts (15 years and over),7.8,,,percent,e,v111451396,2015,2016A000247,Percent,units
2015,2015,Saskatchewan,Both sexes,50 to 64 years,Suicidal thoughts (15 years and over),15.1,,,percent,e,v111451397,2015,2016A000247,Percent,units
2015,2015,Saskatchewan,Females,50 to 64 years,Consultation with a health professional about emotional or mental health,,8100.0,,,,v111451421,2015,2016A000247,Number,units
2015,2015,Saskatchewan,Females,50 to 64 years,Consultation with a health professional about emotional or mental health,,,18600.0,,,v111451422,2015,2016A000247,Number,units
2015,2015,Saskatchewan,Females,50 to 64 years,Consultation with a health professional about emotional or mental health,13.0,,,percent,e,v111451423,2015,2016A000247,Percent,units
2015,2015,Saskatchewan,Females,50 to 64 years,Consultation with a health professional about emotional or mental health,7.9,,,percent,e,v111451424,2015,2016A000247,Percent,units
2015,2015,Saskatchewan,Females,50 to 64 years,Consultation with a health professional about emotional or mental health,18.1,,,percent,e,v111451425,2015,2016A000247,Percent,units
2015,2015,Saskatchewan,Females,50 to 64 years,"Positive mental health, flourishing",,84200.0,,,,v111451428,2015,2016A000247,Number,units
2015,2015,Saskatchewan,Females,50 to 64 years,"Positive mental health, flourishing",,,94800.0,,,v111451429,2015,2016A000247,Number,units
2015,2015,Saskatchewan,Females,50 to 64 years,"Positive mental health, flourishing",85.1,,,percent,,v111451430,2015,2016A000247,Percent,units
2015,2015,Saskatchewan,Females,50 to 64 years,"Positive mental health, flourishing",80.1,,,percent,,v111451431,2015,2016A000247,Percent,units
2015,2015,Saskatchewan,Females,50 to 64 years,"Positive mental health, flourishing",90.1,,,percent,,v111451432,2015,2016A000247,Percent,units
2015,2015,Saskatchewan,Females,50 to 64 years,Suicidal thoughts (15 years and over),,6600.0,,,,v111451435,2015,2016A000247,Number,units
2015,2015,Saskatchewan,Females,50 to 64 years,Suicidal thoughts (15 years and over),,,15500.0,,,v111451436,2015,2016A000247,Number,units
2015,2015,Saskatchewan,Females,50 to 64 years,Suicidal thoughts (15 years and over),10.5,,,percent,e,v111451437,2015,2016A000247,Percent,units
2015,2015,Saskatchewan,Females,50 to 64 years,Suicidal thoughts (15 years and over),6.3,,,percent,e,v111451438,2015,2016A000247,Percent,units
2015,2015,Saskatchewan,Females,50 to 64 years,Suicidal thoughts (15 years and over),14.8,,,percent,e,v111451439,2015,2016A000247,Percent,units
2015,2015,Saskatchewan,Males,50 to 64 years,Consultation with a health professional about emotional or mental health,,8600.0,,,,v111451400,2015,2016A000247,Number,units
2015,2015,Saskatchewan,Males,50 to 64 years,Consultation with a health professional about emotional or mental health,,,22400.0,,,v111451401,2015,2016A000247,Number,units
2015,2015,Saskatchewan,Males,50 to 64 years,Consultation with a health professional about emotional or mental health,14.3,,,percent,e,v111451402,2015,2016A000247,Percent,units
2015,2015,Saskatchewan,Males,50 to 64 years,Consultation with a health professional about emotional or mental health,8.0,,,percent,e,v111451403,2015,2016A000247,Percent,units
2015,2015,Saskatchewan,Males,50 to 64 years,Consultation with a health professional about emotional or mental health,20.7,,,percent,e,v111451404,2015,2016A000247,Percent,units
2015,2015,Saskatchewan,Males,50 to 64 years,"Positive mental health, flourishing",,83200.0,,,,v111451407,2015,2016A000247,Number,units
2015,2015,Saskatchewan,Males,50 to 64 years,"Positive mental health, flourishing",,,98600.0,,,v111451408,2015,2016A000247,Number,units
2015,2015,Saskatchewan,Males,50 to 64 years,"Positive mental health, flourishing",84.0,,,percent,,v111451409,2015,2016A000247,Percent,units
2015,2015,Saskatchewan,Males,50 to 64 years,"Positive mental health, flourishing",77.1,,,percent,,v111451410,2015,2016A000247,Percent,units
2015,2015,Saskatchewan,Males,50 to 64 years,"Positive mental health, flourishing",91.0,,,percent,,v111451411,2015,2016A000247,Percent,units
2015,2015,Saskatchewan,Males,50 to 64 years,Suicidal thoughts (15 years and over),,7100.0,,,,v111451414,2015,2016A000247,Number,units
2015,2015,Saskatchewan,Males,50 to 64 years,Suicidal thoughts (15 years and over),,,19500.0,,,v111451415,2015,2016A000247,Number,units
2015,2015,Saskatchewan,Males,50 to 64 years,Suicidal thoughts (15 years and over),12.3,,,percent,e,v111451416,2015,2016A000247,Percent,units
2015,2015,Saskatchewan,Males,50 to 64 years,Suicidal thoughts (15 years and over),6.6,,,percent,e,v111451417,2015,2016A000247,Percent,units
2015,2015,Saskatchewan,Males,50 to 64 years,Suicidal thoughts (15 years and over),18.1,,,percent,e,v111451418,2015,2016A000247,Percent,units
2015,2015,Saskatchewan,Both sexes,65 years and over,Consultation with a health professional about emotional or mental health,,7100.0,,,,v111451442,2015,2016A000247,Number,units
2015,2015,Saskatchewan,Both sexes,65 years and over,Consultation with a health professional about emotional or mental health,,,15700.0,,,v111451443,2015,2016A000247,Number,units
2015,2015,Saskatchewan,Both sexes,65 years and over,Consultation with a health professional about emotional or mental health,8.0,,,percent,e,v111451444,2015,2016A000247,Percent,units
2015,2015,Saskatchewan,Both sexes,65 years and over,Consultation with a health professional about emotional or mental health,5.0,,,percent,e,v111451445,2015,2016A000247,Percent,units
2015,2015,Saskatchewan,Both sexes,65 years and over,Consultation with a health professional about emotional or mental health,11.0,,,percent,e,v111451446,2015,2016A000247,Percent,units
2015,2015,Saskatchewan,Both sexes,65 years and over,"Positive mental health, flourishing",,108500.0,,,,v111451449,2015,2016A000247,Number,units
2015,2015,Saskatchewan,Both sexes,65 years and over,"Positive mental health, flourishing",,,124300.0,,,v111451450,2015,2016A000247,Number,units
2015,2015,Saskatchewan,Both sexes,65 years and over,"Positive mental health, flourishing",82.2,,,percent,,v111451451,2015,2016A000247,Percent,units
2015,2015,Saskatchewan,Both sexes,65 years and over,"Positive mental health, flourishing",77.1,,,percent,,v111451452,2015,2016A000247,Percent,units
2015,2015,Saskatchewan,Both sexes,65 years and over,"Positive mental health, flourishing",87.3,,,percent,,v111451453,2015,2016A000247,Percent,units
2015,2015,Saskatchewan,Both sexes,65 years and over,Suicidal thoughts (15 years and over),,4900.0,,,,v111451456,2015,2016A000247,Number,units
2015,2015,Saskatchewan,Both sexes,65 years and over,Suicidal thoughts (15 years and over),,,11800.0,,,v111451457,2015,2016A000247,Number,units
2015,2015,Saskatchewan,Both sexes,65 years and over,Suicidal thoughts (15 years and over),5.9,,,percent,e,v111451458,2015,2016A000247,Percent,units
2015,2015,Saskatchewan,Both sexes,65 years and over,Suicidal thoughts (15 years and over),3.4,,,percent,e,v111451459,2015,2016A000247,Percent,units
2015,2015,Saskatchewan,Both sexes,65 years and over,Suicidal thoughts (15 years and over),8.4,,,percent,e,v111451460,2015,2016A000247,Percent,units
2015,2015,Saskatchewan,Females,65 years and over,Consultation with a health professional about emotional or mental health,,4600.0,,,,v111451484,2015,2016A000247,Number,units
2015,2015,Saskatchewan,Females,65 years and over,Consultation with a health professional about emotional or mental health,,,12200.0,,,v111451485,2015,2016A000247,Number,units
2015,2015,Saskatchewan,Females,65 years and over,Consultation with a health professional about emotional or mental health,10.6,,,percent,e,v111451486,2015,2016A000247,Percent,units
2015,2015,Saskatchewan,Females,65 years and over,Consultation with a health professional about emotional or mental health,5.8,,,percent,e,v111451487,2015,2016A000247,Percent,units
2015,2015,Saskatchewan,Females,65 years and over,Consultation with a health professional about emotional or mental health,15.4,,,percent,e,v111451488,2015,2016A000247,Percent,units
2015,2015,Saskatchewan,Females,65 years and over,"Positive mental health, flourishing",,54500.0,,,,v111451491,2015,2016A000247,Number,units
2015,2015,Saskatchewan,Females,65 years and over,"Positive mental health, flourishing",,,67200.0,,,v111451492,2015,2016A000247,Number,units
2015,2015,Saskatchewan,Females,65 years and over,"Positive mental health, flourishing",77.7,,,percent,,v111451493,2015,2016A000247,Percent,units
2015,2015,Saskatchewan,Females,65 years and over,"Positive mental health, flourishing",69.9,,,percent,,v111451494,2015,2016A000247,Percent,units
2015,2015,Saskatchewan,Females,65 years and over,"Positive mental health, flourishing",85.4,,,percent,,v111451495,2015,2016A000247,Percent,units
2015,2015,Saskatchewan,Females,65 years and over,Suicidal thoughts (15 years and over),,1700.0,,,,v111451498,2015,2016A000247,Number,units
2015,2015,Saskatchewan,Females,65 years and over,Suicidal thoughts (15 years and over),,,6600.0,,,v111451499,2015,2016A000247,Number,units
2015,2015,Saskatchewan,Females,65 years and over,Suicidal thoughts (15 years and over),5.3,,,percent,e,v111451500,2015,2016A000247,Percent,units
2015,2015,Saskatchewan,Females,65 years and over,Suicidal thoughts (15 years and over),2.1,,,percent,e,v111451501,2015,2016A000247,Percent,units
2015,2015,Saskatchewan,Females,65 years and over,Suicidal thoughts (15 years and over),8.5,,,percent,e,v111451502,2015,2016A000247,Percent,units
2015,2015,Saskatchewan,Males,65 years and over,Consultation with a health professional about emotional or mental health,,1100.0,,,,v111451463,2015,2016A000247,Number,units
2015,2015,Saskatchewan,Males,65 years and over,Consultation with a health professional about emotional or mental health,,,4900.0,,,v111451464,2015,2016A000247,Number,units
2015,2015,Saskatchewan,Males,65 years and over,Consultation with a health professional about emotional or mental health,4.7,,,percent,e,v111451465,2015,2016A000247,Percent,units
2015,2015,Saskatchewan,Males,65 years and over,Consultation with a health professional about emotional or mental health,1.8,,,percent,e,v111451466,2015,2016A000247,Percent,units
2015,2015,Saskatchewan,Males,65 years and over,Consultation with a health professional about emotional or mental health,7.7,,,percent,e,v111451467,2015,2016A000247,Percent,units
2015,2015,Saskatchewan,Males,65 years and over,"Positive mental health, flourishing",,50500.0,,,,v111451470,2015,2016A000247,Number,units
2015,2015,Saskatchewan,Males,65 years and over,"Positive mental health, flourishing",,,60600.0,,,v111451471,2015,2016A000247,Number,units
2015,2015,Saskatchewan,Males,65 years and over,"Positive mental health, flourishing",87.8,,,percent,,v111451472,2015,2016A000247,Percent,units
2015,2015,Saskatchewan,Males,65 years and over,"Positive mental health, flourishing",81.8,,,percent,,v111451473,2015,2016A000247,Percent,units
2015,2015,Saskatchewan,Males,65 years and over,"Positive mental health, flourishing",93.9,,,percent,,v111451474,2015,2016A000247,Percent,units
2015,2015,Saskatchewan,Males,65 years and over,Suicidal thoughts (15 years and over),,1500.0,,,,v111451477,2015,2016A000247,Number,units
2015,2015,Saskatchewan,Males,65 years and over,Suicidal thoughts (15 years and over),,,6800.0,,,v111451478,2015,2016A000247,Number,units
2015,2015,Saskatchewan,Males,65 years and over,Suicidal thoughts (15 years and over),6.7,,,percent,e,v111451479,2015,2016A000247,Percent,units
2015,2015,Saskatchewan,Males,65 years and over,Suicidal thoughts (15 years and over),2.5,,,percent,e,v111451480,2015,2016A000247,Percent,units
2015,2015,Saskatchewan,Males,65 years and over,Suicidal thoughts (15 years and over),10.9,,,percent,e,v111451481,2015,2016A000247,Percent,units
2015,2015,Saskatchewan,Both sexes,"Total, 12 years and over",Consultation with a health professional about emotional or mental health,,107300.0,,,,v111451127,2015,2016A000247,Number,units
2015,2015,Saskatchewan,Both sexes,"Total, 12 years and over",Consultation with a health professional about emotional or mental health,,,146400.0,,,v111451128,2015,2016A000247,Number,units
2015,2015,Saskatchewan,Both sexes,"Total, 12 years and over",Consultation with a health professional about emotional or mental health,14.5,,,percent,,v111451129,2015,2016A000247,Percent,units
2015,2015,Saskatchewan,Both sexes,"Total, 12 years and over",Consultation with a health professional about emotional or mental health,12.3,,,percent,,v111451130,2015,2016A000247,Percent,units
2015,2015,Saskatchewan,Both sexes,"Total, 12 years and over",Consultation with a health professional about emotional or mental health,16.8,,,percent,,v111451131,2015,2016A000247,Percent,units
2015,2015,Saskatchewan,Both sexes,"Total, 12 years and over","Positive mental health, flourishing",,717600.0,,,,v111451134,2015,2016A000247,Number,units
2015,2015,Saskatchewan,Both sexes,"Total, 12 years and over","Positive mental health, flourishing",,,758700.0,,,v111451135,2015,2016A000247,Number,units
2015,2015,Saskatchewan,Both sexes,"Total, 12 years and over","Positive mental health, flourishing",84.4,,,percent,,v111451136,2015,2016A000247,Percent,units
2015,2015,Saskatchewan,Both sexes,"Total, 12 years and over","Positive mental health, flourishing",82.1,,,percent,,v111451137,2015,2016A000247,Percent,units
2015,2015,Saskatchewan,Both sexes,"Total, 12 years and over","Positive mental health, flourishing",86.6,,,percent,,v111451138,2015,2016A000247,Percent,units
2015,2015,Saskatchewan,Both sexes,"Total, 12 years and over",Suicidal thoughts (15 years and over),,94200.0,,,,v111451141,2015,2016A000247,Number,units
2015,2015,Saskatchewan,Both sexes,"Total, 12 years and over",Suicidal thoughts (15 years and over),,,130300.0,,,v111451142,2015,2016A000247,Number,units
2015,2015,Saskatchewan,Both sexes,"Total, 12 years and over",Suicidal thoughts (15 years and over),13.4,,,percent,,v111451143,2015,2016A000247,Percent,units
2015,2015,Saskatchewan,Both sexes,"Total, 12 years and over",Suicidal thoughts (15 years and over),11.2,,,percent,,v111451144,2015,2016A000247,Percent,units
2015,2015,Saskatchewan,Both sexes,"Total, 12 years and over",Suicidal thoughts (15 years and over),15.5,,,percent,,v111451145,2015,2016A000247,Percent,units
2015,2015,Saskatchewan,Females,"Total, 12 years and over",Consultation with a health professional about emotional or mental health,,66200.0,,,,v111451169,2015,2016A000247,Number,units
2015,2015,Saskatchewan,Females,"Total, 12 years and over",Consultation with a health professional about emotional or mental health,,,92400.0,,,v111451170,2015,2016A000247,Number,units
2015,2015,Saskatchewan,Females,"Total, 12 years and over",Consultation with a health professional about emotional or mental health,18.2,,,percent,,v111451171,2015,2016A000247,Percent,units
2015,2015,Saskatchewan,Females,"Total, 12 years and over",Consultation with a health professional about emotional or mental health,15.2,,,percent,,v111451172,2015,2016A000247,Percent,units
2015,2015,Saskatchewan,Females,"Total, 12 years and over",Consultation with a health professional about emotional or mental health,21.2,,,percent,,v111451173,2015,2016A000247,Percent,units
2015,2015,Saskatchewan,Females,"Total, 12 years and over","Positive mental health, flourishing",,351200.0,,,,v111451176,2015,2016A000247,Number,units
2015,2015,Saskatchewan,Females,"Total, 12 years and over","Positive mental health, flourishing",,,378400.0,,,v111451177,2015,2016A000247,Number,units
2015,2015,Saskatchewan,Females,"Total, 12 years and over","Positive mental health, flourishing",83.4,,,percent,,v111451178,2015,2016A000247,Percent,units
2015,2015,Saskatchewan,Females,"Total, 12 years and over","Positive mental health, flourishing",80.4,,,percent,,v111451179,2015,2016A000247,Percent,units
2015,2015,Saskatchewan,Females,"Total, 12 years and over","Positive mental health, flourishing",86.5,,,percent,,v111451180,2015,2016A000247,Percent,units
2015,2015,Saskatchewan,Females,"Total, 12 years and over",Suicidal thoughts (15 years and over),,41600.0,,,,v111451183,2015,2016A000247,Number,units
2015,2015,Saskatchewan,Females,"Total, 12 years and over",Suicidal thoughts (15 years and over),,,65800.0,,,v111451184,2015,2016A000247,Number,units
2015,2015,Saskatchewan,Females,"Total, 12 years and over",Suicidal thoughts (15 years and over),12.8,,,percent,,v111451185,2015,2016A000247,Percent,units
2015,2015,Saskatchewan,Females,"Total, 12 years and over",Suicidal thoughts (15 years and over),9.9,,,percent,,v111451186,2015,2016A000247,Percent,units
2015,2015,Saskatchewan,Females,"Total, 12 years and over",Suicidal thoughts (15 years and over),15.7,,,percent,,v111451187,2015,2016A000247,Percent,units
2015,2015,Saskatchewan,Males,"Total, 12 years and over",Consultation with a health professional about emotional or mental health,,34400.0,,,,v111451148,2015,2016A000247,Number,units
2015,2015,Saskatchewan,Males,"Total, 12 years and over",Consultation with a health professional about emotional or mental health,,,60800.0,,,v111451149,2015,2016A000247,Number,units
2015,2015,Saskatchewan,Males,"Total, 12 years and over",Consultation with a health professional about emotional or mental health,10.9,,,percent,,v111451150,2015,2016A000247,Percent,units
2015,2015,Saskatchewan,Males,"Total, 12 years and over",Consultation with a health professional about emotional or mental health,7.9,,,percent,,v111451151,2015,2016A000247,Percent,units
2015,2015,Saskatchewan,Males,"Total, 12 years and over",Consultation with a health professional about emotional or mental health,13.9,,,percent,,v111451152,2015,2016A000247,Percent,units
2015,2015,Saskatchewan,Males,"Total, 12 years and over","Positive mental health, flourishing",,358700.0,,,,v111451155,2015,2016A000247,Number,units
2015,2015,Saskatchewan,Males,"Total, 12 years and over","Positive mental health, flourishing",,,387900.0,,,v111451156,2015,2016A000247,Number,units
2015,2015,Saskatchewan,Males,"Total, 12 years and over","Positive mental health, flourishing",85.3,,,percent,,v111451157,2015,2016A000247,Percent,units
2015,2015,Saskatchewan,Males,"Total, 12 years and over","Positive mental health, flourishing",82.1,,,percent,,v111451158,2015,2016A000247,Percent,units
2015,2015,Saskatchewan,Males,"Total, 12 years and over","Positive mental health, flourishing",88.4,,,percent,,v111451159,2015,2016A000247,Percent,units
2015,2015,Saskatchewan,Males,"Total, 12 years and over",Suicidal thoughts (15 years and over),,44400.0,,,,v111451162,2015,2016A000247,Number,units
2015,2015,Saskatchewan,Males,"Total, 12 years and over",Suicidal thoughts (15 years and over),,,72700.0,,,v111451163,2015,2016A000247,Number,units
2015,2015,Saskatchewan,Males,"Total, 12 years and over",Suicidal thoughts (15 years and over),14.0,,,percent,,v111451164,2015,2016A000247,Percent,units
2015,2015,Saskatchewan,Males,"Total, 12 years and over",Suicidal thoughts (15 years and over),10.6,,,percent,,v111451165,2015,2016A000247,Percent,units
2015,2015,Saskatchewan,Males,"Total, 12 years and over",Suicidal thoughts (15 years and over),17.4,,,percent,,v111451166,2015,2016A000247,Percent,units
2019,2019,Alberta,Both sexes,12 to 17 years,Consultation with a health professional about emotional or mental health,,34200.0,,,,v111451568,2019,2016A000248,Number,units
2019,2019,Alberta,Both sexes,12 to 17 years,Consultation with a health professional about emotional or mental health,,,62800.0,,,v111451569,2019,2016A000248,Number,units
2019,2019,Alberta,Both sexes,12 to 17 years,Consultation with a health professional about emotional or mental health,17.5,,,percent,e,v111451570,2019,2016A000248,Percent,units
2019,2019,Alberta,Both sexes,12 to 17 years,Consultation with a health professional about emotional or mental health,12.9,,,percent,e,v111451571,2019,2016A000248,Percent,units
2019,2019,Alberta,Both sexes,12 to 17 years,Consultation with a health professional about emotional or mental health,23.3,,,percent,e,v111451572,2019,2016A000248,Percent,units
2019,2019,Alberta,Both sexes,12 to 17 years,"Positive mental health, flourishing",,197400.0,,,,v111451575,2019,2016A000248,Number,units
2019,2019,Alberta,Both sexes,12 to 17 years,"Positive mental health, flourishing",,,247700.0,,,v111451576,2019,2016A000248,Number,units
2019,2019,Alberta,Both sexes,12 to 17 years,"Positive mental health, flourishing",82.8,,,percent,,v111451577,2019,2016A000248,Percent,units
2019,2019,Alberta,Both sexes,12 to 17 years,"Positive mental health, flourishing",73.0,,,percent,,v111451578,2019,2016A000248,Percent,units
2019,2019,Alberta,Both sexes,12 to 17 years,"Positive mental health, flourishing",89.6,,,percent,,v111451579,2019,2016A000248,Percent,units
2019,2019,Alberta,Both sexes,12 to 17 years,Suicidal thoughts (15 years and over),,12700.0,,,,v111451582,2019,2016A000248,Number,units
2019,2019,Alberta,Both sexes,12 to 17 years,Suicidal thoughts (15 years and over),,,33900.0,,,v111451583,2019,2016A000248,Number,units
2019,2019,Alberta,Both sexes,12 to 17 years,Suicidal thoughts (15 years and over),16.8,,,percent,e,v111451584,2019,2016A000248,Percent,units
2019,2019,Alberta,Both sexes,12 to 17 years,Suicidal thoughts (15 years and over),10.6,,,percent,e,v111451585,2019,2016A000248,Percent,units
2019,2019,Alberta,Both sexes,12 to 17 years,Suicidal thoughts (15 years and over),25.7,,,percent,e,v111451586,2019,2016A000248,Percent,units
2019,2019,Alberta,Females,12 to 17 years,Consultation with a health professional about emotional or mental health,,16100.0,,,,v111451610,2019,2016A000248,Number,units
2019,2019,Alberta,Females,12 to 17 years,Consultation with a health professional about emotional or mental health,,,35800.0,,,v111451611,2019,2016A000248,Number,units
2019,2019,Alberta,Females,12 to 17 years,Consultation with a health professional about emotional or mental health,19.1,,,percent,e,v111451612,2019,2016A000248,Percent,units
2019,2019,Alberta,Females,12 to 17 years,Consultation with a health professional about emotional or mental health,13.0,,,percent,e,v111451613,2019,2016A000248,Percent,units
2019,2019,Alberta,Females,12 to 17 years,Consultation with a health professional about emotional or mental health,27.3,,,percent,e,v111451614,2019,2016A000248,Percent,units
2019,2019,Alberta,Females,12 to 17 years,"Positive mental health, flourishing",,83800.0,,,,v111451617,2019,2016A000248,Number,units
2019,2019,Alberta,Females,12 to 17 years,"Positive mental health, flourishing",,,123200.0,,,v111451618,2019,2016A000248,Number,units
2019,2019,Alberta,Females,12 to 17 years,"Positive mental health, flourishing",79.2,,,percent,,v111451619,2019,2016A000248,Percent,units
2019,2019,Alberta,Females,12 to 17 years,"Positive mental health, flourishing",63.3,,,percent,,v111451620,2019,2016A000248,Percent,units
2019,2019,Alberta,Females,12 to 17 years,"Positive mental health, flourishing",89.4,,,percent,,v111451621,2019,2016A000248,Percent,units
2019,2019,Alberta,Females,12 to 17 years,Suicidal thoughts (15 years and over),,7400.0,,,,v111451624,2019,2016A000248,Number,units
2019,2019,Alberta,Females,12 to 17 years,Suicidal thoughts (15 years and over),,,24100.0,,,v111451625,2019,2016A000248,Number,units
2019,2019,Alberta,Females,12 to 17 years,Suicidal thoughts (15 years and over),27.0,,,percent,e,v111451626,2019,2016A000248,Percent,units
2019,2019,Alberta,Females,12 to 17 years,Suicidal thoughts (15 years and over),16.1,,,percent,e,v111451627,2019,2016A000248,Percent,units
2019,2019,Alberta,Females,12 to 17 years,Suicidal thoughts (15 years and over),41.6,,,percent,e,v111451628,2019,2016A000248,Percent,units
2019,2019,Alberta,Males,12 to 17 years,Consultation with a health professional about emotional or mental health,,12600.0,,,,v111451589,2019,2016A000248,Number,units
2019,2019,Alberta,Males,12 to 17 years,Consultation with a health professional about emotional or mental health,,,33400.0,,,v111451590,2019,2016A000248,Number,units
2019,2019,Alberta,Males,12 to 17 years,Consultation with a health professional about emotional or mental health,16.0,,,percent,e,v111451591,2019,2016A000248,Percent,units
2019,2019,Alberta,Males,12 to 17 years,Consultation with a health professional about emotional or mental health,10.1,,,percent,e,v111451592,2019,2016A000248,Percent,units
2019,2019,Alberta,Males,12 to 17 years,Consultation with a health professional about emotional or mental health,24.6,,,percent,e,v111451593,2019,2016A000248,Percent,units
2019,2019,Alberta,Males,12 to 17 years,"Positive mental health, flourishing",,104600.0,,,,v111451596,2019,2016A000248,Number,units
2019,2019,Alberta,Males,12 to 17 years,"Positive mental health, flourishing",,,134800.0,,,v111451597,2019,2016A000248,Number,units
2019,2019,Alberta,Males,12 to 17 years,"Positive mental health, flourishing",86.1,,,percent,,v111451598,2019,2016A000248,Percent,units
2019,2019,Alberta,Males,12 to 17 years,"Positive mental health, flourishing",73.0,,,percent,,v111451599,2019,2016A000248,Percent,units
2019,2019,Alberta,Males,12 to 17 years,"Positive mental health, flourishing",93.4,,,percent,,v111451600,2019,2016A000248,Percent,units
2019,2019,Alberta,Both sexes,18 to 34 years,Consultation with a health professional about emotional or mental health,,206300.0,,,,v111451631,2019,2016A000248,Number,units
2019,2019,Alberta,Both sexes,18 to 34 years,Consultation with a health professional about emotional or mental health,,,268400.0,,,v111451632,2019,2016A000248,Number,units
2019,2019,Alberta,Both sexes,18 to 34 years,Consultation with a health professional about emotional or mental health,22.9,,,percent,,v111451633,2019,2016A000248,Percent,units
2019,2019,Alberta,Both sexes,18 to 34 years,Consultation with a health professional about emotional or mental health,20.1,,,percent,,v111451634,2019,2016A000248,Percent,units
2019,2019,Alberta,Both sexes,18 to 34 years,Consultation with a health professional about emotional or mental health,26.0,,,percent,,v111451635,2019,2016A000248,Percent,units
2019,2019,Alberta,Both sexes,18 to 34 years,"Positive mental health, flourishing",,652200.0,,,,v111451638,2019,2016A000248,Number,units
2019,2019,Alberta,Both sexes,18 to 34 years,"Positive mental health, flourishing",,,809500.0,,,v111451639,2019,2016A000248,Number,units
2019,2019,Alberta,Both sexes,18 to 34 years,"Positive mental health, flourishing",70.5,,,percent,,v111451640,2019,2016A000248,Percent,units
2019,2019,Alberta,Both sexes,18 to 34 years,"Positive mental health, flourishing",62.4,,,percent,,v111451641,2019,2016A000248,Percent,units
2019,2019,Alberta,Both sexes,18 to 34 years,"Positive mental health, flourishing",77.4,,,percent,,v111451642,2019,2016A000248,Percent,units
2019,2019,Alberta,Both sexes,18 to 34 years,Suicidal thoughts (15 years and over),,171900.0,,,,v111451645,2019,2016A000248,Number,units
2019,2019,Alberta,Both sexes,18 to 34 years,Suicidal thoughts (15 years and over),,,239800.0,,,v111451646,2019,2016A000248,Number,units
2019,2019,Alberta,Both sexes,18 to 34 years,Suicidal thoughts (15 years and over),20.1,,,percent,,v111451647,2019,2016A000248,Percent,units
2019,2019,Alberta,Both sexes,18 to 34 years,Suicidal thoughts (15 years and over),17.0,,,percent,,v111451648,2019,2016A000248,Percent,units
2019,2019,Alberta,Both sexes,18 to 34 years,Suicidal thoughts (15 years and over),23.6,,,percent,,v111451649,2019,2016A000248,Percent,units
2019,2019,Alberta,Females,18 to 34 years,Consultation with a health professional about emotional or mental health,,143400.0,,,,v111451673,2019,2016A000248,Number,units
2019,2019,Alberta,Females,18 to 34 years,Consultation with a health professional about emotional or mental health,,,189300.0,,,v111451674,2019,2016A000248,Number,units
2019,2019,Alberta,Females,18 to 34 years,Consultation with a health professional about emotional or mental health,32.0,,,percent,,v111451675,2019,2016A000248,Percent,units
2019,2019,Alberta,Females,18 to 34 years,Consultation with a health professional about emotional or mental health,27.7,,,percent,,v111451676,2019,2016A000248,Percent,units
2019,2019,Alberta,Females,18 to 34 years,Consultation with a health professional about emotional or mental health,36.6,,,percent,,v111451677,2019,2016A000248,Percent,units
2019,2019,Alberta,Females,18 to 34 years,"Positive mental health, flourishing",,325500.0,,,,v111451680,2019,2016A000248,Number,units
2019,2019,Alberta,Females,18 to 34 years,"Positive mental health, flourishing",,,421300.0,,,v111451681,2019,2016A000248,Number,units
2019,2019,Alberta,Females,18 to 34 years,"Positive mental health, flourishing",71.8,,,percent,,v111451682,2019,2016A000248,Percent,units
2019,2019,Alberta,Females,18 to 34 years,"Positive mental health, flourishing",61.9,,,percent,,v111451683,2019,2016A000248,Percent,units
2019,2019,Alberta,Females,18 to 34 years,"Positive mental health, flourishing",80.0,,,percent,,v111451684,2019,2016A000248,Percent,units
2019,2019,Alberta,Females,18 to 34 years,Suicidal thoughts (15 years and over),,88500.0,,,,v111451687,2019,2016A000248,Number,units
2019,2019,Alberta,Females,18 to 34 years,Suicidal thoughts (15 years and over),,,133900.0,,,v111451688,2019,2016A000248,Number,units
2019,2019,Alberta,Females,18 to 34 years,Suicidal thoughts (15 years and over),21.4,,,percent,,v111451689,2019,2016A000248,Percent,units
2019,2019,Alberta,Females,18 to 34 years,Suicidal thoughts (15 years and over),17.4,,,percent,,v111451690,2019,2016A000248,Percent,units
2019,2019,Alberta,Females,18 to 34 years,Suicidal thoughts (15 years and over),26.2,,,percent,,v111451691,2019,2016A000248,Percent,units
2019,2019,Alberta,Males,18 to 34 years,Consultation with a health professional about emotional or mental health,,51500.0,,,,v111451652,2019,2016A000248,Number,units
2019,2019,Alberta,Males,18 to 34 years,Consultation with a health professional about emotional or mental health,,,91600.0,,,v111451653,2019,2016A000248,Number,units
2019,2019,Alberta,Males,18 to 34 years,Consultation with a health professional about emotional or mental health,13.9,,,percent,,v111451654,2019,2016A000248,Percent,units
2019,2019,Alberta,Males,18 to 34 years,Consultation with a health professional about emotional or mental health,10.4,,,percent,,v111451655,2019,2016A000248,Percent,units
2019,2019,Alberta,Males,18 to 34 years,Consultation with a health professional about emotional or mental health,18.4,,,percent,,v111451656,2019,2016A000248,Percent,units
2019,2019,Alberta,Males,18 to 34 years,"Positive mental health, flourishing",,297300.0,,,,v111451659,2019,2016A000248,Number,units
2019,2019,Alberta,Males,18 to 34 years,"Positive mental health, flourishing",,,414800.0,,,v111451660,2019,2016A000248,Number,units
2019,2019,Alberta,Males,18 to 34 years,"Positive mental health, flourishing",69.1,,,percent,,v111451661,2019,2016A000248,Percent,units
2019,2019,Alberta,Males,18 to 34 years,"Positive mental health, flourishing",57.1,,,percent,,v111451662,2019,2016A000248,Percent,units
2019,2019,Alberta,Males,18 to 34 years,"Positive mental health, flourishing",79.0,,,percent,,v111451663,2019,2016A000248,Percent,units
2019,2019,Alberta,Males,18 to 34 years,Suicidal thoughts (15 years and over),,69400.0,,,,v111451666,2019,2016A000248,Number,units
2019,2019,Alberta,Males,18 to 34 years,Suicidal thoughts (15 years and over),,,118900.0,,,v111451667,2019,2016A000248,Number,units
2019,2019,Alberta,Males,18 to 34 years,Suicidal thoughts (15 years and over),18.7,,,percent,,v111451668,2019,2016A000248,Percent,units
2019,2019,Alberta,Males,18 to 34 years,Suicidal thoughts (15 years and over),14.4,,,percent,,v111451669,2019,2016A000248,Percent,units
2019,2019,Alberta,Males,18 to 34 years,Suicidal thoughts (15 years and over),24.0,,,percent,,v111451670,2019,2016A000248,Percent,units
2019,2019,Alberta,Both sexes,35 to 49 years,Consultation with a health professional about emotional or mental health,,165400.0,,,,v111451694,2019,2016A000248,Number,units
2019,2019,Alberta,Both sexes,35 to 49 years,Consultation with a health professional about emotional or mental health,,,226300.0,,,v111451695,2019,2016A000248,Number,units
2019,2019,Alberta,Both sexes,35 to 49 years,Consultation with a health professional about emotional or mental health,20.7,,,percent,,v111451696,2019,2016A000248,Percent,units
2019,2019,Alberta,Both sexes,35 to 49 years,Consultation with a health professional about emotional or mental health,17.6,,,percent,,v111451697,2019,2016A000248,Percent,units
2019,2019,Alberta,Both sexes,35 to 49 years,Consultation with a health professional about emotional or mental health,24.1,,,percent,,v111451698,2019,2016A000248,Percent,units
2019,2019,Alberta,Both sexes,35 to 49 years,"Positive mental health, flourishing",,695000.0,,,,v111451701,2019,2016A000248,Number,units
2019,2019,Alberta,Both sexes,35 to 49 years,"Positive mental health, flourishing",,,800800.0,,,v111451702,2019,2016A000248,Number,units
2019,2019,Alberta,Both sexes,35 to 49 years,"Positive mental health, flourishing",80.8,,,percent,,v111451703,2019,2016A000248,Percent,units
2019,2019,Alberta,Both sexes,35 to 49 years,"Positive mental health, flourishing",75.1,,,percent,,v111451704,2019,2016A000248,Percent,units
2019,2019,Alberta,Both sexes,35 to 49 years,"Positive mental health, flourishing",85.5,,,percent,,v111451705,2019,2016A000248,Percent,units
2019,2019,Alberta,Both sexes,35 to 49 years,Suicidal thoughts (15 years and over),,102700.0,,,,v111451708,2019,2016A000248,Number,units
2019,2019,Alberta,Both sexes,35 to 49 years,Suicidal thoughts (15 years and over),,,158800.0,,,v111451709,2019,2016A000248,Number,units
2019,2019,Alberta,Both sexes,35 to 49 years,Suicidal thoughts (15 years and over),13.8,,,percent,,v111451710,2019,2016A000248,Percent,units
2019,2019,Alberta,Both sexes,35 to 49 years,Suicidal thoughts (15 years and over),11.1,,,percent,,v111451711,2019,2016A000248,Percent,units
2019,2019,Alberta,Both sexes,35 to 49 years,Suicidal thoughts (15 years and over),17.1,,,percent,,v111451712,2019,2016A000248,Percent,units
2019,2019,Alberta,Females,35 to 49 years,Consultation with a health professional about emotional or mental health,,101900.0,,,,v111451736,2019,2016A000248,Number,units
2019,2019,Alberta,Females,35 to 49 years,Consultation with a health professional about emotional or mental health,,,147900.0,,,v111451737,2019,2016A000248,Number,units
2019,2019,Alberta,Females,35 to 49 years,Consultation with a health professional about emotional or mental health,26.8,,,percent,,v111451738,2019,2016A000248,Percent,units
2019,2019,Alberta,Females,35 to 49 years,Consultation with a health professional about emotional or mental health,22.0,,,percent,,v111451739,2019,2016A000248,Percent,units
2019,2019,Alberta,Females,35 to 49 years,Consultation with a health professional about emotional or mental health,32.2,,,percent,,v111451740,2019,2016A000248,Percent,units
2019,2019,Alberta,Females,35 to 49 years,"Positive mental health, flourishing",,321000.0,,,,v111451743,2019,2016A000248,Number,units
2019,2019,Alberta,Females,35 to 49 years,"Positive mental health, flourishing",,,399100.0,,,v111451744,2019,2016A000248,Number,units
2019,2019,Alberta,Females,35 to 49 years,"Positive mental health, flourishing",81.4,,,percent,,v111451745,2019,2016A000248,Percent,units
2019,2019,Alberta,Females,35 to 49 years,"Positive mental health, flourishing",72.6,,,percent,,v111451746,2019,2016A000248,Percent,units
2019,2019,Alberta,Females,35 to 49 years,"Positive mental health, flourishing",87.9,,,percent,,v111451747,2019,2016A000248,Percent,units
2019,2019,Alberta,Females,35 to 49 years,Suicidal thoughts (15 years and over),,51700.0,,,,v111451750,2019,2016A000248,Number,units
2019,2019,Alberta,Females,35 to 49 years,Suicidal thoughts (15 years and over),,,88400.0,,,v111451751,2019,2016A000248,Number,units
2019,2019,Alberta,Females,35 to 49 years,Suicidal thoughts (15 years and over),14.7,,,percent,,v111451752,2019,2016A000248,Percent,units
2019,2019,Alberta,Females,35 to 49 years,Suicidal thoughts (15 years and over),11.2,,,percent,,v111451753,2019,2016A000248,Percent,units
2019,2019,Alberta,Females,35 to 49 years,Suicidal thoughts (15 years and over),19.1,,,percent,,v111451754,2019,2016A000248,Percent,units
2019,2019,Alberta,Males,35 to 49 years,Consultation with a health professional about emotional or mental health,,49800.0,,,,v111451715,2019,2016A000248,Number,units
2019,2019,Alberta,Males,35 to 49 years,Consultation with a health professional about emotional or mental health,,,92400.0,,,v111451716,2019,2016A000248,Number,units
2019,2019,Alberta,Males,35 to 49 years,Consultation with a health professional about emotional or mental health,14.9,,,percent,,v111451717,2019,2016A000248,Percent,units
2019,2019,Alberta,Males,35 to 49 years,Consultation with a health professional about emotional or mental health,11.1,,,percent,,v111451718,2019,2016A000248,Percent,units
2019,2019,Alberta,Males,35 to 49 years,Consultation with a health professional about emotional or mental health,19.6,,,percent,,v111451719,2019,2016A000248,Percent,units
2019,2019,Alberta,Males,35 to 49 years,"Positive mental health, flourishing",,351400.0,,,,v111451722,2019,2016A000248,Number,units
2019,2019,Alberta,Males,35 to 49 years,"Positive mental health, flourishing",,,424400.0,,,v111451723,2019,2016A000248,Number,units
2019,2019,Alberta,Males,35 to 49 years,"Positive mental health, flourishing",80.2,,,percent,,v111451724,2019,2016A000248,Percent,units
2019,2019,Alberta,Males,35 to 49 years,"Positive mental health, flourishing",71.6,,,percent,,v111451725,2019,2016A000248,Percent,units
2019,2019,Alberta,Males,35 to 49 years,"Positive mental health, flourishing",86.7,,,percent,,v111451726,2019,2016A000248,Percent,units
2019,2019,Alberta,Males,35 to 49 years,Suicidal thoughts (15 years and over),,40400.0,,,,v111451729,2019,2016A000248,Number,units
2019,2019,Alberta,Males,35 to 49 years,Suicidal thoughts (15 years and over),,,78500.0,,,v111451730,2019,2016A000248,Number,units
2019,2019,Alberta,Males,35 to 49 years,Suicidal thoughts (15 years and over),13.0,,,percent,e,v111451731,2019,2016A000248,Percent,units
2019,2019,Alberta,Males,35 to 49 years,Suicidal thoughts (15 years and over),9.3,,,percent,e,v111451732,2019,2016A000248,Percent,units
2019,2019,Alberta,Males,35 to 49 years,Suicidal thoughts (15 years and over),17.9,,,percent,e,v111451733,2019,2016A000248,Percent,units
2019,2019,Alberta,Both sexes,50 to 64 years,Consultation with a health professional about emotional or mental health,,95500.0,,,,v111451757,2019,2016A000248,Number,units
2019,2019,Alberta,Both sexes,50 to 64 years,Consultation with a health professional about emotional or mental health,,,145600.0,,,v111451758,2019,2016A000248,Number,units
2019,2019,Alberta,Both sexes,50 to 64 years,Consultation with a health professional about emotional or mental health,14.9,,,percent,,v111451759,2019,2016A000248,Percent,units
2019,2019,Alberta,Both sexes,50 to 64 years,Consultation with a health professional about emotional or mental health,12.0,,,percent,,v111451760,2019,2016A000248,Percent,units
2019,2019,Alberta,Both sexes,50 to 64 years,Consultation with a health professional about emotional or mental health,18.3,,,percent,,v111451761,2019,2016A000248,Percent,units
2019,2019,Alberta,Both sexes,50 to 64 years,"Positive mental health, flourishing",,568800.0,,,,v111451764,2019,2016A000248,Number,units
2019,2019,Alberta,Both sexes,50 to 64 years,"Positive mental health, flourishing",,,675700.0,,,v111451765,2019,2016A000248,Number,units
2019,2019,Alberta,Both sexes,50 to 64 years,"Positive mental health, flourishing",79.2,,,percent,,v111451766,2019,2016A000248,Percent,units
2019,2019,Alberta,Both sexes,50 to 64 years,"Positive mental health, flourishing",71.5,,,percent,,v111451767,2019,2016A000248,Percent,units
2019,2019,Alberta,Both sexes,50 to 64 years,"Positive mental health, flourishing",85.3,,,percent,,v111451768,2019,2016A000248,Percent,units
2019,2019,Alberta,Both sexes,50 to 64 years,Suicidal thoughts (15 years and over),,66800.0,,,,v111451771,2019,2016A000248,Number,units
2019,2019,Alberta,Both sexes,50 to 64 years,Suicidal thoughts (15 years and over),,,109300.0,,,v111451772,2019,2016A000248,Number,units
2019,2019,Alberta,Both sexes,50 to 64 years,Suicidal thoughts (15 years and over),10.8,,,percent,,v111451773,2019,2016A000248,Percent,units
2019,2019,Alberta,Both sexes,50 to 64 years,Suicidal thoughts (15 years and over),8.4,,,percent,,v111451774,2019,2016A000248,Percent,units
2019,2019,Alberta,Both sexes,50 to 64 years,Suicidal thoughts (15 years and over),13.7,,,percent,,v111451775,2019,2016A000248,Percent,units
2019,2019,Alberta,Females,50 to 64 years,Consultation with a health professional about emotional or mental health,,64500.0,,,,v111451799,2019,2016A000248,Number,units
2019,2019,Alberta,Females,50 to 64 years,Consultation with a health professional about emotional or mental health,,,112000.0,,,v111451800,2019,2016A000248,Number,units
2019,2019,Alberta,Females,50 to 64 years,Consultation with a health professional about emotional or mental health,22.3,,,percent,,v111451801,2019,2016A000248,Percent,units
2019,2019,Alberta,Females,50 to 64 years,Consultation with a health professional about emotional or mental health,16.9,,,percent,,v111451802,2019,2016A000248,Percent,units
2019,2019,Alberta,Females,50 to 64 years,Consultation with a health professional about emotional or mental health,28.8,,,percent,,v111451803,2019,2016A000248,Percent,units
2019,2019,Alberta,Females,50 to 64 years,"Positive mental health, flourishing",,255800.0,,,,v111451806,2019,2016A000248,Number,units
2019,2019,Alberta,Females,50 to 64 years,"Positive mental health, flourishing",,,335000.0,,,v111451807,2019,2016A000248,Number,units
2019,2019,Alberta,Females,50 to 64 years,"Positive mental health, flourishing",77.7,,,percent,,v111451808,2019,2016A000248,Percent,units
2019,2019,Alberta,Females,50 to 64 years,"Positive mental health, flourishing",65.2,,,percent,,v111451809,2019,2016A000248,Percent,units
2019,2019,Alberta,Females,50 to 64 years,"Positive mental health, flourishing",86.6,,,percent,,v111451810,2019,2016A000248,Percent,units
2019,2019,Alberta,Females,50 to 64 years,Suicidal thoughts (15 years and over),,34200.0,,,,v111451813,2019,2016A000248,Number,units
2019,2019,Alberta,Females,50 to 64 years,Suicidal thoughts (15 years and over),,,62800.0,,,v111451814,2019,2016A000248,Number,units
2019,2019,Alberta,Females,50 to 64 years,Suicidal thoughts (15 years and over),12.1,,,percent,e,v111451815,2019,2016A000248,Percent,units
2019,2019,Alberta,Females,50 to 64 years,Suicidal thoughts (15 years and over),8.7,,,percent,e,v111451816,2019,2016A000248,Percent,units
2019,2019,Alberta,Females,50 to 64 years,Suicidal thoughts (15 years and over),16.5,,,percent,e,v111451817,2019,2016A000248,Percent,units
2019,2019,Alberta,Males,50 to 64 years,Consultation with a health professional about emotional or mental health,,22300.0,,,,v111451778,2019,2016A000248,Number,units
2019,2019,Alberta,Males,50 to 64 years,Consultation with a health professional about emotional or mental health,,,41400.0,,,v111451779,2019,2016A000248,Number,units
2019,2019,Alberta,Males,50 to 64 years,Consultation with a health professional about emotional or mental health,7.7,,,percent,e,v111451780,2019,2016A000248,Percent,units
2019,2019,Alberta,Males,50 to 64 years,Consultation with a health professional about emotional or mental health,5.7,,,percent,e,v111451781,2019,2016A000248,Percent,units
2019,2019,Alberta,Males,50 to 64 years,Consultation with a health professional about emotional or mental health,10.5,,,percent,e,v111451782,2019,2016A000248,Percent,units
2019,2019,Alberta,Males,50 to 64 years,"Positive mental health, flourishing",,282100.0,,,,v111451785,2019,2016A000248,Number,units
2019,2019,Alberta,Males,50 to 64 years,"Positive mental health, flourishing",,,361300.0,,,v111451786,2019,2016A000248,Number,units
2019,2019,Alberta,Males,50 to 64 years,"Positive mental health, flourishing",80.8,,,percent,,v111451787,2019,2016A000248,Percent,units
2019,2019,Alberta,Males,50 to 64 years,"Positive mental health, flourishing",70.5,,,percent,,v111451788,2019,2016A000248,Percent,units
2019,2019,Alberta,Males,50 to 64 years,"Positive mental health, flourishing",88.1,,,percent,,v111451789,2019,2016A000248,Percent,units
2019,2019,Alberta,Males,50 to 64 years,Suicidal thoughts (15 years and over),,26400.0,,,,v111451792,2019,2016A000248,Number,units
2019,2019,Alberta,Males,50 to 64 years,Suicidal thoughts (15 years and over),,,53400.0,,,v111451793,2019,2016A000248,Number,units
2019,2019,Alberta,Males,50 to 64 years,Suicidal thoughts (15 years and over),9.6,,,percent,e,v111451794,2019,2016A000248,Percent,units
2019,2019,Alberta,Males,50 to 64 years,Suicidal thoughts (15 years and over),6.8,,,percent,e,v111451795,2019,2016A000248,Percent,units
2019,2019,Alberta,Males,50 to 64 years,Suicidal thoughts (15 years and over),13.3,,,percent,e,v111451796,2019,2016A000248,Percent,units
2019,2019,Alberta,Both sexes,65 years and over,Consultation with a health professional about emotional or mental health,,42300.0,,,,v111451820,2019,2016A000248,Number,units
2019,2019,Alberta,Both sexes,65 years and over,Consultation with a health professional about emotional or mental health,,,57600.0,,,v111451821,2019,2016A000248,Number,units
2019,2019,Alberta,Both sexes,65 years and over,Consultation with a health professional about emotional or mental health,9.4,,,percent,,v111451822,2019,2016A000248,Percent,units
2019,2019,Alberta,Both sexes,65 years and over,Consultation with a health professional about emotional or mental health,8.0,,,percent,,v111451823,2019,2016A000248,Percent,units
2019,2019,Alberta,Both sexes,65 years and over,Consultation with a health professional about emotional or mental health,11.0,,,percent,,v111451824,2019,2016A000248,Percent,units
2019,2019,Alberta,Both sexes,65 years and over,"Positive mental health, flourishing",,350000.0,,,,v111451827,2019,2016A000248,Number,units
2019,2019,Alberta,Both sexes,65 years and over,"Positive mental health, flourishing",,,424400.0,,,v111451828,2019,2016A000248,Number,units
2019,2019,Alberta,Both sexes,65 years and over,"Positive mental health, flourishing",72.0,,,percent,,v111451829,2019,2016A000248,Percent,units
2019,2019,Alberta,Both sexes,65 years and over,"Positive mental health, flourishing",63.9,,,percent,,v111451830,2019,2016A000248,Percent,units
2019,2019,Alberta,Both sexes,65 years and over,"Positive mental health, flourishing",78.9,,,percent,,v111451831,2019,2016A000248,Percent,units
2019,2019,Alberta,Both sexes,65 years and over,Suicidal thoughts (15 years and over),,32800.0,,,,v111451834,2019,2016A000248,Number,units
2019,2019,Alberta,Both sexes,65 years and over,Suicidal thoughts (15 years and over),,,47100.0,,,v111451835,2019,2016A000248,Number,units
2019,2019,Alberta,Both sexes,65 years and over,Suicidal thoughts (15 years and over),7.6,,,percent,,v111451836,2019,2016A000248,Percent,units
2019,2019,Alberta,Both sexes,65 years and over,Suicidal thoughts (15 years and over),6.3,,,percent,,v111451837,2019,2016A000248,Percent,units
2019,2019,Alberta,Both sexes,65 years and over,Suicidal thoughts (15 years and over),9.1,,,percent,,v111451838,2019,2016A000248,Percent,units
2019,2019,Alberta,Females,65 years and over,Consultation with a health professional about emotional or mental health,,28400.0,,,,v111451862,2019,2016A000248,Number,units
2019,2019,Alberta,Females,65 years and over,Consultation with a health professional about emotional or mental health,,,41000.0,,,v111451863,2019,2016A000248,Number,units
2019,2019,Alberta,Females,65 years and over,Consultation with a health professional about emotional or mental health,12.5,,,percent,,v111451864,2019,2016A000248,Percent,units
2019,2019,Alberta,Females,65 years and over,Consultation with a health professional about emotional or mental health,10.4,,,percent,,v111451865,2019,2016A000248,Percent,units
2019,2019,Alberta,Females,65 years and over,Consultation with a health professional about emotional or mental health,15.0,,,percent,,v111451866,2019,2016A000248,Percent,units
2019,2019,Alberta,Females,65 years and over,"Positive mental health, flourishing",,182500.0,,,,v111451869,2019,2016A000248,Number,units
2019,2019,Alberta,Females,65 years and over,"Positive mental health, flourishing",,,238100.0,,,v111451870,2019,2016A000248,Number,units
2019,2019,Alberta,Females,65 years and over,"Positive mental health, flourishing",74.2,,,percent,,v111451871,2019,2016A000248,Percent,units
2019,2019,Alberta,Females,65 years and over,"Positive mental health, flourishing",62.9,,,percent,,v111451872,2019,2016A000248,Percent,units
2019,2019,Alberta,Females,65 years and over,"Positive mental health, flourishing",83.0,,,percent,,v111451873,2019,2016A000248,Percent,units
2019,2019,Alberta,Females,65 years and over,Suicidal thoughts (15 years and over),,18800.0,,,,v111451876,2019,2016A000248,Number,units
2019,2019,Alberta,Females,65 years and over,Suicidal thoughts (15 years and over),,,28600.0,,,v111451877,2019,2016A000248,Number,units
2019,2019,Alberta,Females,65 years and over,Suicidal thoughts (15 years and over),8.6,,,percent,,v111451878,2019,2016A000248,Percent,units
2019,2019,Alberta,Females,65 years and over,Suicidal thoughts (15 years and over),7.0,,,percent,,v111451879,2019,2016A000248,Percent,units
2019,2019,Alberta,Females,65 years and over,Suicidal thoughts (15 years and over),10.7,,,percent,,v111451880,2019,2016A000248,Percent,units
2019,2019,Alberta,Males,65 years and over,Consultation with a health professional about emotional or mental health,,10400.0,,,,v111451841,2019,2016A000248,Number,units
2019,2019,Alberta,Males,65 years and over,Consultation with a health professional about emotional or mental health,,,19500.0,,,v111451842,2019,2016A000248,Number,units
2019,2019,Alberta,Males,65 years and over,Consultation with a health professional about emotional or mental health,5.9,,,percent,e,v111451843,2019,2016A000248,Percent,units
2019,2019,Alberta,Males,65 years and over,Consultation with a health professional about emotional or mental health,4.3,,,percent,e,v111451844,2019,2016A000248,Percent,units
2019,2019,Alberta,Males,65 years and over,Consultation with a health professional about emotional or mental health,8.1,,,percent,e,v111451845,2019,2016A000248,Percent,units
2019,2019,Alberta,Males,65 years and over,"Positive mental health, flourishing",,151400.0,,,,v111451848,2019,2016A000248,Number,units
2019,2019,Alberta,Males,65 years and over,"Positive mental health, flourishing",,,204800.0,,,v111451849,2019,2016A000248,Number,units
2019,2019,Alberta,Males,65 years and over,"Positive mental health, flourishing",69.6,,,percent,,v111451850,2019,2016A000248,Percent,units
2019,2019,Alberta,Males,65 years and over,"Positive mental health, flourishing",57.9,,,percent,,v111451851,2019,2016A000248,Percent,units
2019,2019,Alberta,Males,65 years and over,"Positive mental health, flourishing",79.2,,,percent,,v111451852,2019,2016A000248,Percent,units
2019,2019,Alberta,Males,65 years and over,Suicidal thoughts (15 years and over),,11600.0,,,,v111451855,2019,2016A000248,Number,units
2019,2019,Alberta,Males,65 years and over,Suicidal thoughts (15 years and over),,,21900.0,,,v111451856,2019,2016A000248,Number,units
2019,2019,Alberta,Males,65 years and over,Suicidal thoughts (15 years and over),6.5,,,percent,e,v111451857,2019,2016A000248,Percent,units
2019,2019,Alberta,Males,65 years and over,Suicidal thoughts (15 years and over),4.6,,,percent,e,v111451858,2019,2016A000248,Percent,units
2019,2019,Alberta,Males,65 years and over,Suicidal thoughts (15 years and over),9.0,,,percent,e,v111451859,2019,2016A000248,Percent,units
2019,2019,Alberta,Both sexes,"Total, 12 years and over",Consultation with a health professional about emotional or mental health,,595400.0,,,,v111451505,2019,2016A000248,Number,units
2019,2019,Alberta,Both sexes,"Total, 12 years and over",Consultation with a health professional about emotional or mental health,,,701000.0,,,v111451506,2019,2016A000248,Number,units
2019,2019,Alberta,Both sexes,"Total, 12 years and over",Consultation with a health professional about emotional or mental health,18.1,,,percent,,v111451507,2019,2016A000248,Percent,units
2019,2019,Alberta,Both sexes,"Total, 12 years and over",Consultation with a health professional about emotional or mental health,16.7,,,percent,,v111451508,2019,2016A000248,Percent,units
2019,2019,Alberta,Both sexes,"Total, 12 years and over",Consultation with a health professional about emotional or mental health,19.7,,,percent,,v111451509,2019,2016A000248,Percent,units
2019,2019,Alberta,Both sexes,"Total, 12 years and over","Positive mental health, flourishing",,2589800.0,,,,v111451512,2019,2016A000248,Number,units
2019,2019,Alberta,Both sexes,"Total, 12 years and over","Positive mental health, flourishing",,,2843800.0,,,v111451513,2019,2016A000248,Number,units
2019,2019,Alberta,Both sexes,"Total, 12 years and over","Positive mental health, flourishing",76.3,,,percent,,v111451514,2019,2016A000248,Percent,units
2019,2019,Alberta,Both sexes,"Total, 12 years and over","Positive mental health, flourishing",72.7,,,percent,,v111451515,2019,2016A000248,Percent,units
2019,2019,Alberta,Both sexes,"Total, 12 years and over","Positive mental health, flourishing",79.5,,,percent,,v111451516,2019,2016A000248,Percent,units
2019,2019,Alberta,Both sexes,"Total, 12 years and over",Suicidal thoughts (15 years and over),,433600.0,,,,v111451519,2019,2016A000248,Number,units
2019,2019,Alberta,Both sexes,"Total, 12 years and over",Suicidal thoughts (15 years and over),,,537500.0,,,v111451520,2019,2016A000248,Number,units
2019,2019,Alberta,Both sexes,"Total, 12 years and over",Suicidal thoughts (15 years and over),14.2,,,percent,,v111451521,2019,2016A000248,Percent,units
2019,2019,Alberta,Both sexes,"Total, 12 years and over",Suicidal thoughts (15 years and over),12.7,,,percent,,v111451522,2019,2016A000248,Percent,units
2019,2019,Alberta,Both sexes,"Total, 12 years and over",Suicidal thoughts (15 years and over),15.8,,,percent,,v111451523,2019,2016A000248,Percent,units
2019,2019,Alberta,Females,"Total, 12 years and over",Consultation with a health professional about emotional or mental health,,398600.0,,,,v111451547,2019,2016A000248,Number,units
2019,2019,Alberta,Females,"Total, 12 years and over",Consultation with a health professional about emotional or mental health,,,479300.0,,,v111451548,2019,2016A000248,Number,units
2019,2019,Alberta,Females,"Total, 12 years and over",Consultation with a health professional about emotional or mental health,24.5,,,percent,,v111451549,2019,2016A000248,Percent,units
2019,2019,Alberta,Females,"Total, 12 years and over",Consultation with a health professional about emotional or mental health,22.3,,,percent,,v111451550,2019,2016A000248,Percent,units
2019,2019,Alberta,Females,"Total, 12 years and over",Consultation with a health professional about emotional or mental health,26.9,,,percent,,v111451551,2019,2016A000248,Percent,units
2019,2019,Alberta,Females,"Total, 12 years and over","Positive mental health, flourishing",,1263100.0,,,,v111451554,2019,2016A000248,Number,units
2019,2019,Alberta,Females,"Total, 12 years and over","Positive mental health, flourishing",,,1420000.0,,,v111451555,2019,2016A000248,Number,units
2019,2019,Alberta,Females,"Total, 12 years and over","Positive mental health, flourishing",76.5,,,percent,,v111451556,2019,2016A000248,Percent,units
2019,2019,Alberta,Females,"Total, 12 years and over","Positive mental health, flourishing",71.8,,,percent,,v111451557,2019,2016A000248,Percent,units
2019,2019,Alberta,Females,"Total, 12 years and over","Positive mental health, flourishing",80.5,,,percent,,v111451558,2019,2016A000248,Percent,units
2019,2019,Alberta,Females,"Total, 12 years and over",Suicidal thoughts (15 years and over),,232700.0,,,,v111451561,2019,2016A000248,Number,units
2019,2019,Alberta,Females,"Total, 12 years and over",Suicidal thoughts (15 years and over),,,304300.0,,,v111451562,2019,2016A000248,Number,units
2019,2019,Alberta,Females,"Total, 12 years and over",Suicidal thoughts (15 years and over),15.6,,,percent,,v111451563,2019,2016A000248,Percent,units
2019,2019,Alberta,Females,"Total, 12 years and over",Suicidal thoughts (15 years and over),13.5,,,percent,,v111451564,2019,2016A000248,Percent,units
2019,2019,Alberta,Females,"Total, 12 years and over",Suicidal thoughts (15 years and over),17.9,,,percent,,v111451565,2019,2016A000248,Percent,units
2019,2019,Alberta,Males,"Total, 12 years and over",Consultation with a health professional about emotional or mental health,,180200.0,,,,v111451526,2019,2016A000248,Number,units
2019,2019,Alberta,Males,"Total, 12 years and over",Consultation with a health professional about emotional or mental health,,,242200.0,,,v111451527,2019,2016A000248,Number,units
2019,2019,Alberta,Males,"Total, 12 years and over",Consultation with a health professional about emotional or mental health,11.8,,,percent,,v111451528,2019,2016A000248,Percent,units
2019,2019,Alberta,Males,"Total, 12 years and over",Consultation with a health professional about emotional or mental health,10.2,,,percent,,v111451529,2019,2016A000248,Percent,units
2019,2019,Alberta,Males,"Total, 12 years and over",Consultation with a health professional about emotional or mental health,13.7,,,percent,,v111451530,2019,2016A000248,Percent,units
2019,2019,Alberta,Males,"Total, 12 years and over","Positive mental health, flourishing",,1273600.0,,,,v111451533,2019,2016A000248,Number,units
2019,2019,Alberta,Males,"Total, 12 years and over","Positive mental health, flourishing",,,1460100.0,,,v111451534,2019,2016A000248,Number,units
2019,2019,Alberta,Males,"Total, 12 years and over","Positive mental health, flourishing",76.1,,,percent,,v111451535,2019,2016A000248,Percent,units
2019,2019,Alberta,Males,"Total, 12 years and over","Positive mental health, flourishing",70.8,,,percent,,v111451536,2019,2016A000248,Percent,units
2019,2019,Alberta,Males,"Total, 12 years and over","Positive mental health, flourishing",80.7,,,percent,,v111451537,2019,2016A000248,Percent,units
2019,2019,Alberta,Males,"Total, 12 years and over",Suicidal thoughts (15 years and over),,182500.0,,,,v111451540,2019,2016A000248,Number,units
2019,2019,Alberta,Males,"Total, 12 years and over",Suicidal thoughts (15 years and over),,,253300.0,,,v111451541,2019,2016A000248,Number,units
2019,2019,Alberta,Males,"Total, 12 years and over",Suicidal thoughts (15 years and over),12.8,,,percent,,v111451542,2019,2016A000248,Percent,units
2019,2019,Alberta,Males,"Total, 12 years and over",Suicidal thoughts (15 years and over),10.9,,,percent,,v111451543,2019,2016A000248,Percent,units
2019,2019,Alberta,Males,"Total, 12 years and over",Suicidal thoughts (15 years and over),15.1,,,percent,,v111451544,2019,2016A000248,Percent,units
2019,2019,British Columbia,Both sexes,12 to 17 years,Consultation with a health professional about emotional or mental health,,35500.0,,,,v111451946,2019,2016A000259,Number,units
2019,2019,British Columbia,Both sexes,12 to 17 years,Consultation with a health professional about emotional or mental health,,,55400.0,,,v111451947,2019,2016A000259,Number,units
2019,2019,British Columbia,Both sexes,12 to 17 years,Consultation with a health professional about emotional or mental health,16.3,,,percent,,v111451948,2019,2016A000259,Percent,units
2019,2019,British Columbia,Both sexes,12 to 17 years,Consultation with a health professional about emotional or mental health,13.0,,,percent,,v111451949,2019,2016A000259,Percent,units
2019,2019,British Columbia,Both sexes,12 to 17 years,Consultation with a health professional about emotional or mental health,20.3,,,percent,,v111451950,2019,2016A000259,Percent,units
2019,2019,British Columbia,Both sexes,12 to 17 years,"Positive mental health, flourishing",,232600.0,,,,v111451953,2019,2016A000259,Number,units
2019,2019,British Columbia,Both sexes,12 to 17 years,"Positive mental health, flourishing",,,265900.0,,,v111451954,2019,2016A000259,Number,units
2019,2019,British Columbia,Both sexes,12 to 17 years,"Positive mental health, flourishing",90.1,,,percent,,v111451955,2019,2016A000259,Percent,units
2019,2019,British Columbia,Both sexes,12 to 17 years,"Positive mental health, flourishing",83.3,,,percent,,v111451956,2019,2016A000259,Percent,units
2019,2019,British Columbia,Both sexes,12 to 17 years,"Positive mental health, flourishing",94.3,,,percent,,v111451957,2019,2016A000259,Percent,units
2019,2019,British Columbia,Both sexes,12 to 17 years,Suicidal thoughts (15 years and over),,7500.0,,,,v111451960,2019,2016A000259,Number,units
2019,2019,British Columbia,Both sexes,12 to 17 years,Suicidal thoughts (15 years and over),,,21100.0,,,v111451961,2019,2016A000259,Number,units
2019,2019,British Columbia,Both sexes,12 to 17 years,Suicidal thoughts (15 years and over),11.4,,,percent,e,v111451962,2019,2016A000259,Percent,units
2019,2019,British Columbia,Both sexes,12 to 17 years,Suicidal thoughts (15 years and over),7.2,,,percent,e,v111451963,2019,2016A000259,Percent,units
2019,2019,British Columbia,Both sexes,12 to 17 years,Suicidal thoughts (15 years and over),17.6,,,percent,e,v111451964,2019,2016A000259,Percent,units
2019,2019,British Columbia,Females,12 to 17 years,Consultation with a health professional about emotional or mental health,,20200.0,,,,v111451988,2019,2016A000259,Number,units
2019,2019,British Columbia,Females,12 to 17 years,Consultation with a health professional about emotional or mental health,,,35200.0,,,v111451989,2019,2016A000259,Number,units
2019,2019,British Columbia,Females,12 to 17 years,Consultation with a health professional about emotional or mental health,20.1,,,percent,,v111451990,2019,2016A000259,Percent,units
2019,2019,British Columbia,Females,12 to 17 years,Consultation with a health professional about emotional or mental health,15.1,,,percent,,v111451991,2019,2016A000259,Percent,units
2019,2019,British Columbia,Females,12 to 17 years,Consultation with a health professional about emotional or mental health,26.3,,,percent,,v111451992,2019,2016A000259,Percent,units
2019,2019,British Columbia,Females,12 to 17 years,"Positive mental health, flourishing",,108800.0,,,,v111451995,2019,2016A000259,Number,units
2019,2019,British Columbia,Females,12 to 17 years,"Positive mental health, flourishing",,,131900.0,,,v111451996,2019,2016A000259,Number,units
2019,2019,British Columbia,Females,12 to 17 years,"Positive mental health, flourishing",90.4,,,percent,,v111451997,2019,2016A000259,Percent,units
2019,2019,British Columbia,Females,12 to 17 years,"Positive mental health, flourishing",79.4,,,percent,,v111451998,2019,2016A000259,Percent,units
2019,2019,British Columbia,Females,12 to 17 years,"Positive mental health, flourishing",95.9,,,percent,,v111451999,2019,2016A000259,Percent,units
2019,2019,British Columbia,Females,12 to 17 years,Suicidal thoughts (15 years and over),,4300.0,,,,v111452002,2019,2016A000259,Number,units
2019,2019,British Columbia,Females,12 to 17 years,Suicidal thoughts (15 years and over),,,15600.0,,,v111452003,2019,2016A000259,Number,units
2019,2019,British Columbia,Females,12 to 17 years,Suicidal thoughts (15 years and over),18.6,,,percent,e,v111452004,2019,2016A000259,Percent,units
2019,2019,British Columbia,Females,12 to 17 years,Suicidal thoughts (15 years and over),10.7,,,percent,e,v111452005,2019,2016A000259,Percent,units
2019,2019,British Columbia,Females,12 to 17 years,Suicidal thoughts (15 years and over),30.5,,,percent,e,v111452006,2019,2016A000259,Percent,units
2019,2019,British Columbia,Males,12 to 17 years,Consultation with a health professional about emotional or mental health,,11300.0,,,,v111451967,2019,2016A000259,Number,units
2019,2019,British Columbia,Males,12 to 17 years,Consultation with a health professional about emotional or mental health,,,24700.0,,,v111451968,2019,2016A000259,Number,units
2019,2019,British Columbia,Males,12 to 17 years,Consultation with a health professional about emotional or mental health,12.7,,,percent,e,v111451969,2019,2016A000259,Percent,units
2019,2019,British Columbia,Males,12 to 17 years,Consultation with a health professional about emotional or mental health,8.7,,,percent,e,v111451970,2019,2016A000259,Percent,units
2019,2019,British Columbia,Males,12 to 17 years,Consultation with a health professional about emotional or mental health,18.2,,,percent,e,v111451971,2019,2016A000259,Percent,units
2019,2019,British Columbia,Males,12 to 17 years,"Positive mental health, flourishing",,116500.0,,,,v111451974,2019,2016A000259,Number,units
2019,2019,British Columbia,Males,12 to 17 years,"Positive mental health, flourishing",,,139300.0,,,v111451975,2019,2016A000259,Number,units
2019,2019,British Columbia,Males,12 to 17 years,"Positive mental health, flourishing",89.8,,,percent,,v111451976,2019,2016A000259,Percent,units
2019,2019,British Columbia,Males,12 to 17 years,"Positive mental health, flourishing",80.0,,,percent,,v111451977,2019,2016A000259,Percent,units
2019,2019,British Columbia,Males,12 to 17 years,"Positive mental health, flourishing",95.1,,,percent,,v111451978,2019,2016A000259,Percent,units
2019,2019,British Columbia,Both sexes,18 to 34 years,Consultation with a health professional about emotional or mental health,,203200.0,,,,v111452009,2019,2016A000259,Number,units
2019,2019,British Columbia,Both sexes,18 to 34 years,Consultation with a health professional about emotional or mental health,,,272700.0,,,v111452010,2019,2016A000259,Number,units
2019,2019,British Columbia,Both sexes,18 to 34 years,Consultation with a health professional about emotional or mental health,21.5,,,percent,,v111452011,2019,2016A000259,Percent,units
2019,2019,British Columbia,Both sexes,18 to 34 years,Consultation with a health professional about emotional or mental health,18.3,,,percent,,v111452012,2019,2016A000259,Percent,units
2019,2019,British Columbia,Both sexes,18 to 34 years,Consultation with a health professional about emotional or mental health,25.1,,,percent,,v111452013,2019,2016A000259,Percent,units
2019,2019,British Columbia,Both sexes,18 to 34 years,"Positive mental health, flourishing",,683400.0,,,,v111452016,2019,2016A000259,Number,units
2019,2019,British Columbia,Both sexes,18 to 34 years,"Positive mental health, flourishing",,,827000.0,,,v111452017,2019,2016A000259,Number,units
2019,2019,British Columbia,Both sexes,18 to 34 years,"Positive mental health, flourishing",70.1,,,percent,,v111452018,2019,2016A000259,Percent,units
2019,2019,British Columbia,Both sexes,18 to 34 years,"Positive mental health, flourishing",63.3,,,percent,,v111452019,2019,2016A000259,Percent,units
2019,2019,British Columbia,Both sexes,18 to 34 years,"Positive mental health, flourishing",76.2,,,percent,,v111452020,2019,2016A000259,Percent,units
2019,2019,British Columbia,Both sexes,18 to 34 years,Suicidal thoughts (15 years and over),,158700.0,,,,v111452023,2019,2016A000259,Number,units
2019,2019,British Columbia,Both sexes,18 to 34 years,Suicidal thoughts (15 years and over),,,229200.0,,,v111452024,2019,2016A000259,Number,units
2019,2019,British Columbia,Both sexes,18 to 34 years,Suicidal thoughts (15 years and over),18.2,,,percent,,v111452025,2019,2016A000259,Percent,units
2019,2019,British Columbia,Both sexes,18 to 34 years,Suicidal thoughts (15 years and over),15.1,,,percent,,v111452026,2019,2016A000259,Percent,units
2019,2019,British Columbia,Both sexes,18 to 34 years,Suicidal thoughts (15 years and over),21.7,,,percent,,v111452027,2019,2016A000259,Percent,units
2019,2019,British Columbia,Females,18 to 34 years,Consultation with a health professional about emotional or mental health,,128900.0,,,,v111452051,2019,2016A000259,Number,units
2019,2019,British Columbia,Females,18 to 34 years,Consultation with a health professional about emotional or mental health,,,183300.0,,,v111452052,2019,2016A000259,Number,units
2019,2019,British Columbia,Females,18 to 34 years,Consultation with a health professional about emotional or mental health,28.3,,,percent,,v111452053,2019,2016A000259,Percent,units
2019,2019,British Columbia,Females,18 to 34 years,Consultation with a health professional about emotional or mental health,23.3,,,percent,,v111452054,2019,2016A000259,Percent,units
2019,2019,British Columbia,Females,18 to 34 years,Consultation with a health professional about emotional or mental health,33.9,,,percent,,v111452055,2019,2016A000259,Percent,units
2019,2019,British Columbia,Females,18 to 34 years,"Positive mental health, flourishing",,325100.0,,,,v111452058,2019,2016A000259,Number,units
2019,2019,British Columbia,Females,18 to 34 years,"Positive mental health, flourishing",,,426000.0,,,v111452059,2019,2016A000259,Number,units
2019,2019,British Columbia,Females,18 to 34 years,"Positive mental health, flourishing",70.4,,,percent,,v111452060,2019,2016A000259,Percent,units
2019,2019,British Columbia,Females,18 to 34 years,"Positive mental health, flourishing",59.9,,,percent,,v111452061,2019,2016A000259,Percent,units
2019,2019,British Columbia,Females,18 to 34 years,"Positive mental health, flourishing",79.0,,,percent,,v111452062,2019,2016A000259,Percent,units
2019,2019,British Columbia,Females,18 to 34 years,Suicidal thoughts (15 years and over),,77500.0,,,,v111452065,2019,2016A000259,Number,units
2019,2019,British Columbia,Females,18 to 34 years,Suicidal thoughts (15 years and over),,,120400.0,,,v111452066,2019,2016A000259,Number,units
2019,2019,British Columbia,Females,18 to 34 years,Suicidal thoughts (15 years and over),18.2,,,percent,,v111452067,2019,2016A000259,Percent,units
2019,2019,British Columbia,Females,18 to 34 years,Suicidal thoughts (15 years and over),14.5,,,percent,,v111452068,2019,2016A000259,Percent,units
2019,2019,British Columbia,Females,18 to 34 years,Suicidal thoughts (15 years and over),22.5,,,percent,,v111452069,2019,2016A000259,Percent,units
2019,2019,British Columbia,Males,18 to 34 years,Consultation with a health professional about emotional or mental health,,60100.0,,,,v111452030,2019,2016A000259,Number,units
2019,2019,British Columbia,Males,18 to 34 years,Consultation with a health professional about emotional or mental health,,,104300.0,,,v111452031,2019,2016A000259,Number,units
2019,2019,British Columbia,Males,18 to 34 years,Consultation with a health professional about emotional or mental health,14.7,,,percent,,v111452032,2019,2016A000259,Percent,units
2019,2019,British Columbia,Males,18 to 34 years,Consultation with a health professional about emotional or mental health,11.0,,,percent,,v111452033,2019,2016A000259,Percent,units
2019,2019,British Columbia,Males,18 to 34 years,Consultation with a health professional about emotional or mental health,19.5,,,percent,,v111452034,2019,2016A000259,Percent,units
2019,2019,British Columbia,Males,18 to 34 years,"Positive mental health, flourishing",,322700.0,,,,v111452037,2019,2016A000259,Number,units
2019,2019,British Columbia,Males,18 to 34 years,"Positive mental health, flourishing",,,435500.0,,,v111452038,2019,2016A000259,Number,units
2019,2019,British Columbia,Males,18 to 34 years,"Positive mental health, flourishing",69.9,,,percent,,v111452039,2019,2016A000259,Percent,units
2019,2019,British Columbia,Males,18 to 34 years,"Positive mental health, flourishing",59.5,,,percent,,v111452040,2019,2016A000259,Percent,units
2019,2019,British Columbia,Males,18 to 34 years,"Positive mental health, flourishing",78.6,,,percent,,v111452041,2019,2016A000259,Percent,units
2019,2019,British Columbia,Males,18 to 34 years,Suicidal thoughts (15 years and over),,67700.0,,,,v111452044,2019,2016A000259,Number,units
2019,2019,British Columbia,Males,18 to 34 years,Suicidal thoughts (15 years and over),,,123400.0,,,v111452045,2019,2016A000259,Number,units
2019,2019,British Columbia,Males,18 to 34 years,Suicidal thoughts (15 years and over),18.2,,,percent,,v111452046,2019,2016A000259,Percent,units
2019,2019,British Columbia,Males,18 to 34 years,Suicidal thoughts (15 years and over),13.4,,,percent,,v111452047,2019,2016A000259,Percent,units
2019,2019,British Columbia,Males,18 to 34 years,Suicidal thoughts (15 years and over),24.1,,,percent,,v111452048,2019,2016A000259,Percent,units
2019,2019,British Columbia,Both sexes,35 to 49 years,Consultation with a health professional about emotional or mental health,,167100.0,,,,v111452072,2019,2016A000259,Number,units
2019,2019,British Columbia,Both sexes,35 to 49 years,Consultation with a health professional about emotional or mental health,,,226700.0,,,v111452073,2019,2016A000259,Number,units
2019,2019,British Columbia,Both sexes,35 to 49 years,Consultation with a health professional about emotional or mental health,21.0,,,percent,,v111452074,2019,2016A000259,Percent,units
2019,2019,British Columbia,Both sexes,35 to 49 years,Consultation with a health professional about emotional or mental health,18.0,,,percent,,v111452075,2019,2016A000259,Percent,units
2019,2019,British Columbia,Both sexes,35 to 49 years,Consultation with a health professional about emotional or mental health,24.3,,,percent,,v111452076,2019,2016A000259,Percent,units
2019,2019,British Columbia,Both sexes,35 to 49 years,"Positive mental health, flourishing",,674400.0,,,,v111452079,2019,2016A000259,Number,units
2019,2019,British Columbia,Both sexes,35 to 49 years,"Positive mental health, flourishing",,,782100.0,,,v111452080,2019,2016A000259,Number,units
2019,2019,British Columbia,Both sexes,35 to 49 years,"Positive mental health, flourishing",78.1,,,percent,,v111452081,2019,2016A000259,Percent,units
2019,2019,British Columbia,Both sexes,35 to 49 years,"Positive mental health, flourishing",71.7,,,percent,,v111452082,2019,2016A000259,Percent,units
2019,2019,British Columbia,Both sexes,35 to 49 years,"Positive mental health, flourishing",83.3,,,percent,,v111452083,2019,2016A000259,Percent,units
2019,2019,British Columbia,Both sexes,35 to 49 years,Suicidal thoughts (15 years and over),,85800.0,,,,v111452086,2019,2016A000259,Number,units
2019,2019,British Columbia,Both sexes,35 to 49 years,Suicidal thoughts (15 years and over),,,126700.0,,,v111452087,2019,2016A000259,Number,units
2019,2019,British Columbia,Both sexes,35 to 49 years,Suicidal thoughts (15 years and over),11.4,,,percent,,v111452088,2019,2016A000259,Percent,units
2019,2019,British Columbia,Both sexes,35 to 49 years,Suicidal thoughts (15 years and over),9.4,,,percent,,v111452089,2019,2016A000259,Percent,units
2019,2019,British Columbia,Both sexes,35 to 49 years,Suicidal thoughts (15 years and over),13.8,,,percent,,v111452090,2019,2016A000259,Percent,units
2019,2019,British Columbia,Females,35 to 49 years,Consultation with a health professional about emotional or mental health,,97500.0,,,,v111452114,2019,2016A000259,Number,units
2019,2019,British Columbia,Females,35 to 49 years,Consultation with a health professional about emotional or mental health,,,144000.0,,,v111452115,2019,2016A000259,Number,units
2019,2019,British Columbia,Females,35 to 49 years,Consultation with a health professional about emotional or mental health,25.1,,,percent,,v111452116,2019,2016A000259,Percent,units
2019,2019,British Columbia,Females,35 to 49 years,Consultation with a health professional about emotional or mental health,20.5,,,percent,,v111452117,2019,2016A000259,Percent,units
2019,2019,British Columbia,Females,35 to 49 years,Consultation with a health professional about emotional or mental health,30.3,,,percent,,v111452118,2019,2016A000259,Percent,units
2019,2019,British Columbia,Females,35 to 49 years,"Positive mental health, flourishing",,323300.0,,,,v111452121,2019,2016A000259,Number,units
2019,2019,British Columbia,Females,35 to 49 years,"Positive mental health, flourishing",,,399000.0,,,v111452122,2019,2016A000259,Number,units
2019,2019,British Columbia,Females,35 to 49 years,"Positive mental health, flourishing",75.0,,,percent,,v111452123,2019,2016A000259,Percent,units
2019,2019,British Columbia,Females,35 to 49 years,"Positive mental health, flourishing",66.1,,,percent,,v111452124,2019,2016A000259,Percent,units
2019,2019,British Columbia,Females,35 to 49 years,"Positive mental health, flourishing",82.2,,,percent,,v111452125,2019,2016A000259,Percent,units
2019,2019,British Columbia,Females,35 to 49 years,Suicidal thoughts (15 years and over),,39800.0,,,,v111452128,2019,2016A000259,Number,units
2019,2019,British Columbia,Females,35 to 49 years,Suicidal thoughts (15 years and over),,,67100.0,,,v111452129,2019,2016A000259,Number,units
2019,2019,British Columbia,Females,35 to 49 years,Suicidal thoughts (15 years and over),11.1,,,percent,,v111452130,2019,2016A000259,Percent,units
2019,2019,British Columbia,Females,35 to 49 years,Suicidal thoughts (15 years and over),8.5,,,percent,,v111452131,2019,2016A000259,Percent,units
2019,2019,British Columbia,Females,35 to 49 years,Suicidal thoughts (15 years and over),14.3,,,percent,,v111452132,2019,2016A000259,Percent,units
2019,2019,British Columbia,Males,35 to 49 years,Consultation with a health professional about emotional or mental health,,57200.0,,,,v111452093,2019,2016A000259,Number,units
2019,2019,British Columbia,Males,35 to 49 years,Consultation with a health professional about emotional or mental health,,,97800.0,,,v111452094,2019,2016A000259,Number,units
2019,2019,British Columbia,Males,35 to 49 years,Consultation with a health professional about emotional or mental health,16.8,,,percent,,v111452095,2019,2016A000259,Percent,units
2019,2019,British Columbia,Males,35 to 49 years,Consultation with a health professional about emotional or mental health,12.9,,,percent,,v111452096,2019,2016A000259,Percent,units
2019,2019,British Columbia,Males,35 to 49 years,Consultation with a health professional about emotional or mental health,21.7,,,percent,,v111452097,2019,2016A000259,Percent,units
2019,2019,British Columbia,Males,35 to 49 years,"Positive mental health, flourishing",,325000.0,,,,v111452100,2019,2016A000259,Number,units
2019,2019,British Columbia,Males,35 to 49 years,"Positive mental health, flourishing",,,406500.0,,,v111452101,2019,2016A000259,Number,units
2019,2019,British Columbia,Males,35 to 49 years,"Positive mental health, flourishing",81.3,,,percent,,v111452102,2019,2016A000259,Percent,units
2019,2019,British Columbia,Males,35 to 49 years,"Positive mental health, flourishing",71.4,,,percent,,v111452103,2019,2016A000259,Percent,units
2019,2019,British Columbia,Males,35 to 49 years,"Positive mental health, flourishing",88.4,,,percent,,v111452104,2019,2016A000259,Percent,units
2019,2019,British Columbia,Males,35 to 49 years,Suicidal thoughts (15 years and over),,37500.0,,,,v111452107,2019,2016A000259,Number,units
2019,2019,British Columbia,Males,35 to 49 years,Suicidal thoughts (15 years and over),,,68300.0,,,v111452108,2019,2016A000259,Number,units
2019,2019,British Columbia,Males,35 to 49 years,Suicidal thoughts (15 years and over),11.7,,,percent,,v111452109,2019,2016A000259,Percent,units
2019,2019,British Columbia,Males,35 to 49 years,Suicidal thoughts (15 years and over),8.8,,,percent,,v111452110,2019,2016A000259,Percent,units
2019,2019,British Columbia,Males,35 to 49 years,Suicidal thoughts (15 years and over),15.4,,,percent,,v111452111,2019,2016A000259,Percent,units
2019,2019,British Columbia,Both sexes,50 to 64 years,Consultation with a health professional about emotional or mental health,,136500.0,,,,v111452135,2019,2016A000259,Number,units
2019,2019,British Columbia,Both sexes,50 to 64 years,Consultation with a health professional about emotional or mental health,,,191300.0,,,v111452136,2019,2016A000259,Number,units
2019,2019,British Columbia,Both sexes,50 to 64 years,Consultation with a health professional about emotional or mental health,16.6,,,percent,,v111452137,2019,2016A000259,Percent,units
2019,2019,British Columbia,Both sexes,50 to 64 years,Consultation with a health professional about emotional or mental health,14.0,,,percent,,v111452138,2019,2016A000259,Percent,units
2019,2019,British Columbia,Both sexes,50 to 64 years,Consultation with a health professional about emotional or mental health,19.6,,,percent,,v111452139,2019,2016A000259,Percent,units
2019,2019,British Columbia,Both sexes,50 to 64 years,"Positive mental health, flourishing",,677700.0,,,,v111452142,2019,2016A000259,Number,units
2019,2019,British Columbia,Both sexes,50 to 64 years,"Positive mental health, flourishing",,,801700.0,,,v111452143,2019,2016A000259,Number,units
2019,2019,British Columbia,Both sexes,50 to 64 years,"Positive mental health, flourishing",75.8,,,percent,,v111452144,2019,2016A000259,Percent,units
2019,2019,British Columbia,Both sexes,50 to 64 years,"Positive mental health, flourishing",69.6,,,percent,,v111452145,2019,2016A000259,Percent,units
2019,2019,British Columbia,Both sexes,50 to 64 years,"Positive mental health, flourishing",81.1,,,percent,,v111452146,2019,2016A000259,Percent,units
2019,2019,British Columbia,Both sexes,50 to 64 years,Suicidal thoughts (15 years and over),,79500.0,,,,v111452149,2019,2016A000259,Number,units
2019,2019,British Columbia,Both sexes,50 to 64 years,Suicidal thoughts (15 years and over),,,115400.0,,,v111452150,2019,2016A000259,Number,units
2019,2019,British Columbia,Both sexes,50 to 64 years,Suicidal thoughts (15 years and over),9.7,,,percent,,v111452151,2019,2016A000259,Percent,units
2019,2019,British Columbia,Both sexes,50 to 64 years,Suicidal thoughts (15 years and over),8.1,,,percent,,v111452152,2019,2016A000259,Percent,units
2019,2019,British Columbia,Both sexes,50 to 64 years,Suicidal thoughts (15 years and over),11.7,,,percent,,v111452153,2019,2016A000259,Percent,units
2019,2019,British Columbia,Females,50 to 64 years,Consultation with a health professional about emotional or mental health,,86500.0,,,,v111452177,2019,2016A000259,Number,units
2019,2019,British Columbia,Females,50 to 64 years,Consultation with a health professional about emotional or mental health,,,128300.0,,,v111452178,2019,2016A000259,Number,units
2019,2019,British Columbia,Females,50 to 64 years,Consultation with a health professional about emotional or mental health,21.3,,,percent,,v111452179,2019,2016A000259,Percent,units
2019,2019,British Columbia,Females,50 to 64 years,Consultation with a health professional about emotional or mental health,17.6,,,percent,,v111452180,2019,2016A000259,Percent,units
2019,2019,British Columbia,Females,50 to 64 years,Consultation with a health professional about emotional or mental health,25.7,,,percent,,v111452181,2019,2016A000259,Percent,units
2019,2019,British Columbia,Females,50 to 64 years,"Positive mental health, flourishing",,326800.0,,,,v111452184,2019,2016A000259,Number,units
2019,2019,British Columbia,Females,50 to 64 years,"Positive mental health, flourishing",,,422600.0,,,v111452185,2019,2016A000259,Number,units
2019,2019,British Columbia,Females,50 to 64 years,"Positive mental health, flourishing",73.9,,,percent,,v111452186,2019,2016A000259,Percent,units
2019,2019,British Columbia,Females,50 to 64 years,"Positive mental health, flourishing",63.4,,,percent,,v111452187,2019,2016A000259,Percent,units
2019,2019,British Columbia,Females,50 to 64 years,"Positive mental health, flourishing",82.2,,,percent,,v111452188,2019,2016A000259,Percent,units
2019,2019,British Columbia,Females,50 to 64 years,Suicidal thoughts (15 years and over),,41000.0,,,,v111452191,2019,2016A000259,Number,units
2019,2019,British Columbia,Females,50 to 64 years,Suicidal thoughts (15 years and over),,,63800.0,,,v111452192,2019,2016A000259,Number,units
2019,2019,British Columbia,Females,50 to 64 years,Suicidal thoughts (15 years and over),10.3,,,percent,,v111452193,2019,2016A000259,Percent,units
2019,2019,British Columbia,Females,50 to 64 years,Suicidal thoughts (15 years and over),8.3,,,percent,,v111452194,2019,2016A000259,Percent,units
2019,2019,British Columbia,Females,50 to 64 years,Suicidal thoughts (15 years and over),12.9,,,percent,,v111452195,2019,2016A000259,Percent,units
2019,2019,British Columbia,Males,50 to 64 years,Consultation with a health professional about emotional or mental health,,37400.0,,,,v111452156,2019,2016A000259,Number,units
2019,2019,British Columbia,Males,50 to 64 years,Consultation with a health professional about emotional or mental health,,,74200.0,,,v111452157,2019,2016A000259,Number,units
2019,2019,British Columbia,Males,50 to 64 years,Consultation with a health professional about emotional or mental health,11.6,,,percent,e,v111452158,2019,2016A000259,Percent,units
2019,2019,British Columbia,Males,50 to 64 years,Consultation with a health professional about emotional or mental health,8.2,,,percent,e,v111452159,2019,2016A000259,Percent,units
2019,2019,British Columbia,Males,50 to 64 years,Consultation with a health professional about emotional or mental health,16.0,,,percent,e,v111452160,2019,2016A000259,Percent,units
2019,2019,British Columbia,Males,50 to 64 years,"Positive mental health, flourishing",,318600.0,,,,v111452163,2019,2016A000259,Number,units
2019,2019,British Columbia,Males,50 to 64 years,"Positive mental health, flourishing",,,405000.0,,,v111452164,2019,2016A000259,Number,units
2019,2019,British Columbia,Males,50 to 64 years,"Positive mental health, flourishing",77.9,,,percent,,v111452165,2019,2016A000259,Percent,units
2019,2019,British Columbia,Males,50 to 64 years,"Positive mental health, flourishing",69.3,,,percent,,v111452166,2019,2016A000259,Percent,units
2019,2019,British Columbia,Males,50 to 64 years,"Positive mental health, flourishing",84.7,,,percent,,v111452167,2019,2016A000259,Percent,units
2019,2019,British Columbia,Males,50 to 64 years,Suicidal thoughts (15 years and over),,31600.0,,,,v111452170,2019,2016A000259,Number,units
2019,2019,British Columbia,Males,50 to 64 years,Suicidal thoughts (15 years and over),,,59300.0,,,v111452171,2019,2016A000259,Number,units
2019,2019,British Columbia,Males,50 to 64 years,Suicidal thoughts (15 years and over),9.1,,,percent,e,v111452172,2019,2016A000259,Percent,units
2019,2019,British Columbia,Males,50 to 64 years,Suicidal thoughts (15 years and over),6.7,,,percent,e,v111452173,2019,2016A000259,Percent,units
2019,2019,British Columbia,Males,50 to 64 years,Suicidal thoughts (15 years and over),12.3,,,percent,e,v111452174,2019,2016A000259,Percent,units
2019,2019,British Columbia,Both sexes,65 years and over,Consultation with a health professional about emotional or mental health,,52000.0,,,,v111452198,2019,2016A000259,Number,units
2019,2019,British Columbia,Both sexes,65 years and over,Consultation with a health professional about emotional or mental health,,,75200.0,,,v111452199,2019,2016A000259,Number,units
2019,2019,British Columbia,Both sexes,65 years and over,Consultation with a health professional about emotional or mental health,7.7,,,percent,,v111452200,2019,2016A000259,Percent,units
2019,2019,British Columbia,Both sexes,65 years and over,Consultation with a health professional about emotional or mental health,6.4,,,percent,,v111452201,2019,2016A000259,Percent,units
2019,2019,British Columbia,Both sexes,65 years and over,Consultation with a health professional about emotional or mental health,9.2,,,percent,,v111452202,2019,2016A000259,Percent,units
2019,2019,British Columbia,Both sexes,65 years and over,"Positive mental health, flourishing",,610700.0,,,,v111452205,2019,2016A000259,Number,units
2019,2019,British Columbia,Both sexes,65 years and over,"Positive mental health, flourishing",,,712300.0,,,v111452206,2019,2016A000259,Number,units
2019,2019,British Columbia,Both sexes,65 years and over,"Positive mental health, flourishing",81.9,,,percent,,v111452207,2019,2016A000259,Percent,units
2019,2019,British Columbia,Both sexes,65 years and over,"Positive mental health, flourishing",76.4,,,percent,,v111452208,2019,2016A000259,Percent,units
2019,2019,British Columbia,Both sexes,65 years and over,"Positive mental health, flourishing",86.4,,,percent,,v111452209,2019,2016A000259,Percent,units
2019,2019,British Columbia,Both sexes,65 years and over,Suicidal thoughts (15 years and over),,41700.0,,,,v111452212,2019,2016A000259,Number,units
2019,2019,British Columbia,Both sexes,65 years and over,Suicidal thoughts (15 years and over),,,60400.0,,,v111452213,2019,2016A000259,Number,units
2019,2019,British Columbia,Both sexes,65 years and over,Suicidal thoughts (15 years and over),6.1,,,percent,,v111452214,2019,2016A000259,Percent,units
2019,2019,British Columbia,Both sexes,65 years and over,Suicidal thoughts (15 years and over),5.0,,,percent,,v111452215,2019,2016A000259,Percent,units
2019,2019,British Columbia,Both sexes,65 years and over,Suicidal thoughts (15 years and over),7.3,,,percent,,v111452216,2019,2016A000259,Percent,units
2019,2019,British Columbia,Females,65 years and over,Consultation with a health professional about emotional or mental health,,35800.0,,,,v111452240,2019,2016A000259,Number,units
2019,2019,British Columbia,Females,65 years and over,Consultation with a health professional about emotional or mental health,,,54100.0,,,v111452241,2019,2016A000259,Number,units
2019,2019,British Columbia,Females,65 years and over,Consultation with a health professional about emotional or mental health,10.0,,,percent,,v111452242,2019,2016A000259,Percent,units
2019,2019,British Columbia,Females,65 years and over,Consultation with a health professional about emotional or mental health,8.1,,,percent,,v111452243,2019,2016A000259,Percent,units
2019,2019,British Columbia,Females,65 years and over,Consultation with a health professional about emotional or mental health,12.2,,,percent,,v111452244,2019,2016A000259,Percent,units
2019,2019,British Columbia,Females,65 years and over,"Positive mental health, flourishing",,297000.0,,,,v111452247,2019,2016A000259,Number,units
2019,2019,British Columbia,Females,65 years and over,"Positive mental health, flourishing",,,375400.0,,,v111452248,2019,2016A000259,Number,units
2019,2019,British Columbia,Females,65 years and over,"Positive mental health, flourishing",81.0,,,percent,,v111452249,2019,2016A000259,Percent,units
2019,2019,British Columbia,Females,65 years and over,"Positive mental health, flourishing",72.7,,,percent,,v111452250,2019,2016A000259,Percent,units
2019,2019,British Columbia,Females,65 years and over,"Positive mental health, flourishing",87.3,,,percent,,v111452251,2019,2016A000259,Percent,units
2019,2019,British Columbia,Females,65 years and over,Suicidal thoughts (15 years and over),,24200.0,,,,v111452254,2019,2016A000259,Number,units
2019,2019,British Columbia,Females,65 years and over,Suicidal thoughts (15 years and over),,,38400.0,,,v111452255,2019,2016A000259,Number,units
2019,2019,British Columbia,Females,65 years and over,Suicidal thoughts (15 years and over),6.9,,,percent,,v111452256,2019,2016A000259,Percent,units
2019,2019,British Columbia,Females,65 years and over,Suicidal thoughts (15 years and over),5.5,,,percent,,v111452257,2019,2016A000259,Percent,units
2019,2019,British Columbia,Females,65 years and over,Suicidal thoughts (15 years and over),8.7,,,percent,,v111452258,2019,2016A000259,Percent,units
2019,2019,British Columbia,Males,65 years and over,Consultation with a health professional about emotional or mental health,,12700.0,,,,v111452219,2019,2016A000259,Number,units
2019,2019,British Columbia,Males,65 years and over,Consultation with a health professional about emotional or mental health,,,26400.0,,,v111452220,2019,2016A000259,Number,units
2019,2019,British Columbia,Males,65 years and over,Consultation with a health professional about emotional or mental health,5.0,,,percent,e,v111452221,2019,2016A000259,Percent,units
2019,2019,British Columbia,Males,65 years and over,Consultation with a health professional about emotional or mental health,3.5,,,percent,e,v111452222,2019,2016A000259,Percent,units
2019,2019,British Columbia,Males,65 years and over,Consultation with a health professional about emotional or mental health,7.1,,,percent,e,v111452223,2019,2016A000259,Percent,units
2019,2019,British Columbia,Males,65 years and over,"Positive mental health, flourishing",,290200.0,,,,v111452226,2019,2016A000259,Number,units
2019,2019,British Columbia,Males,65 years and over,"Positive mental health, flourishing",,,355300.0,,,v111452227,2019,2016A000259,Number,units
2019,2019,British Columbia,Males,65 years and over,"Positive mental health, flourishing",82.9,,,percent,,v111452228,2019,2016A000259,Percent,units
2019,2019,British Columbia,Males,65 years and over,"Positive mental health, flourishing",74.0,,,percent,,v111452229,2019,2016A000259,Percent,units
2019,2019,British Columbia,Males,65 years and over,"Positive mental health, flourishing",89.2,,,percent,,v111452230,2019,2016A000259,Percent,units
2019,2019,British Columbia,Males,65 years and over,Suicidal thoughts (15 years and over),,14000.0,,,,v111452233,2019,2016A000259,Number,units
2019,2019,British Columbia,Males,65 years and over,Suicidal thoughts (15 years and over),,,25500.0,,,v111452234,2019,2016A000259,Number,units
2019,2019,British Columbia,Males,65 years and over,Suicidal thoughts (15 years and over),5.1,,,percent,e,v111452235,2019,2016A000259,Percent,units
2019,2019,British Columbia,Males,65 years and over,Suicidal thoughts (15 years and over),3.7,,,percent,e,v111452236,2019,2016A000259,Percent,units
2019,2019,British Columbia,Males,65 years and over,Suicidal thoughts (15 years and over),6.8,,,percent,e,v111452237,2019,2016A000259,Percent,units
2019,2019,British Columbia,Both sexes,"Total, 12 years and over",Consultation with a health professional about emotional or mental health,,652200.0,,,,v111451883,2019,2016A000259,Number,units
2019,2019,British Columbia,Both sexes,"Total, 12 years and over",Consultation with a health professional about emotional or mental health,,,765400.0,,,v111451884,2019,2016A000259,Number,units
2019,2019,British Columbia,Both sexes,"Total, 12 years and over",Consultation with a health professional about emotional or mental health,17.1,,,percent,,v111451885,2019,2016A000259,Percent,units
2019,2019,British Columbia,Both sexes,"Total, 12 years and over",Consultation with a health professional about emotional or mental health,15.7,,,percent,,v111451886,2019,2016A000259,Percent,units
2019,2019,British Columbia,Both sexes,"Total, 12 years and over",Consultation with a health professional about emotional or mental health,18.5,,,percent,,v111451887,2019,2016A000259,Percent,units
2019,2019,British Columbia,Both sexes,"Total, 12 years and over","Positive mental health, flourishing",,3008600.0,,,,v111451890,2019,2016A000259,Number,units
2019,2019,British Columbia,Both sexes,"Total, 12 years and over","Positive mental health, flourishing",,,3250100.0,,,v111451891,2019,2016A000259,Number,units
2019,2019,British Columbia,Both sexes,"Total, 12 years and over","Positive mental health, flourishing",77.0,,,percent,,v111451892,2019,2016A000259,Percent,units
2019,2019,British Columbia,Both sexes,"Total, 12 years and over","Positive mental health, flourishing",74.0,,,percent,,v111451893,2019,2016A000259,Percent,units
2019,2019,British Columbia,Both sexes,"Total, 12 years and over","Positive mental health, flourishing",79.8,,,percent,,v111451894,2019,2016A000259,Percent,units
2019,2019,British Columbia,Both sexes,"Total, 12 years and over",Suicidal thoughts (15 years and over),,414300.0,,,,v111451897,2019,2016A000259,Number,units
2019,2019,British Columbia,Both sexes,"Total, 12 years and over",Suicidal thoughts (15 years and over),,,508000.0,,,v111451898,2019,2016A000259,Number,units
2019,2019,British Columbia,Both sexes,"Total, 12 years and over",Suicidal thoughts (15 years and over),11.7,,,percent,,v111451899,2019,2016A000259,Percent,units
2019,2019,British Columbia,Both sexes,"Total, 12 years and over",Suicidal thoughts (15 years and over),10.5,,,percent,,v111451900,2019,2016A000259,Percent,units
2019,2019,British Columbia,Both sexes,"Total, 12 years and over",Suicidal thoughts (15 years and over),13.0,,,percent,,v111451901,2019,2016A000259,Percent,units
2019,2019,British Columbia,Females,"Total, 12 years and over",Consultation with a health professional about emotional or mental health,,412800.0,,,,v111451925,2019,2016A000259,Number,units
2019,2019,British Columbia,Females,"Total, 12 years and over",Consultation with a health professional about emotional or mental health,,,499500.0,,,v111451926,2019,2016A000259,Number,units
2019,2019,British Columbia,Females,"Total, 12 years and over",Consultation with a health professional about emotional or mental health,21.5,,,percent,,v111451927,2019,2016A000259,Percent,units
2019,2019,British Columbia,Females,"Total, 12 years and over",Consultation with a health professional about emotional or mental health,19.5,,,percent,,v111451928,2019,2016A000259,Percent,units
2019,2019,British Columbia,Females,"Total, 12 years and over",Consultation with a health professional about emotional or mental health,23.7,,,percent,,v111451929,2019,2016A000259,Percent,units
2019,2019,British Columbia,Females,"Total, 12 years and over","Positive mental health, flourishing",,1477000.0,,,,v111451932,2019,2016A000259,Number,units
2019,2019,British Columbia,Females,"Total, 12 years and over","Positive mental health, flourishing",,,1664200.0,,,v111451933,2019,2016A000259,Number,units
2019,2019,British Columbia,Females,"Total, 12 years and over","Positive mental health, flourishing",75.8,,,percent,,v111451934,2019,2016A000259,Percent,units
2019,2019,British Columbia,Females,"Total, 12 years and over","Positive mental health, flourishing",71.0,,,percent,,v111451935,2019,2016A000259,Percent,units
2019,2019,British Columbia,Females,"Total, 12 years and over","Positive mental health, flourishing",79.9,,,percent,,v111451936,2019,2016A000259,Percent,units
2019,2019,British Columbia,Females,"Total, 12 years and over",Suicidal thoughts (15 years and over),,214800.0,,,,v111451939,2019,2016A000259,Number,units
2019,2019,British Columbia,Females,"Total, 12 years and over",Suicidal thoughts (15 years and over),,,272500.0,,,v111451940,2019,2016A000259,Number,units
2019,2019,British Columbia,Females,"Total, 12 years and over",Suicidal thoughts (15 years and over),12.1,,,percent,,v111451941,2019,2016A000259,Percent,units
2019,2019,British Columbia,Females,"Total, 12 years and over",Suicidal thoughts (15 years and over),10.7,,,percent,,v111451942,2019,2016A000259,Percent,units
2019,2019,British Columbia,Females,"Total, 12 years and over",Suicidal thoughts (15 years and over),13.7,,,percent,,v111451943,2019,2016A000259,Percent,units
2019,2019,British Columbia,Males,"Total, 12 years and over",Consultation with a health professional about emotional or mental health,,215100.0,,,,v111451904,2019,2016A000259,Number,units
2019,2019,British Columbia,Males,"Total, 12 years and over",Consultation with a health professional about emotional or mental health,,,288700.0,,,v111451905,2019,2016A000259,Number,units
2019,2019,British Columbia,Males,"Total, 12 years and over",Consultation with a health professional about emotional or mental health,12.5,,,percent,,v111451906,2019,2016A000259,Percent,units
2019,2019,British Columbia,Males,"Total, 12 years and over",Consultation with a health professional about emotional or mental health,10.7,,,percent,,v111451907,2019,2016A000259,Percent,units
2019,2019,British Columbia,Males,"Total, 12 years and over",Consultation with a health professional about emotional or mental health,14.4,,,percent,,v111451908,2019,2016A000259,Percent,units
2019,2019,British Columbia,Males,"Total, 12 years and over","Positive mental health, flourishing",,1474800.0,,,,v111451911,2019,2016A000259,Number,units
2019,2019,British Columbia,Males,"Total, 12 years and over","Positive mental health, flourishing",,,1648300.0,,,v111451912,2019,2016A000259,Number,units
2019,2019,British Columbia,Males,"Total, 12 years and over","Positive mental health, flourishing",78.4,,,percent,,v111451913,2019,2016A000259,Percent,units
2019,2019,British Columbia,Males,"Total, 12 years and over","Positive mental health, flourishing",73.6,,,percent,,v111451914,2019,2016A000259,Percent,units
2019,2019,British Columbia,Males,"Total, 12 years and over","Positive mental health, flourishing",82.4,,,percent,,v111451915,2019,2016A000259,Percent,units
2019,2019,British Columbia,Males,"Total, 12 years and over",Suicidal thoughts (15 years and over),,178200.0,,,,v111451918,2019,2016A000259,Number,units
2019,2019,British Columbia,Males,"Total, 12 years and over",Suicidal thoughts (15 years and over),,,252700.0,,,v111451919,2019,2016A000259,Number,units
2019,2019,British Columbia,Males,"Total, 12 years and over",Suicidal thoughts (15 years and over),11.3,,,percent,,v111451920,2019,2016A000259,Percent,units
2019,2019,British Columbia,Males,"Total, 12 years and over",Suicidal thoughts (15 years and over),9.5,,,percent,,v111451921,2019,2016A000259,Percent,units
2019,2019,British Columbia,Males,"Total, 12 years and over",Suicidal thoughts (15 years and over),13.4,,,percent,,v111451922,2019,2016A000259,Percent,units
2019,2019,Manitoba,Both sexes,12 to 17 years,Consultation with a health professional about emotional or mental health,,5100.0,,,,v111450812,2019,2016A000246,Number,units
2019,2019,Manitoba,Both sexes,12 to 17 years,Consultation with a health professional about emotional or mental health,,,13400.0,,,v111450813,2019,2016A000246,Number,units
2019,2019,Manitoba,Both sexes,12 to 17 years,Consultation with a health professional about emotional or mental health,10.2,,,percent,e,v111450814,2019,2016A000246,Percent,units
2019,2019,Manitoba,Both sexes,12 to 17 years,Consultation with a health professional about emotional or mental health,6.3,,,percent,e,v111450815,2019,2016A000246,Percent,units
2019,2019,Manitoba,Both sexes,12 to 17 years,Consultation with a health professional about emotional or mental health,16.0,,,percent,e,v111450816,2019,2016A000246,Percent,units
2019,2019,Manitoba,Both sexes,12 to 17 years,"Positive mental health, flourishing",,64400.0,,,,v111450819,2019,2016A000246,Number,units
2019,2019,Manitoba,Both sexes,12 to 17 years,"Positive mental health, flourishing",,,84000.0,,,v111450820,2019,2016A000246,Number,units
2019,2019,Manitoba,Both sexes,12 to 17 years,"Positive mental health, flourishing",91.1,,,percent,,v111450821,2019,2016A000246,Percent,units
2019,2019,Manitoba,Both sexes,12 to 17 years,"Positive mental health, flourishing",79.7,,,percent,,v111450822,2019,2016A000246,Percent,units
2019,2019,Manitoba,Both sexes,12 to 17 years,"Positive mental health, flourishing",96.4,,,percent,,v111450823,2019,2016A000246,Percent,units
2019,2019,Manitoba,Both sexes,12 to 17 years,Suicidal thoughts (15 years and over),8.3,,,percent,e,v111450828,2019,2016A000246,Percent,units
2019,2019,Manitoba,Both sexes,12 to 17 years,Suicidal thoughts (15 years and over),4.3,,,percent,e,v111450829,2019,2016A000246,Percent,units
2019,2019,Manitoba,Both sexes,12 to 17 years,Suicidal thoughts (15 years and over),15.7,,,percent,e,v111450830,2019,2016A000246,Percent,units
2019,2019,Manitoba,Females,12 to 17 years,Consultation with a health professional about emotional or mental health,,2700.0,,,,v111450854,2019,2016A000246,Number,units
2019,2019,Manitoba,Females,12 to 17 years,Consultation with a health professional about emotional or mental health,,,9200.0,,,v111450855,2019,2016A000246,Number,units
2019,2019,Manitoba,Females,12 to 17 years,Consultation with a health professional about emotional or mental health,12.8,,,percent,e,v111450856,2019,2016A000246,Percent,units
2019,2019,Manitoba,Females,12 to 17 years,Consultation with a health professional about emotional or mental health,6.9,,,percent,e,v111450857,2019,2016A000246,Percent,units
2019,2019,Manitoba,Females,12 to 17 years,Consultation with a health professional about emotional or mental health,22.5,,,percent,e,v111450858,2019,2016A000246,Percent,units
2019,2019,Manitoba,Females,12 to 17 years,"Positive mental health, flourishing",,29000.0,,,,v111450861,2019,2016A000246,Number,units
2019,2019,Manitoba,Females,12 to 17 years,"Positive mental health, flourishing",,,40800.0,,,v111450862,2019,2016A000246,Number,units
2019,2019,Manitoba,Females,12 to 17 years,"Positive mental health, flourishing",88.2,,,percent,,v111450863,2019,2016A000246,Percent,units
2019,2019,Manitoba,Females,12 to 17 years,"Positive mental health, flourishing",71.1,,,percent,,v111450864,2019,2016A000246,Percent,units
2019,2019,Manitoba,Females,12 to 17 years,"Positive mental health, flourishing",95.8,,,percent,,v111450865,2019,2016A000246,Percent,units
2019,2019,Manitoba,Males,12 to 17 years,"Positive mental health, flourishing",,30800.0,,,,v111450840,2019,2016A000246,Number,units
2019,2019,Manitoba,Males,12 to 17 years,"Positive mental health, flourishing",,,44700.0,,,v111450841,2019,2016A000246,Number,units
2019,2019,Manitoba,Males,12 to 17 years,"Positive mental health, flourishing",94.0,,,percent,,v111450842,2019,2016A000246,Percent,units
2019,2019,Manitoba,Males,12 to 17 years,"Positive mental health, flourishing",74.7,,,percent,,v111450843,2019,2016A000246,Percent,units
2019,2019,Manitoba,Males,12 to 17 years,"Positive mental health, flourishing",98.8,,,percent,,v111450844,2019,2016A000246,Percent,units
2019,2019,Manitoba,Both sexes,18 to 34 years,Consultation with a health professional about emotional or mental health,,45800.0,,,,v111450875,2019,2016A000246,Number,units
2019,2019,Manitoba,Both sexes,18 to 34 years,Consultation with a health professional about emotional or mental health,,,74600.0,,,v111450876,2019,2016A000246,Number,units
2019,2019,Manitoba,Both sexes,18 to 34 years,Consultation with a health professional about emotional or mental health,19.6,,,percent,,v111450877,2019,2016A000246,Percent,units
2019,2019,Manitoba,Both sexes,18 to 34 years,Consultation with a health professional about emotional or mental health,15.4,,,percent,,v111450878,2019,2016A000246,Percent,units
2019,2019,Manitoba,Both sexes,18 to 34 years,Consultation with a health professional about emotional or mental health,24.7,,,percent,,v111450879,2019,2016A000246,Percent,units
2019,2019,Manitoba,Both sexes,18 to 34 years,"Positive mental health, flourishing",,237000.0,,,,v111450882,2019,2016A000246,Number,units
2019,2019,Manitoba,Both sexes,18 to 34 years,"Positive mental health, flourishing",,,280000.0,,,v111450883,2019,2016A000246,Number,units
2019,2019,Manitoba,Both sexes,18 to 34 years,"Positive mental health, flourishing",88.1,,,percent,,v111450884,2019,2016A000246,Percent,units
2019,2019,Manitoba,Both sexes,18 to 34 years,"Positive mental health, flourishing",80.0,,,percent,,v111450885,2019,2016A000246,Percent,units
2019,2019,Manitoba,Both sexes,18 to 34 years,"Positive mental health, flourishing",93.2,,,percent,,v111450886,2019,2016A000246,Percent,units
2019,2019,Manitoba,Both sexes,18 to 34 years,Suicidal thoughts (15 years and over),,50200.0,,,,v111450889,2019,2016A000246,Number,units
2019,2019,Manitoba,Both sexes,18 to 34 years,Suicidal thoughts (15 years and over),,,82200.0,,,v111450890,2019,2016A000246,Number,units
2019,2019,Manitoba,Both sexes,18 to 34 years,Suicidal thoughts (15 years and over),21.9,,,percent,,v111450891,2019,2016A000246,Percent,units
2019,2019,Manitoba,Both sexes,18 to 34 years,Suicidal thoughts (15 years and over),17.0,,,percent,,v111450892,2019,2016A000246,Percent,units
2019,2019,Manitoba,Both sexes,18 to 34 years,Suicidal thoughts (15 years and over),27.7,,,percent,,v111450893,2019,2016A000246,Percent,units
2019,2019,Manitoba,Females,18 to 34 years,Consultation with a health professional about emotional or mental health,,33000.0,,,,v111450917,2019,2016A000246,Number,units
2019,2019,Manitoba,Females,18 to 34 years,Consultation with a health professional about emotional or mental health,,,54500.0,,,v111450918,2019,2016A000246,Number,units
2019,2019,Manitoba,Females,18 to 34 years,Consultation with a health professional about emotional or mental health,29.1,,,percent,,v111450919,2019,2016A000246,Percent,units
2019,2019,Manitoba,Females,18 to 34 years,Consultation with a health professional about emotional or mental health,22.2,,,percent,,v111450920,2019,2016A000246,Percent,units
2019,2019,Manitoba,Females,18 to 34 years,Consultation with a health professional about emotional or mental health,37.2,,,percent,,v111450921,2019,2016A000246,Percent,units
2019,2019,Manitoba,Females,18 to 34 years,"Positive mental health, flourishing",,113000.0,,,,v111450924,2019,2016A000246,Number,units
2019,2019,Manitoba,Females,18 to 34 years,"Positive mental health, flourishing",,,139300.0,,,v111450925,2019,2016A000246,Number,units
2019,2019,Manitoba,Females,18 to 34 years,"Positive mental health, flourishing",86.1,,,percent,,v111450926,2019,2016A000246,Percent,units
2019,2019,Manitoba,Females,18 to 34 years,"Positive mental health, flourishing",75.1,,,percent,,v111450927,2019,2016A000246,Percent,units
2019,2019,Manitoba,Females,18 to 34 years,"Positive mental health, flourishing",92.7,,,percent,,v111450928,2019,2016A000246,Percent,units
2019,2019,Manitoba,Females,18 to 34 years,Suicidal thoughts (15 years and over),,24200.0,,,,v111450931,2019,2016A000246,Number,units
2019,2019,Manitoba,Females,18 to 34 years,Suicidal thoughts (15 years and over),,,46300.0,,,v111450932,2019,2016A000246,Number,units
2019,2019,Manitoba,Females,18 to 34 years,Suicidal thoughts (15 years and over),23.4,,,percent,e,v111450933,2019,2016A000246,Percent,units
2019,2019,Manitoba,Females,18 to 34 years,Suicidal thoughts (15 years and over),16.8,,,percent,e,v111450934,2019,2016A000246,Percent,units
2019,2019,Manitoba,Females,18 to 34 years,Suicidal thoughts (15 years and over),31.5,,,percent,e,v111450935,2019,2016A000246,Percent,units
2019,2019,Manitoba,Males,18 to 34 years,Consultation with a health professional about emotional or mental health,,9200.0,,,,v111450896,2019,2016A000246,Number,units
2019,2019,Manitoba,Males,18 to 34 years,Consultation with a health professional about emotional or mental health,,,25300.0,,,v111450897,2019,2016A000246,Number,units
2019,2019,Manitoba,Males,18 to 34 years,Consultation with a health professional about emotional or mental health,10.5,,,percent,e,v111450898,2019,2016A000246,Percent,units
2019,2019,Manitoba,Males,18 to 34 years,Consultation with a health professional about emotional or mental health,6.4,,,percent,e,v111450899,2019,2016A000246,Percent,units
2019,2019,Manitoba,Males,18 to 34 years,Consultation with a health professional about emotional or mental health,16.7,,,percent,e,v111450900,2019,2016A000246,Percent,units
2019,2019,Manitoba,Males,18 to 34 years,"Positive mental health, flourishing",,113900.0,,,,v111450903,2019,2016A000246,Number,units
2019,2019,Manitoba,Males,18 to 34 years,"Positive mental health, flourishing",,,148100.0,,,v111450904,2019,2016A000246,Number,units
2019,2019,Manitoba,Males,18 to 34 years,"Positive mental health, flourishing",90.0,,,percent,,v111450905,2019,2016A000246,Percent,units
2019,2019,Manitoba,Males,18 to 34 years,"Positive mental health, flourishing",76.0,,,percent,,v111450906,2019,2016A000246,Percent,units
2019,2019,Manitoba,Males,18 to 34 years,"Positive mental health, flourishing",96.3,,,percent,,v111450907,2019,2016A000246,Percent,units
2019,2019,Manitoba,Males,18 to 34 years,Suicidal thoughts (15 years and over),,19400.0,,,,v111450910,2019,2016A000246,Number,units
2019,2019,Manitoba,Males,18 to 34 years,Suicidal thoughts (15 years and over),,,44000.0,,,v111450911,2019,2016A000246,Number,units
2019,2019,Manitoba,Males,18 to 34 years,Suicidal thoughts (15 years and over),20.6,,,percent,e,v111450912,2019,2016A000246,Percent,units
2019,2019,Manitoba,Males,18 to 34 years,Suicidal thoughts (15 years and over),13.7,,,percent,e,v111450913,2019,2016A000246,Percent,units
2019,2019,Manitoba,Males,18 to 34 years,Suicidal thoughts (15 years and over),29.7,,,percent,e,v111450914,2019,2016A000246,Percent,units
2019,2019,Manitoba,Both sexes,35 to 49 years,Consultation with a health professional about emotional or mental health,,22600.0,,,,v111450938,2019,2016A000246,Number,units
2019,2019,Manitoba,Both sexes,35 to 49 years,Consultation with a health professional about emotional or mental health,,,40000.0,,,v111450939,2019,2016A000246,Number,units
2019,2019,Manitoba,Both sexes,35 to 49 years,Consultation with a health professional about emotional or mental health,12.4,,,percent,e,v111450940,2019,2016A000246,Percent,units
2019,2019,Manitoba,Both sexes,35 to 49 years,Consultation with a health professional about emotional or mental health,9.1,,,percent,e,v111450941,2019,2016A000246,Percent,units
2019,2019,Manitoba,Both sexes,35 to 49 years,Consultation with a health professional about emotional or mental health,16.8,,,percent,e,v111450942,2019,2016A000246,Percent,units
2019,2019,Manitoba,Both sexes,35 to 49 years,"Positive mental health, flourishing",,171000.0,,,,v111450945,2019,2016A000246,Number,units
2019,2019,Manitoba,Both sexes,35 to 49 years,"Positive mental health, flourishing",,,225600.0,,,v111450946,2019,2016A000246,Number,units
2019,2019,Manitoba,Both sexes,35 to 49 years,"Positive mental health, flourishing",83.8,,,percent,,v111450947,2019,2016A000246,Percent,units
2019,2019,Manitoba,Both sexes,35 to 49 years,"Positive mental health, flourishing",70.7,,,percent,,v111450948,2019,2016A000246,Percent,units
2019,2019,Manitoba,Both sexes,35 to 49 years,"Positive mental health, flourishing",91.8,,,percent,,v111450949,2019,2016A000246,Percent,units
2019,2019,Manitoba,Both sexes,35 to 49 years,Suicidal thoughts (15 years and over),,19400.0,,,,v111450952,2019,2016A000246,Number,units
2019,2019,Manitoba,Both sexes,35 to 49 years,Suicidal thoughts (15 years and over),,,37600.0,,,v111450953,2019,2016A000246,Number,units
2019,2019,Manitoba,Both sexes,35 to 49 years,Suicidal thoughts (15 years and over),11.2,,,percent,e,v111450954,2019,2016A000246,Percent,units
2019,2019,Manitoba,Both sexes,35 to 49 years,Suicidal thoughts (15 years and over),7.9,,,percent,e,v111450955,2019,2016A000246,Percent,units
2019,2019,Manitoba,Both sexes,35 to 49 years,Suicidal thoughts (15 years and over),15.7,,,percent,e,v111450956,2019,2016A000246,Percent,units
2019,2019,Manitoba,Females,35 to 49 years,Consultation with a health professional about emotional or mental health,,16600.0,,,,v111450980,2019,2016A000246,Number,units
2019,2019,Manitoba,Females,35 to 49 years,Consultation with a health professional about emotional or mental health,,,32200.0,,,v111450981,2019,2016A000246,Number,units
2019,2019,Manitoba,Females,35 to 49 years,Consultation with a health professional about emotional or mental health,18.3,,,percent,e,v111450982,2019,2016A000246,Percent,units
2019,2019,Manitoba,Females,35 to 49 years,Consultation with a health professional about emotional or mental health,12.6,,,percent,e,v111450983,2019,2016A000246,Percent,units
2019,2019,Manitoba,Females,35 to 49 years,Consultation with a health professional about emotional or mental health,25.8,,,percent,e,v111450984,2019,2016A000246,Percent,units
2019,2019,Manitoba,Females,35 to 49 years,"Positive mental health, flourishing",,97100.0,,,,v111450987,2019,2016A000246,Number,units
2019,2019,Manitoba,Females,35 to 49 years,"Positive mental health, flourishing",,,119100.0,,,v111450988,2019,2016A000246,Number,units
2019,2019,Manitoba,Females,35 to 49 years,"Positive mental health, flourishing",90.8,,,percent,,v111450989,2019,2016A000246,Percent,units
2019,2019,Manitoba,Females,35 to 49 years,"Positive mental health, flourishing",77.5,,,percent,,v111450990,2019,2016A000246,Percent,units
2019,2019,Manitoba,Females,35 to 49 years,"Positive mental health, flourishing",96.6,,,percent,,v111450991,2019,2016A000246,Percent,units
2019,2019,Manitoba,Females,35 to 49 years,Suicidal thoughts (15 years and over),,10700.0,,,,v111450994,2019,2016A000246,Number,units
2019,2019,Manitoba,Females,35 to 49 years,Suicidal thoughts (15 years and over),,,24400.0,,,v111450995,2019,2016A000246,Number,units
2019,2019,Manitoba,Females,35 to 49 years,Suicidal thoughts (15 years and over),13.2,,,percent,e,v111450996,2019,2016A000246,Percent,units
2019,2019,Manitoba,Females,35 to 49 years,Suicidal thoughts (15 years and over),8.4,,,percent,e,v111450997,2019,2016A000246,Percent,units
2019,2019,Manitoba,Females,35 to 49 years,Suicidal thoughts (15 years and over),20.1,,,percent,e,v111450998,2019,2016A000246,Percent,units
2019,2019,Manitoba,Males,35 to 49 years,Consultation with a health professional about emotional or mental health,,3800.0,,,,v111450959,2019,2016A000246,Number,units
2019,2019,Manitoba,Males,35 to 49 years,Consultation with a health professional about emotional or mental health,,,11700.0,,,v111450960,2019,2016A000246,Number,units
2019,2019,Manitoba,Males,35 to 49 years,Consultation with a health professional about emotional or mental health,6.1,,,percent,e,v111450961,2019,2016A000246,Percent,units
2019,2019,Manitoba,Males,35 to 49 years,Consultation with a health professional about emotional or mental health,3.4,,,percent,e,v111450962,2019,2016A000246,Percent,units
2019,2019,Manitoba,Males,35 to 49 years,Consultation with a health professional about emotional or mental health,10.6,,,percent,e,v111450963,2019,2016A000246,Percent,units
2019,2019,Manitoba,Males,35 to 49 years,"Positive mental health, flourishing",,65000.0,,,,v111450966,2019,2016A000246,Number,units
2019,2019,Manitoba,Males,35 to 49 years,"Positive mental health, flourishing",,,113300.0,,,v111450967,2019,2016A000246,Number,units
2019,2019,Manitoba,Males,35 to 49 years,"Positive mental health, flourishing",76.6,,,percent,,v111450968,2019,2016A000246,Percent,units
2019,2019,Manitoba,Males,35 to 49 years,"Positive mental health, flourishing",52.9,,,percent,,v111450969,2019,2016A000246,Percent,units
2019,2019,Manitoba,Males,35 to 49 years,"Positive mental health, flourishing",90.5,,,percent,,v111450970,2019,2016A000246,Percent,units
2019,2019,Manitoba,Males,35 to 49 years,Suicidal thoughts (15 years and over),,5700.0,,,,v111450973,2019,2016A000246,Number,units
2019,2019,Manitoba,Males,35 to 49 years,Suicidal thoughts (15 years and over),,,16800.0,,,v111450974,2019,2016A000246,Number,units
2019,2019,Manitoba,Males,35 to 49 years,Suicidal thoughts (15 years and over),9.1,,,percent,e,v111450975,2019,2016A000246,Percent,units
2019,2019,Manitoba,Males,35 to 49 years,Suicidal thoughts (15 years and over),5.4,,,percent,e,v111450976,2019,2016A000246,Percent,units
2019,2019,Manitoba,Males,35 to 49 years,Suicidal thoughts (15 years and over),14.8,,,percent,e,v111450977,2019,2016A000246,Percent,units
2019,2019,Manitoba,Both sexes,50 to 64 years,Consultation with a health professional about emotional or mental health,,29800.0,,,,v111451001,2019,2016A000246,Number,units
2019,2019,Manitoba,Both sexes,50 to 64 years,Consultation with a health professional about emotional or mental health,,,52800.0,,,v111451002,2019,2016A000246,Number,units
2019,2019,Manitoba,Both sexes,50 to 64 years,Consultation with a health professional about emotional or mental health,16.5,,,percent,e,v111451003,2019,2016A000246,Percent,units
2019,2019,Manitoba,Both sexes,50 to 64 years,Consultation with a health professional about emotional or mental health,11.7,,,percent,e,v111451004,2019,2016A000246,Percent,units
2019,2019,Manitoba,Both sexes,50 to 64 years,Consultation with a health professional about emotional or mental health,22.6,,,percent,e,v111451005,2019,2016A000246,Percent,units
2019,2019,Manitoba,Both sexes,50 to 64 years,"Positive mental health, flourishing",,162500.0,,,,v111451008,2019,2016A000246,Number,units
2019,2019,Manitoba,Both sexes,50 to 64 years,"Positive mental health, flourishing",,,204800.0,,,v111451009,2019,2016A000246,Number,units
2019,2019,Manitoba,Both sexes,50 to 64 years,"Positive mental health, flourishing",78.9,,,percent,,v111451010,2019,2016A000246,Percent,units
2019,2019,Manitoba,Both sexes,50 to 64 years,"Positive mental health, flourishing",68.6,,,percent,,v111451011,2019,2016A000246,Percent,units
2019,2019,Manitoba,Both sexes,50 to 64 years,"Positive mental health, flourishing",86.4,,,percent,,v111451012,2019,2016A000246,Percent,units
2019,2019,Manitoba,Both sexes,50 to 64 years,Suicidal thoughts (15 years and over),,26300.0,,,,v111451015,2019,2016A000246,Number,units
2019,2019,Manitoba,Both sexes,50 to 64 years,Suicidal thoughts (15 years and over),,,47500.0,,,v111451016,2019,2016A000246,Number,units
2019,2019,Manitoba,Both sexes,50 to 64 years,Suicidal thoughts (15 years and over),14.4,,,percent,e,v111451017,2019,2016A000246,Percent,units
2019,2019,Manitoba,Both sexes,50 to 64 years,Suicidal thoughts (15 years and over),10.2,,,percent,e,v111451018,2019,2016A000246,Percent,units
2019,2019,Manitoba,Both sexes,50 to 64 years,Suicidal thoughts (15 years and over),20.1,,,percent,e,v111451019,2019,2016A000246,Percent,units
2019,2019,Manitoba,Females,50 to 64 years,Consultation with a health professional about emotional or mental health,,17500.0,,,,v111451043,2019,2016A000246,Number,units
2019,2019,Manitoba,Females,50 to 64 years,Consultation with a health professional about emotional or mental health,,,33900.0,,,v111451044,2019,2016A000246,Number,units
2019,2019,Manitoba,Females,50 to 64 years,Consultation with a health professional about emotional or mental health,19.9,,,percent,e,v111451045,2019,2016A000246,Percent,units
2019,2019,Manitoba,Females,50 to 64 years,Consultation with a health professional about emotional or mental health,13.5,,,percent,e,v111451046,2019,2016A000246,Percent,units
2019,2019,Manitoba,Females,50 to 64 years,Consultation with a health professional about emotional or mental health,28.3,,,percent,e,v111451047,2019,2016A000246,Percent,units
2019,2019,Manitoba,Females,50 to 64 years,"Positive mental health, flourishing",,77900.0,,,,v111451050,2019,2016A000246,Number,units
2019,2019,Manitoba,Females,50 to 64 years,"Positive mental health, flourishing",,,104600.0,,,v111451051,2019,2016A000246,Number,units
2019,2019,Manitoba,Females,50 to 64 years,"Positive mental health, flourishing",77.8,,,percent,,v111451052,2019,2016A000246,Percent,units
2019,2019,Manitoba,Females,50 to 64 years,"Positive mental health, flourishing",64.7,,,percent,,v111451053,2019,2016A000246,Percent,units
2019,2019,Manitoba,Females,50 to 64 years,"Positive mental health, flourishing",87.0,,,percent,,v111451054,2019,2016A000246,Percent,units
2019,2019,Manitoba,Females,50 to 64 years,Suicidal thoughts (15 years and over),,12500.0,,,,v111451057,2019,2016A000246,Number,units
2019,2019,Manitoba,Females,50 to 64 years,Suicidal thoughts (15 years and over),,,26400.0,,,v111451058,2019,2016A000246,Number,units
2019,2019,Manitoba,Females,50 to 64 years,Suicidal thoughts (15 years and over),14.8,,,percent,e,v111451059,2019,2016A000246,Percent,units
2019,2019,Manitoba,Females,50 to 64 years,Suicidal thoughts (15 years and over),9.3,,,percent,e,v111451060,2019,2016A000246,Percent,units
2019,2019,Manitoba,Females,50 to 64 years,Suicidal thoughts (15 years and over),22.6,,,percent,e,v111451061,2019,2016A000246,Percent,units
2019,2019,Manitoba,Males,50 to 64 years,Consultation with a health professional about emotional or mental health,,8500.0,,,,v111451022,2019,2016A000246,Number,units
2019,2019,Manitoba,Males,50 to 64 years,Consultation with a health professional about emotional or mental health,,,23700.0,,,v111451023,2019,2016A000246,Number,units
2019,2019,Manitoba,Males,50 to 64 years,Consultation with a health professional about emotional or mental health,13.1,,,percent,e,v111451024,2019,2016A000246,Percent,units
2019,2019,Manitoba,Males,50 to 64 years,Consultation with a health professional about emotional or mental health,7.9,,,percent,e,v111451025,2019,2016A000246,Percent,units
2019,2019,Manitoba,Males,50 to 64 years,Consultation with a health professional about emotional or mental health,20.8,,,percent,e,v111451026,2019,2016A000246,Percent,units
2019,2019,Manitoba,Males,50 to 64 years,"Positive mental health, flourishing",,76100.0,,,,v111451029,2019,2016A000246,Number,units
2019,2019,Manitoba,Males,50 to 64 years,"Positive mental health, flourishing",,,107900.0,,,v111451030,2019,2016A000246,Number,units
2019,2019,Manitoba,Males,50 to 64 years,"Positive mental health, flourishing",80.0,,,percent,,v111451031,2019,2016A000246,Percent,units
2019,2019,Manitoba,Males,50 to 64 years,"Positive mental health, flourishing",63.5,,,percent,,v111451032,2019,2016A000246,Percent,units
2019,2019,Manitoba,Males,50 to 64 years,"Positive mental health, flourishing",90.2,,,percent,,v111451033,2019,2016A000246,Percent,units
2019,2019,Manitoba,Males,50 to 64 years,Suicidal thoughts (15 years and over),,10600.0,,,,v111451036,2019,2016A000246,Number,units
2019,2019,Manitoba,Males,50 to 64 years,Suicidal thoughts (15 years and over),,,25500.0,,,v111451037,2019,2016A000246,Number,units
2019,2019,Manitoba,Males,50 to 64 years,Suicidal thoughts (15 years and over),14.1,,,percent,e,v111451038,2019,2016A000246,Percent,units
2019,2019,Manitoba,Males,50 to 64 years,Suicidal thoughts (15 years and over),8.8,,,percent,e,v111451039,2019,2016A000246,Percent,units
2019,2019,Manitoba,Males,50 to 64 years,Suicidal thoughts (15 years and over),21.9,,,percent,e,v111451040,2019,2016A000246,Percent,units
2019,2019,Manitoba,Both sexes,65 years and over,Consultation with a health professional about emotional or mental health,,12200.0,,,,v111451064,2019,2016A000246,Number,units
2019,2019,Manitoba,Both sexes,65 years and over,Consultation with a health professional about emotional or mental health,,,17900.0,,,v111451065,2019,2016A000246,Number,units
2019,2019,Manitoba,Both sexes,65 years and over,Consultation with a health professional about emotional or mental health,8.1,,,percent,,v111451066,2019,2016A000246,Percent,units
2019,2019,Manitoba,Both sexes,65 years and over,Consultation with a health professional about emotional or mental health,6.7,,,percent,,v111451067,2019,2016A000246,Percent,units
2019,2019,Manitoba,Both sexes,65 years and over,Consultation with a health professional about emotional or mental health,9.7,,,percent,,v111451068,2019,2016A000246,Percent,units
2019,2019,Manitoba,Both sexes,65 years and over,"Positive mental health, flourishing",,132400.0,,,,v111451071,2019,2016A000246,Number,units
2019,2019,Manitoba,Both sexes,65 years and over,"Positive mental health, flourishing",,,167000.0,,,v111451072,2019,2016A000246,Number,units
2019,2019,Manitoba,Both sexes,65 years and over,"Positive mental health, flourishing",85.2,,,percent,,v111451073,2019,2016A000246,Percent,units
2019,2019,Manitoba,Both sexes,65 years and over,"Positive mental health, flourishing",75.4,,,percent,,v111451074,2019,2016A000246,Percent,units
2019,2019,Manitoba,Both sexes,65 years and over,"Positive mental health, flourishing",91.5,,,percent,,v111451075,2019,2016A000246,Percent,units
2019,2019,Manitoba,Both sexes,65 years and over,Suicidal thoughts (15 years and over),,12300.0,,,,v111451078,2019,2016A000246,Number,units
2019,2019,Manitoba,Both sexes,65 years and over,Suicidal thoughts (15 years and over),,,18200.0,,,v111451079,2019,2016A000246,Number,units
2019,2019,Manitoba,Both sexes,65 years and over,Suicidal thoughts (15 years and over),8.2,,,percent,,v111451080,2019,2016A000246,Percent,units
2019,2019,Manitoba,Both sexes,65 years and over,Suicidal thoughts (15 years and over),6.7,,,percent,,v111451081,2019,2016A000246,Percent,units
2019,2019,Manitoba,Both sexes,65 years and over,Suicidal thoughts (15 years and over),10.0,,,percent,,v111451082,2019,2016A000246,Percent,units
2019,2019,Manitoba,Females,65 years and over,Consultation with a health professional about emotional or mental health,,7900.0,,,,v111451106,2019,2016A000246,Number,units
2019,2019,Manitoba,Females,65 years and over,Consultation with a health professional about emotional or mental health,,,12600.0,,,v111451107,2019,2016A000246,Number,units
2019,2019,Manitoba,Females,65 years and over,Consultation with a health professional about emotional or mental health,10.1,,,percent,,v111451108,2019,2016A000246,Percent,units
2019,2019,Manitoba,Females,65 years and over,Consultation with a health professional about emotional or mental health,8.0,,,percent,,v111451109,2019,2016A000246,Percent,units
2019,2019,Manitoba,Females,65 years and over,Consultation with a health professional about emotional or mental health,12.7,,,percent,,v111451110,2019,2016A000246,Percent,units
2019,2019,Manitoba,Females,65 years and over,"Positive mental health, flourishing",,77800.0,,,,v111451113,2019,2016A000246,Number,units
2019,2019,Manitoba,Females,65 years and over,"Positive mental health, flourishing",,,99200.0,,,v111451114,2019,2016A000246,Number,units
2019,2019,Manitoba,Females,65 years and over,"Positive mental health, flourishing",88.5,,,percent,,v111451115,2019,2016A000246,Percent,units
2019,2019,Manitoba,Females,65 years and over,"Positive mental health, flourishing",77.7,,,percent,,v111451116,2019,2016A000246,Percent,units
2019,2019,Manitoba,Females,65 years and over,"Positive mental health, flourishing",94.4,,,percent,,v111451117,2019,2016A000246,Percent,units
2019,2019,Manitoba,Females,65 years and over,Suicidal thoughts (15 years and over),,6800.0,,,,v111451120,2019,2016A000246,Number,units
2019,2019,Manitoba,Females,65 years and over,Suicidal thoughts (15 years and over),,,10700.0,,,v111451121,2019,2016A000246,Number,units
2019,2019,Manitoba,Females,65 years and over,Suicidal thoughts (15 years and over),8.7,,,percent,,v111451122,2019,2016A000246,Percent,units
2019,2019,Manitoba,Females,65 years and over,Suicidal thoughts (15 years and over),6.9,,,percent,,v111451123,2019,2016A000246,Percent,units
2019,2019,Manitoba,Females,65 years and over,Suicidal thoughts (15 years and over),10.9,,,percent,,v111451124,2019,2016A000246,Percent,units
2019,2019,Manitoba,Males,65 years and over,Consultation with a health professional about emotional or mental health,,3300.0,,,,v111451085,2019,2016A000246,Number,units
2019,2019,Manitoba,Males,65 years and over,Consultation with a health professional about emotional or mental health,,,6500.0,,,v111451086,2019,2016A000246,Number,units
2019,2019,Manitoba,Males,65 years and over,Consultation with a health professional about emotional or mental health,5.7,,,percent,e,v111451087,2019,2016A000246,Percent,units
2019,2019,Manitoba,Males,65 years and over,Consultation with a health professional about emotional or mental health,4.1,,,percent,e,v111451088,2019,2016A000246,Percent,units
2019,2019,Manitoba,Males,65 years and over,Consultation with a health professional about emotional or mental health,7.9,,,percent,e,v111451089,2019,2016A000246,Percent,units
2019,2019,Manitoba,Males,65 years and over,"Positive mental health, flourishing",,47500.0,,,,v111451092,2019,2016A000246,Number,units
2019,2019,Manitoba,Males,65 years and over,"Positive mental health, flourishing",,,73900.0,,,v111451093,2019,2016A000246,Number,units
2019,2019,Manitoba,Males,65 years and over,"Positive mental health, flourishing",81.0,,,percent,,v111451094,2019,2016A000246,Percent,units
2019,2019,Manitoba,Males,65 years and over,"Positive mental health, flourishing",62.1,,,percent,,v111451095,2019,2016A000246,Percent,units
2019,2019,Manitoba,Males,65 years and over,"Positive mental health, flourishing",91.8,,,percent,,v111451096,2019,2016A000246,Percent,units
2019,2019,Manitoba,Males,65 years and over,Suicidal thoughts (15 years and over),,4300.0,,,,v111451099,2019,2016A000246,Number,units
2019,2019,Manitoba,Males,65 years and over,Suicidal thoughts (15 years and over),,,8900.0,,,v111451100,2019,2016A000246,Number,units
2019,2019,Manitoba,Males,65 years and over,Suicidal thoughts (15 years and over),7.6,,,percent,e,v111451101,2019,2016A000246,Percent,units
2019,2019,Manitoba,Males,65 years and over,Suicidal thoughts (15 years and over),5.4,,,percent,e,v111451102,2019,2016A000246,Percent,units
2019,2019,Manitoba,Males,65 years and over,Suicidal thoughts (15 years and over),10.7,,,percent,e,v111451103,2019,2016A000246,Percent,units
2019,2019,Manitoba,Both sexes,"Total, 12 years and over",Consultation with a health professional about emotional or mental health,,135700.0,,,,v111450749,2019,2016A000246,Number,units
2019,2019,Manitoba,Both sexes,"Total, 12 years and over",Consultation with a health professional about emotional or mental health,,,178800.0,,,v111450750,2019,2016A000246,Number,units
2019,2019,Manitoba,Both sexes,"Total, 12 years and over",Consultation with a health professional about emotional or mental health,14.5,,,percent,,v111450751,2019,2016A000246,Percent,units
2019,2019,Manitoba,Both sexes,"Total, 12 years and over",Consultation with a health professional about emotional or mental health,12.4,,,percent,,v111450752,2019,2016A000246,Percent,units
2019,2019,Manitoba,Both sexes,"Total, 12 years and over",Consultation with a health professional about emotional or mental health,16.8,,,percent,,v111450753,2019,2016A000246,Percent,units
2019,2019,Manitoba,Both sexes,"Total, 12 years and over","Positive mental health, flourishing",,818300.0,,,,v111450756,2019,2016A000246,Number,units
2019,2019,Manitoba,Both sexes,"Total, 12 years and over","Positive mental health, flourishing",,,915000.0,,,v111450757,2019,2016A000246,Number,units
2019,2019,Manitoba,Both sexes,"Total, 12 years and over","Positive mental health, flourishing",84.7,,,percent,,v111450758,2019,2016A000246,Percent,units
2019,2019,Manitoba,Both sexes,"Total, 12 years and over","Positive mental health, flourishing",79.7,,,percent,,v111450759,2019,2016A000246,Percent,units
2019,2019,Manitoba,Both sexes,"Total, 12 years and over","Positive mental health, flourishing",88.7,,,percent,,v111450760,2019,2016A000246,Percent,units
2019,2019,Manitoba,Both sexes,"Total, 12 years and over",Suicidal thoughts (15 years and over),,128200.0,,,,v111450763,2019,2016A000246,Number,units
2019,2019,Manitoba,Both sexes,"Total, 12 years and over",Suicidal thoughts (15 years and over),,,171100.0,,,v111450764,2019,2016A000246,Number,units
2019,2019,Manitoba,Both sexes,"Total, 12 years and over",Suicidal thoughts (15 years and over),14.5,,,percent,,v111450765,2019,2016A000246,Percent,units
2019,2019,Manitoba,Both sexes,"Total, 12 years and over",Suicidal thoughts (15 years and over),12.4,,,percent,,v111450766,2019,2016A000246,Percent,units
2019,2019,Manitoba,Both sexes,"Total, 12 years and over",Suicidal thoughts (15 years and over),17.0,,,percent,,v111450767,2019,2016A000246,Percent,units
2019,2019,Manitoba,Females,"Total, 12 years and over",Consultation with a health professional about emotional or mental health,,92300.0,,,,v111450791,2019,2016A000246,Number,units
2019,2019,Manitoba,Females,"Total, 12 years and over",Consultation with a health professional about emotional or mental health,,,125800.0,,,v111450792,2019,2016A000246,Number,units
2019,2019,Manitoba,Females,"Total, 12 years and over",Consultation with a health professional about emotional or mental health,19.7,,,percent,,v111450793,2019,2016A000246,Percent,units
2019,2019,Manitoba,Females,"Total, 12 years and over",Consultation with a health professional about emotional or mental health,16.5,,,percent,,v111450794,2019,2016A000246,Percent,units
2019,2019,Manitoba,Females,"Total, 12 years and over",Consultation with a health professional about emotional or mental health,23.3,,,percent,,v111450795,2019,2016A000246,Percent,units
2019,2019,Manitoba,Females,"Total, 12 years and over","Positive mental health, flourishing",,428100.0,,,,v111450798,2019,2016A000246,Number,units
2019,2019,Manitoba,Females,"Total, 12 years and over","Positive mental health, flourishing",,,477600.0,,,v111450799,2019,2016A000246,Number,units
2019,2019,Manitoba,Females,"Total, 12 years and over","Positive mental health, flourishing",85.9,,,percent,,v111450800,2019,2016A000246,Percent,units
2019,2019,Manitoba,Females,"Total, 12 years and over","Positive mental health, flourishing",80.6,,,percent,,v111450801,2019,2016A000246,Percent,units
2019,2019,Manitoba,Females,"Total, 12 years and over","Positive mental health, flourishing",90.0,,,percent,,v111450802,2019,2016A000246,Percent,units
2019,2019,Manitoba,Females,"Total, 12 years and over",Suicidal thoughts (15 years and over),,68900.0,,,,v111450805,2019,2016A000246,Number,units
2019,2019,Manitoba,Females,"Total, 12 years and over",Suicidal thoughts (15 years and over),,,99000.0,,,v111450806,2019,2016A000246,Number,units
2019,2019,Manitoba,Females,"Total, 12 years and over",Suicidal thoughts (15 years and over),15.7,,,percent,,v111450807,2019,2016A000246,Percent,units
2019,2019,Manitoba,Females,"Total, 12 years and over",Suicidal thoughts (15 years and over),12.8,,,percent,,v111450808,2019,2016A000246,Percent,units
2019,2019,Manitoba,Females,"Total, 12 years and over",Suicidal thoughts (15 years and over),19.1,,,percent,,v111450809,2019,2016A000246,Percent,units
2019,2019,Manitoba,Males,"Total, 12 years and over",Consultation with a health professional about emotional or mental health,,37900.0,,,,v111450770,2019,2016A000246,Number,units
2019,2019,Manitoba,Males,"Total, 12 years and over",Consultation with a health professional about emotional or mental health,,,59600.0,,,v111450771,2019,2016A000246,Number,units
2019,2019,Manitoba,Males,"Total, 12 years and over",Consultation with a health professional about emotional or mental health,9.1,,,percent,,v111450772,2019,2016A000246,Percent,units
2019,2019,Manitoba,Males,"Total, 12 years and over",Consultation with a health professional about emotional or mental health,7.1,,,percent,,v111450773,2019,2016A000246,Percent,units
2019,2019,Manitoba,Males,"Total, 12 years and over",Consultation with a health professional about emotional or mental health,11.6,,,percent,,v111450774,2019,2016A000246,Percent,units
2019,2019,Manitoba,Males,"Total, 12 years and over","Positive mental health, flourishing",,375300.0,,,,v111450777,2019,2016A000246,Number,units
2019,2019,Manitoba,Males,"Total, 12 years and over","Positive mental health, flourishing",,,454900.0,,,v111450778,2019,2016A000246,Number,units
2019,2019,Manitoba,Males,"Total, 12 years and over","Positive mental health, flourishing",83.5,,,percent,,v111450779,2019,2016A000246,Percent,units
2019,2019,Manitoba,Males,"Total, 12 years and over","Positive mental health, flourishing",74.9,,,percent,,v111450780,2019,2016A000246,Percent,units
2019,2019,Manitoba,Males,"Total, 12 years and over","Positive mental health, flourishing",89.5,,,percent,,v111450781,2019,2016A000246,Percent,units
2019,2019,Manitoba,Males,"Total, 12 years and over",Suicidal thoughts (15 years and over),,51100.0,,,,v111450784,2019,2016A000246,Number,units
2019,2019,Manitoba,Males,"Total, 12 years and over",Suicidal thoughts (15 years and over),,,82000.0,,,v111450785,2019,2016A000246,Number,units
2019,2019,Manitoba,Males,"Total, 12 years and over",Suicidal thoughts (15 years and over),13.3,,,percent,,v111450786,2019,2016A000246,Percent,units
2019,2019,Manitoba,Males,"Total, 12 years and over",Suicidal thoughts (15 years and over),10.4,,,percent,,v111450787,2019,2016A000246,Percent,units
2019,2019,Manitoba,Males,"Total, 12 years and over",Suicidal thoughts (15 years and over),16.9,,,percent,,v111450788,2019,2016A000246,Percent,units
2019,2019,New Brunswick,Both sexes,12 to 17 years,Consultation with a health professional about emotional or mental health,,4500.0,,,,v111449678,2019,2016A000213,Number,units
2019,2019,New Brunswick,Both sexes,12 to 17 years,Consultation with a health professional about emotional or mental health,,,10800.0,,,v111449679,2019,2016A000213,Number,units
2019,2019,New Brunswick,Both sexes,12 to 17 years,Consultation with a health professional about emotional or mental health,17.4,,,percent,e,v111449680,2019,2016A000213,Percent,units
2019,2019,New Brunswick,Both sexes,12 to 17 years,Consultation with a health professional about emotional or mental health,11.4,,,percent,e,v111449681,2019,2016A000213,Percent,units
2019,2019,New Brunswick,Both sexes,12 to 17 years,Consultation with a health professional about emotional or mental health,25.7,,,percent,e,v111449682,2019,2016A000213,Percent,units
2019,2019,New Brunswick,Both sexes,12 to 17 years,"Positive mental health, flourishing",,25200.0,,,,v111449685,2019,2016A000213,Number,units
2019,2019,New Brunswick,Both sexes,12 to 17 years,"Positive mental health, flourishing",,,43100.0,,,v111449686,2019,2016A000213,Number,units
2019,2019,New Brunswick,Both sexes,12 to 17 years,"Positive mental health, flourishing",89.2,,,percent,,v111449687,2019,2016A000213,Percent,units
2019,2019,New Brunswick,Both sexes,12 to 17 years,"Positive mental health, flourishing",72.5,,,percent,,v111449688,2019,2016A000213,Percent,units
2019,2019,New Brunswick,Both sexes,12 to 17 years,"Positive mental health, flourishing",96.3,,,percent,,v111449689,2019,2016A000213,Percent,units
2019,2019,New Brunswick,Females,12 to 17 years,Consultation with a health professional about emotional or mental health,,2400.0,,,,v111449720,2019,2016A000213,Number,units
2019,2019,New Brunswick,Females,12 to 17 years,Consultation with a health professional about emotional or mental health,,,7400.0,,,v111449721,2019,2016A000213,Number,units
2019,2019,New Brunswick,Females,12 to 17 years,Consultation with a health professional about emotional or mental health,23.1,,,percent,e,v111449722,2019,2016A000213,Percent,units
2019,2019,New Brunswick,Females,12 to 17 years,Consultation with a health professional about emotional or mental health,13.3,,,percent,e,v111449723,2019,2016A000213,Percent,units
2019,2019,New Brunswick,Females,12 to 17 years,Consultation with a health professional about emotional or mental health,36.9,,,percent,e,v111449724,2019,2016A000213,Percent,units
2019,2019,New Brunswick,Females,12 to 17 years,"Positive mental health, flourishing",,8100.0,,,,v111449727,2019,2016A000213,Number,units
2019,2019,New Brunswick,Females,12 to 17 years,"Positive mental health, flourishing",,,24500.0,,,v111449728,2019,2016A000213,Number,units
2019,2019,New Brunswick,Males,12 to 17 years,"Positive mental health, flourishing",,11800.0,,,,v111449706,2019,2016A000213,Number,units
2019,2019,New Brunswick,Males,12 to 17 years,"Positive mental health, flourishing",,,24800.0,,,v111449707,2019,2016A000213,Number,units
2019,2019,New Brunswick,Males,12 to 17 years,"Positive mental health, flourishing",94.7,,,percent,,v111449708,2019,2016A000213,Percent,units
2019,2019,New Brunswick,Males,12 to 17 years,"Positive mental health, flourishing",74.8,,,percent,,v111449709,2019,2016A000213,Percent,units
2019,2019,New Brunswick,Males,12 to 17 years,"Positive mental health, flourishing",99.1,,,percent,,v111449710,2019,2016A000213,Percent,units
2019,2019,New Brunswick,Both sexes,18 to 34 years,Consultation with a health professional about emotional or mental health,,30400.0,,,,v111449741,2019,2016A000213,Number,units
2019,2019,New Brunswick,Both sexes,18 to 34 years,Consultation with a health professional about emotional or mental health,,,48100.0,,,v111449742,2019,2016A000213,Number,units
2019,2019,New Brunswick,Both sexes,18 to 34 years,Consultation with a health professional about emotional or mental health,29.3,,,percent,,v111449743,2019,2016A000213,Percent,units
2019,2019,New Brunswick,Both sexes,18 to 34 years,Consultation with a health professional about emotional or mental health,23.2,,,percent,,v111449744,2019,2016A000213,Percent,units
2019,2019,New Brunswick,Both sexes,18 to 34 years,Consultation with a health professional about emotional or mental health,36.4,,,percent,,v111449745,2019,2016A000213,Percent,units
2019,2019,New Brunswick,Both sexes,18 to 34 years,"Positive mental health, flourishing",,108100.0,,,,v111449748,2019,2016A000213,Number,units
2019,2019,New Brunswick,Both sexes,18 to 34 years,"Positive mental health, flourishing",,,193400.0,,,v111449749,2019,2016A000213,Number,units
2019,2019,New Brunswick,Both sexes,18 to 34 years,"Positive mental health, flourishing",82.4,,,percent,,v111449750,2019,2016A000213,Percent,units
2019,2019,New Brunswick,Both sexes,18 to 34 years,"Positive mental health, flourishing",68.9,,,percent,,v111449751,2019,2016A000213,Percent,units
2019,2019,New Brunswick,Both sexes,18 to 34 years,"Positive mental health, flourishing",90.8,,,percent,,v111449752,2019,2016A000213,Percent,units
2019,2019,New Brunswick,Both sexes,18 to 34 years,Suicidal thoughts (15 years and over),,23400.0,,,,v111449755,2019,2016A000213,Number,units
2019,2019,New Brunswick,Both sexes,18 to 34 years,Suicidal thoughts (15 years and over),,,39900.0,,,v111449756,2019,2016A000213,Number,units
2019,2019,New Brunswick,Both sexes,18 to 34 years,Suicidal thoughts (15 years and over),23.2,,,percent,,v111449757,2019,2016A000213,Percent,units
2019,2019,New Brunswick,Both sexes,18 to 34 years,Suicidal thoughts (15 years and over),17.7,,,percent,,v111449758,2019,2016A000213,Percent,units
2019,2019,New Brunswick,Both sexes,18 to 34 years,Suicidal thoughts (15 years and over),29.8,,,percent,,v111449759,2019,2016A000213,Percent,units
2019,2019,New Brunswick,Females,18 to 34 years,Consultation with a health professional about emotional or mental health,,16700.0,,,,v111449783,2019,2016A000213,Number,units
2019,2019,New Brunswick,Females,18 to 34 years,Consultation with a health professional about emotional or mental health,,,29600.0,,,v111449784,2019,2016A000213,Number,units
2019,2019,New Brunswick,Females,18 to 34 years,Consultation with a health professional about emotional or mental health,34.6,,,percent,,v111449785,2019,2016A000213,Percent,units
2019,2019,New Brunswick,Females,18 to 34 years,Consultation with a health professional about emotional or mental health,25.8,,,percent,,v111449786,2019,2016A000213,Percent,units
2019,2019,New Brunswick,Females,18 to 34 years,Consultation with a health professional about emotional or mental health,44.5,,,percent,,v111449787,2019,2016A000213,Percent,units
2019,2019,New Brunswick,Females,18 to 34 years,"Positive mental health, flourishing",,35900.0,,,,v111449790,2019,2016A000213,Number,units
2019,2019,New Brunswick,Females,18 to 34 years,"Positive mental health, flourishing",,,84700.0,,,v111449791,2019,2016A000213,Number,units
2019,2019,New Brunswick,Females,18 to 34 years,"Positive mental health, flourishing",77.1,,,percent,,v111449792,2019,2016A000213,Percent,units
2019,2019,New Brunswick,Females,18 to 34 years,"Positive mental health, flourishing",54.4,,,percent,,v111449793,2019,2016A000213,Percent,units
2019,2019,New Brunswick,Females,18 to 34 years,"Positive mental health, flourishing",90.4,,,percent,,v111449794,2019,2016A000213,Percent,units
2019,2019,New Brunswick,Females,18 to 34 years,Suicidal thoughts (15 years and over),,10300.0,,,,v111449797,2019,2016A000213,Number,units
2019,2019,New Brunswick,Females,18 to 34 years,Suicidal thoughts (15 years and over),,,21500.0,,,v111449798,2019,2016A000213,Number,units
2019,2019,New Brunswick,Females,18 to 34 years,Suicidal thoughts (15 years and over),23.2,,,percent,e,v111449799,2019,2016A000213,Percent,units
2019,2019,New Brunswick,Females,18 to 34 years,Suicidal thoughts (15 years and over),15.9,,,percent,e,v111449800,2019,2016A000213,Percent,units
2019,2019,New Brunswick,Females,18 to 34 years,Suicidal thoughts (15 years and over),32.5,,,percent,e,v111449801,2019,2016A000213,Percent,units
2019,2019,New Brunswick,Males,18 to 34 years,Consultation with a health professional about emotional or mental health,,9000.0,,,,v111449762,2019,2016A000213,Number,units
2019,2019,New Brunswick,Males,18 to 34 years,Consultation with a health professional about emotional or mental health,,,22200.0,,,v111449763,2019,2016A000213,Number,units
2019,2019,New Brunswick,Males,18 to 34 years,Consultation with a health professional about emotional or mental health,24.1,,,percent,e,v111449764,2019,2016A000213,Percent,units
2019,2019,New Brunswick,Males,18 to 34 years,Consultation with a health professional about emotional or mental health,15.6,,,percent,e,v111449765,2019,2016A000213,Percent,units
2019,2019,New Brunswick,Males,18 to 34 years,Consultation with a health professional about emotional or mental health,35.4,,,percent,e,v111449766,2019,2016A000213,Percent,units
2019,2019,New Brunswick,Males,18 to 34 years,"Positive mental health, flourishing",,59000.0,,,,v111449769,2019,2016A000213,Number,units
2019,2019,New Brunswick,Males,18 to 34 years,"Positive mental health, flourishing",,,122700.0,,,v111449770,2019,2016A000213,Number,units
2019,2019,New Brunswick,Males,18 to 34 years,"Positive mental health, flourishing",86.1,,,percent,,v111449771,2019,2016A000213,Percent,units
2019,2019,New Brunswick,Males,18 to 34 years,"Positive mental health, flourishing",66.0,,,percent,,v111449772,2019,2016A000213,Percent,units
2019,2019,New Brunswick,Males,18 to 34 years,"Positive mental health, flourishing",95.2,,,percent,,v111449773,2019,2016A000213,Percent,units
2019,2019,New Brunswick,Males,18 to 34 years,Suicidal thoughts (15 years and over),,8900.0,,,,v111449776,2019,2016A000213,Number,units
2019,2019,New Brunswick,Males,18 to 34 years,Suicidal thoughts (15 years and over),,,23600.0,,,v111449777,2019,2016A000213,Number,units
2019,2019,New Brunswick,Males,18 to 34 years,Suicidal thoughts (15 years and over),23.3,,,percent,e,v111449778,2019,2016A000213,Percent,units
2019,2019,New Brunswick,Males,18 to 34 years,Suicidal thoughts (15 years and over),14.7,,,percent,e,v111449779,2019,2016A000213,Percent,units
2019,2019,New Brunswick,Males,18 to 34 years,Suicidal thoughts (15 years and over),34.7,,,percent,e,v111449780,2019,2016A000213,Percent,units
2019,2019,New Brunswick,Both sexes,35 to 49 years,Consultation with a health professional about emotional or mental health,,14700.0,,,,v111449804,2019,2016A000213,Number,units
2019,2019,New Brunswick,Both sexes,35 to 49 years,Consultation with a health professional about emotional or mental health,,,30000.0,,,v111449805,2019,2016A000213,Number,units
2019,2019,New Brunswick,Both sexes,35 to 49 years,Consultation with a health professional about emotional or mental health,16.3,,,percent,e,v111449806,2019,2016A000213,Percent,units
2019,2019,New Brunswick,Both sexes,35 to 49 years,Consultation with a health professional about emotional or mental health,11.5,,,percent,e,v111449807,2019,2016A000213,Percent,units
2019,2019,New Brunswick,Both sexes,35 to 49 years,Consultation with a health professional about emotional or mental health,22.5,,,percent,e,v111449808,2019,2016A000213,Percent,units
2019,2019,New Brunswick,Both sexes,35 to 49 years,"Positive mental health, flourishing",,73000.0,,,,v111449811,2019,2016A000213,Number,units
2019,2019,New Brunswick,Both sexes,35 to 49 years,"Positive mental health, flourishing",,,140700.0,,,v111449812,2019,2016A000213,Number,units
2019,2019,New Brunswick,Both sexes,35 to 49 years,"Positive mental health, flourishing",76.2,,,percent,,v111449813,2019,2016A000213,Percent,units
2019,2019,New Brunswick,Both sexes,35 to 49 years,"Positive mental health, flourishing",60.4,,,percent,,v111449814,2019,2016A000213,Percent,units
2019,2019,New Brunswick,Both sexes,35 to 49 years,"Positive mental health, flourishing",87.0,,,percent,,v111449815,2019,2016A000213,Percent,units
2019,2019,New Brunswick,Both sexes,35 to 49 years,Suicidal thoughts (15 years and over),,13100.0,,,,v111449818,2019,2016A000213,Number,units
2019,2019,New Brunswick,Both sexes,35 to 49 years,Suicidal thoughts (15 years and over),,,26200.0,,,v111449819,2019,2016A000213,Number,units
2019,2019,New Brunswick,Both sexes,35 to 49 years,Suicidal thoughts (15 years and over),14.6,,,percent,e,v111449820,2019,2016A000213,Percent,units
2019,2019,New Brunswick,Both sexes,35 to 49 years,Suicidal thoughts (15 years and over),10.3,,,percent,e,v111449821,2019,2016A000213,Percent,units
2019,2019,New Brunswick,Both sexes,35 to 49 years,Suicidal thoughts (15 years and over),20.1,,,percent,e,v111449822,2019,2016A000213,Percent,units
2019,2019,New Brunswick,Females,35 to 49 years,Consultation with a health professional about emotional or mental health,,8600.0,,,,v111449846,2019,2016A000213,Number,units
2019,2019,New Brunswick,Females,35 to 49 years,Consultation with a health professional about emotional or mental health,,,20100.0,,,v111449847,2019,2016A000213,Number,units
2019,2019,New Brunswick,Females,35 to 49 years,Consultation with a health professional about emotional or mental health,20.0,,,percent,e,v111449848,2019,2016A000213,Percent,units
2019,2019,New Brunswick,Females,35 to 49 years,Consultation with a health professional about emotional or mental health,13.0,,,percent,e,v111449849,2019,2016A000213,Percent,units
2019,2019,New Brunswick,Females,35 to 49 years,Consultation with a health professional about emotional or mental health,29.4,,,percent,e,v111449850,2019,2016A000213,Percent,units
2019,2019,New Brunswick,Females,35 to 49 years,"Positive mental health, flourishing",,37200.0,,,,v111449853,2019,2016A000213,Number,units
2019,2019,New Brunswick,Females,35 to 49 years,"Positive mental health, flourishing",,,92500.0,,,v111449854,2019,2016A000213,Number,units
2019,2019,New Brunswick,Females,35 to 49 years,"Positive mental health, flourishing",76.5,,,percent,,v111449855,2019,2016A000213,Percent,units
2019,2019,New Brunswick,Females,35 to 49 years,"Positive mental health, flourishing",54.7,,,percent,,v111449856,2019,2016A000213,Percent,units
2019,2019,New Brunswick,Females,35 to 49 years,"Positive mental health, flourishing",89.7,,,percent,,v111449857,2019,2016A000213,Percent,units
2019,2019,New Brunswick,Females,35 to 49 years,Suicidal thoughts (15 years and over),,6300.0,,,,v111449860,2019,2016A000213,Number,units
2019,2019,New Brunswick,Females,35 to 49 years,Suicidal thoughts (15 years and over),,,15100.0,,,v111449861,2019,2016A000213,Number,units
2019,2019,New Brunswick,Females,35 to 49 years,Suicidal thoughts (15 years and over),15.0,,,percent,e,v111449862,2019,2016A000213,Percent,units
2019,2019,New Brunswick,Females,35 to 49 years,Suicidal thoughts (15 years and over),9.8,,,percent,e,v111449863,2019,2016A000213,Percent,units
2019,2019,New Brunswick,Females,35 to 49 years,Suicidal thoughts (15 years and over),22.4,,,percent,e,v111449864,2019,2016A000213,Percent,units
2019,2019,New Brunswick,Males,35 to 49 years,Consultation with a health professional about emotional or mental health,,3900.0,,,,v111449825,2019,2016A000213,Number,units
2019,2019,New Brunswick,Males,35 to 49 years,Consultation with a health professional about emotional or mental health,,,13400.0,,,v111449826,2019,2016A000213,Number,units
2019,2019,New Brunswick,Males,35 to 49 years,Consultation with a health professional about emotional or mental health,12.4,,,percent,e,v111449827,2019,2016A000213,Percent,units
2019,2019,New Brunswick,Males,35 to 49 years,Consultation with a health professional about emotional or mental health,6.9,,,percent,e,v111449828,2019,2016A000213,Percent,units
2019,2019,New Brunswick,Males,35 to 49 years,Consultation with a health professional about emotional or mental health,21.3,,,percent,e,v111449829,2019,2016A000213,Percent,units
2019,2019,New Brunswick,Males,35 to 49 years,"Positive mental health, flourishing",,22100.0,,,,v111449832,2019,2016A000213,Number,units
2019,2019,New Brunswick,Males,35 to 49 years,"Positive mental health, flourishing",,,65300.0,,,v111449833,2019,2016A000213,Number,units
2019,2019,New Brunswick,Males,35 to 49 years,"Positive mental health, flourishing",75.6,,,percent,e,v111449834,2019,2016A000213,Percent,units
2019,2019,New Brunswick,Males,35 to 49 years,"Positive mental health, flourishing",49.6,,,percent,e,v111449835,2019,2016A000213,Percent,units
2019,2019,New Brunswick,Males,35 to 49 years,"Positive mental health, flourishing",90.7,,,percent,e,v111449836,2019,2016A000213,Percent,units
2019,2019,New Brunswick,Males,35 to 49 years,Suicidal thoughts (15 years and over),,4200.0,,,,v111449839,2019,2016A000213,Number,units
2019,2019,New Brunswick,Males,35 to 49 years,Suicidal thoughts (15 years and over),,,14500.0,,,v111449840,2019,2016A000213,Number,units
2019,2019,New Brunswick,Males,35 to 49 years,Suicidal thoughts (15 years and over),14.1,,,percent,e,v111449841,2019,2016A000213,Percent,units
2019,2019,New Brunswick,Males,35 to 49 years,Suicidal thoughts (15 years and over),8.1,,,percent,e,v111449842,2019,2016A000213,Percent,units
2019,2019,New Brunswick,Males,35 to 49 years,Suicidal thoughts (15 years and over),23.1,,,percent,e,v111449843,2019,2016A000213,Percent,units
2019,2019,New Brunswick,Both sexes,50 to 64 years,Consultation with a health professional about emotional or mental health,,12400.0,,,,v111449867,2019,2016A000213,Number,units
2019,2019,New Brunswick,Both sexes,50 to 64 years,Consultation with a health professional about emotional or mental health,,,24200.0,,,v111449868,2019,2016A000213,Number,units
2019,2019,New Brunswick,Both sexes,50 to 64 years,Consultation with a health professional about emotional or mental health,10.8,,,percent,e,v111449869,2019,2016A000213,Percent,units
2019,2019,New Brunswick,Both sexes,50 to 64 years,Consultation with a health professional about emotional or mental health,7.8,,,percent,e,v111449870,2019,2016A000213,Percent,units
2019,2019,New Brunswick,Both sexes,50 to 64 years,Consultation with a health professional about emotional or mental health,14.7,,,percent,e,v111449871,2019,2016A000213,Percent,units
2019,2019,New Brunswick,Both sexes,50 to 64 years,"Positive mental health, flourishing",,102600.0,,,,v111449874,2019,2016A000213,Number,units
2019,2019,New Brunswick,Both sexes,50 to 64 years,"Positive mental health, flourishing",,,161100.0,,,v111449875,2019,2016A000213,Number,units
2019,2019,New Brunswick,Both sexes,50 to 64 years,"Positive mental health, flourishing",82.6,,,percent,,v111449876,2019,2016A000213,Percent,units
2019,2019,New Brunswick,Both sexes,50 to 64 years,"Positive mental health, flourishing",69.6,,,percent,,v111449877,2019,2016A000213,Percent,units
2019,2019,New Brunswick,Both sexes,50 to 64 years,"Positive mental health, flourishing",90.8,,,percent,,v111449878,2019,2016A000213,Percent,units
2019,2019,New Brunswick,Both sexes,50 to 64 years,Suicidal thoughts (15 years and over),,18300.0,,,,v111449881,2019,2016A000213,Number,units
2019,2019,New Brunswick,Both sexes,50 to 64 years,Suicidal thoughts (15 years and over),,,34200.0,,,v111449882,2019,2016A000213,Number,units
2019,2019,New Brunswick,Both sexes,50 to 64 years,Suicidal thoughts (15 years and over),15.7,,,percent,,v111449883,2019,2016A000213,Percent,units
2019,2019,New Brunswick,Both sexes,50 to 64 years,Suicidal thoughts (15 years and over),11.6,,,percent,,v111449884,2019,2016A000213,Percent,units
2019,2019,New Brunswick,Both sexes,50 to 64 years,Suicidal thoughts (15 years and over),20.9,,,percent,,v111449885,2019,2016A000213,Percent,units
2019,2019,New Brunswick,Females,50 to 64 years,Consultation with a health professional about emotional or mental health,,5100.0,,,,v111449909,2019,2016A000213,Number,units
2019,2019,New Brunswick,Females,50 to 64 years,Consultation with a health professional about emotional or mental health,,,11200.0,,,v111449910,2019,2016A000213,Number,units
2019,2019,New Brunswick,Females,50 to 64 years,Consultation with a health professional about emotional or mental health,9.0,,,percent,e,v111449911,2019,2016A000213,Percent,units
2019,2019,New Brunswick,Females,50 to 64 years,Consultation with a health professional about emotional or mental health,6.0,,,percent,e,v111449912,2019,2016A000213,Percent,units
2019,2019,New Brunswick,Females,50 to 64 years,Consultation with a health professional about emotional or mental health,13.2,,,percent,e,v111449913,2019,2016A000213,Percent,units
2019,2019,New Brunswick,Females,50 to 64 years,"Positive mental health, flourishing",,45500.0,,,,v111449916,2019,2016A000213,Number,units
2019,2019,New Brunswick,Females,50 to 64 years,"Positive mental health, flourishing",,,87000.0,,,v111449917,2019,2016A000213,Number,units
2019,2019,New Brunswick,Females,50 to 64 years,"Positive mental health, flourishing",79.5,,,percent,,v111449918,2019,2016A000213,Percent,units
2019,2019,New Brunswick,Females,50 to 64 years,"Positive mental health, flourishing",65.3,,,percent,,v111449919,2019,2016A000213,Percent,units
2019,2019,New Brunswick,Females,50 to 64 years,"Positive mental health, flourishing",88.9,,,percent,,v111449920,2019,2016A000213,Percent,units
2019,2019,New Brunswick,Females,50 to 64 years,Suicidal thoughts (15 years and over),,8700.0,,,,v111449923,2019,2016A000213,Number,units
2019,2019,New Brunswick,Females,50 to 64 years,Suicidal thoughts (15 years and over),,,21600.0,,,v111449924,2019,2016A000213,Number,units
2019,2019,New Brunswick,Females,50 to 64 years,Suicidal thoughts (15 years and over),17.2,,,percent,e,v111449925,2019,2016A000213,Percent,units
2019,2019,New Brunswick,Females,50 to 64 years,Suicidal thoughts (15 years and over),11.0,,,percent,e,v111449926,2019,2016A000213,Percent,units
2019,2019,New Brunswick,Females,50 to 64 years,Suicidal thoughts (15 years and over),25.9,,,percent,e,v111449927,2019,2016A000213,Percent,units
2019,2019,New Brunswick,Males,50 to 64 years,Consultation with a health professional about emotional or mental health,,5400.0,,,,v111449888,2019,2016A000213,Number,units
2019,2019,New Brunswick,Males,50 to 64 years,Consultation with a health professional about emotional or mental health,,,15200.0,,,v111449889,2019,2016A000213,Number,units
2019,2019,New Brunswick,Males,50 to 64 years,Consultation with a health professional about emotional or mental health,12.7,,,percent,e,v111449890,2019,2016A000213,Percent,units
2019,2019,New Brunswick,Males,50 to 64 years,Consultation with a health professional about emotional or mental health,7.8,,,percent,e,v111449891,2019,2016A000213,Percent,units
2019,2019,New Brunswick,Males,50 to 64 years,Consultation with a health professional about emotional or mental health,19.9,,,percent,e,v111449892,2019,2016A000213,Percent,units
2019,2019,New Brunswick,Males,50 to 64 years,"Positive mental health, flourishing",,41900.0,,,,v111449895,2019,2016A000213,Number,units
2019,2019,New Brunswick,Males,50 to 64 years,"Positive mental health, flourishing",,,88000.0,,,v111449896,2019,2016A000213,Number,units
2019,2019,New Brunswick,Males,50 to 64 years,"Positive mental health, flourishing",85.7,,,percent,,v111449897,2019,2016A000213,Percent,units
2019,2019,New Brunswick,Males,50 to 64 years,"Positive mental health, flourishing",60.7,,,percent,,v111449898,2019,2016A000213,Percent,units
2019,2019,New Brunswick,Males,50 to 64 years,"Positive mental health, flourishing",95.9,,,percent,,v111449899,2019,2016A000213,Percent,units
2019,2019,New Brunswick,Males,50 to 64 years,Suicidal thoughts (15 years and over),,7000.0,,,,v111449902,2019,2016A000213,Number,units
2019,2019,New Brunswick,Males,50 to 64 years,Suicidal thoughts (15 years and over),,,16100.0,,,v111449903,2019,2016A000213,Number,units
2019,2019,New Brunswick,Males,50 to 64 years,Suicidal thoughts (15 years and over),14.1,,,percent,e,v111449904,2019,2016A000213,Percent,units
2019,2019,New Brunswick,Males,50 to 64 years,Suicidal thoughts (15 years and over),9.4,,,percent,e,v111449905,2019,2016A000213,Percent,units
2019,2019,New Brunswick,Males,50 to 64 years,Suicidal thoughts (15 years and over),20.8,,,percent,e,v111449906,2019,2016A000213,Percent,units
2019,2019,New Brunswick,Both sexes,65 years and over,Consultation with a health professional about emotional or mental health,,7800.0,,,,v111449930,2019,2016A000213,Number,units
2019,2019,New Brunswick,Both sexes,65 years and over,Consultation with a health professional about emotional or mental health,,,11400.0,,,v111449931,2019,2016A000213,Number,units
2019,2019,New Brunswick,Both sexes,65 years and over,Consultation with a health professional about emotional or mental health,6.8,,,percent,,v111449932,2019,2016A000213,Percent,units
2019,2019,New Brunswick,Both sexes,65 years and over,Consultation with a health professional about emotional or mental health,5.6,,,percent,,v111449933,2019,2016A000213,Percent,units
2019,2019,New Brunswick,Both sexes,65 years and over,Consultation with a health professional about emotional or mental health,8.2,,,percent,,v111449934,2019,2016A000213,Percent,units
2019,2019,New Brunswick,Both sexes,65 years and over,"Positive mental health, flourishing",,85900.0,,,,v111449937,2019,2016A000213,Number,units
2019,2019,New Brunswick,Both sexes,65 years and over,"Positive mental health, flourishing",,,140600.0,,,v111449938,2019,2016A000213,Number,units
2019,2019,New Brunswick,Both sexes,65 years and over,"Positive mental health, flourishing",85.9,,,percent,,v111449939,2019,2016A000213,Percent,units
2019,2019,New Brunswick,Both sexes,65 years and over,"Positive mental health, flourishing",77.3,,,percent,,v111449940,2019,2016A000213,Percent,units
2019,2019,New Brunswick,Both sexes,65 years and over,"Positive mental health, flourishing",91.6,,,percent,,v111449941,2019,2016A000213,Percent,units
2019,2019,New Brunswick,Both sexes,65 years and over,Suicidal thoughts (15 years and over),,6500.0,,,,v111449944,2019,2016A000213,Number,units
2019,2019,New Brunswick,Both sexes,65 years and over,Suicidal thoughts (15 years and over),,,10000.0,,,v111449945,2019,2016A000213,Number,units
2019,2019,New Brunswick,Both sexes,65 years and over,Suicidal thoughts (15 years and over),5.8,,,percent,,v111449946,2019,2016A000213,Percent,units
2019,2019,New Brunswick,Both sexes,65 years and over,Suicidal thoughts (15 years and over),4.7,,,percent,,v111449947,2019,2016A000213,Percent,units
2019,2019,New Brunswick,Both sexes,65 years and over,Suicidal thoughts (15 years and over),7.1,,,percent,,v111449948,2019,2016A000213,Percent,units
2019,2019,New Brunswick,Females,65 years and over,Consultation with a health professional about emotional or mental health,,5500.0,,,,v111449972,2019,2016A000213,Number,units
2019,2019,New Brunswick,Females,65 years and over,Consultation with a health professional about emotional or mental health,,,8900.0,,,v111449973,2019,2016A000213,Number,units
2019,2019,New Brunswick,Females,65 years and over,Consultation with a health professional about emotional or mental health,9.2,,,percent,,v111449974,2019,2016A000213,Percent,units
2019,2019,New Brunswick,Females,65 years and over,Consultation with a health professional about emotional or mental health,7.3,,,percent,,v111449975,2019,2016A000213,Percent,units
2019,2019,New Brunswick,Females,65 years and over,Consultation with a health professional about emotional or mental health,11.5,,,percent,,v111449976,2019,2016A000213,Percent,units
2019,2019,New Brunswick,Females,65 years and over,"Positive mental health, flourishing",,42600.0,,,,v111449979,2019,2016A000213,Number,units
2019,2019,New Brunswick,Females,65 years and over,"Positive mental health, flourishing",,,77600.0,,,v111449980,2019,2016A000213,Number,units
2019,2019,New Brunswick,Females,65 years and over,"Positive mental health, flourishing",88.2,,,percent,,v111449981,2019,2016A000213,Percent,units
2019,2019,New Brunswick,Females,65 years and over,"Positive mental health, flourishing",79.3,,,percent,,v111449982,2019,2016A000213,Percent,units
2019,2019,New Brunswick,Females,65 years and over,"Positive mental health, flourishing",93.6,,,percent,,v111449983,2019,2016A000213,Percent,units
2019,2019,New Brunswick,Females,65 years and over,Suicidal thoughts (15 years and over),,3700.0,,,,v111449986,2019,2016A000213,Number,units
2019,2019,New Brunswick,Females,65 years and over,Suicidal thoughts (15 years and over),,,6200.0,,,v111449987,2019,2016A000213,Number,units
2019,2019,New Brunswick,Females,65 years and over,Suicidal thoughts (15 years and over),6.3,,,percent,,v111449988,2019,2016A000213,Percent,units
2019,2019,New Brunswick,Females,65 years and over,Suicidal thoughts (15 years and over),4.8,,,percent,,v111449989,2019,2016A000213,Percent,units
2019,2019,New Brunswick,Females,65 years and over,Suicidal thoughts (15 years and over),8.1,,,percent,,v111449990,2019,2016A000213,Percent,units
2019,2019,New Brunswick,Males,65 years and over,Consultation with a health professional about emotional or mental health,,1600.0,,,,v111449951,2019,2016A000213,Number,units
2019,2019,New Brunswick,Males,65 years and over,Consultation with a health professional about emotional or mental health,,,3400.0,,,v111449952,2019,2016A000213,Number,units
2019,2019,New Brunswick,Males,65 years and over,Consultation with a health professional about emotional or mental health,3.9,,,percent,e,v111449953,2019,2016A000213,Percent,units
2019,2019,New Brunswick,Males,65 years and over,Consultation with a health professional about emotional or mental health,2.7,,,percent,e,v111449954,2019,2016A000213,Percent,units
2019,2019,New Brunswick,Males,65 years and over,Consultation with a health professional about emotional or mental health,5.5,,,percent,e,v111449955,2019,2016A000213,Percent,units
2019,2019,New Brunswick,Males,65 years and over,"Positive mental health, flourishing",,37300.0,,,,v111449958,2019,2016A000213,Number,units
2019,2019,New Brunswick,Males,65 years and over,"Positive mental health, flourishing",,,74400.0,,,v111449959,2019,2016A000213,Number,units
2019,2019,New Brunswick,Males,65 years and over,"Positive mental health, flourishing",83.5,,,percent,,v111449960,2019,2016A000213,Percent,units
2019,2019,New Brunswick,Males,65 years and over,"Positive mental health, flourishing",69.1,,,percent,,v111449961,2019,2016A000213,Percent,units
2019,2019,New Brunswick,Males,65 years and over,"Positive mental health, flourishing",91.9,,,percent,,v111449962,2019,2016A000213,Percent,units
2019,2019,New Brunswick,Males,65 years and over,Suicidal thoughts (15 years and over),,2300.0,,,,v111449965,2019,2016A000213,Number,units
2019,2019,New Brunswick,Males,65 years and over,Suicidal thoughts (15 years and over),,,4500.0,,,v111449966,2019,2016A000213,Number,units
2019,2019,New Brunswick,Males,65 years and over,Suicidal thoughts (15 years and over),5.2,,,percent,e,v111449967,2019,2016A000213,Percent,units
2019,2019,New Brunswick,Males,65 years and over,Suicidal thoughts (15 years and over),3.8,,,percent,e,v111449968,2019,2016A000213,Percent,units
2019,2019,New Brunswick,Males,65 years and over,Suicidal thoughts (15 years and over),7.2,,,percent,e,v111449969,2019,2016A000213,Percent,units
2019,2019,New Brunswick,Both sexes,"Total, 12 years and over",Consultation with a health professional about emotional or mental health,,83400.0,,,,v111449615,2019,2016A000213,Number,units
2019,2019,New Brunswick,Both sexes,"Total, 12 years and over",Consultation with a health professional about emotional or mental health,,,110500.0,,,v111449616,2019,2016A000213,Number,units
2019,2019,New Brunswick,Both sexes,"Total, 12 years and over",Consultation with a health professional about emotional or mental health,15.6,,,percent,,v111449617,2019,2016A000213,Percent,units
2019,2019,New Brunswick,Both sexes,"Total, 12 years and over",Consultation with a health professional about emotional or mental health,13.6,,,percent,,v111449618,2019,2016A000213,Percent,units
2019,2019,New Brunswick,Both sexes,"Total, 12 years and over",Consultation with a health professional about emotional or mental health,17.9,,,percent,,v111449619,2019,2016A000213,Percent,units
2019,2019,New Brunswick,Both sexes,"Total, 12 years and over","Positive mental health, flourishing",,457600.0,,,,v111449622,2019,2016A000213,Number,units
2019,2019,New Brunswick,Both sexes,"Total, 12 years and over","Positive mental health, flourishing",,,616900.0,,,v111449623,2019,2016A000213,Number,units
2019,2019,New Brunswick,Both sexes,"Total, 12 years and over","Positive mental health, flourishing",82.2,,,percent,,v111449624,2019,2016A000213,Percent,units
2019,2019,New Brunswick,Both sexes,"Total, 12 years and over","Positive mental health, flourishing",77.4,,,percent,,v111449625,2019,2016A000213,Percent,units
2019,2019,New Brunswick,Both sexes,"Total, 12 years and over","Positive mental health, flourishing",86.2,,,percent,,v111449626,2019,2016A000213,Percent,units
2019,2019,New Brunswick,Both sexes,"Total, 12 years and over",Suicidal thoughts (15 years and over),,73800.0,,,,v111449629,2019,2016A000213,Number,units
2019,2019,New Brunswick,Both sexes,"Total, 12 years and over",Suicidal thoughts (15 years and over),,,101200.0,,,v111449630,2019,2016A000213,Number,units
2019,2019,New Brunswick,Both sexes,"Total, 12 years and over",Suicidal thoughts (15 years and over),14.6,,,percent,,v111449631,2019,2016A000213,Percent,units
2019,2019,New Brunswick,Both sexes,"Total, 12 years and over",Suicidal thoughts (15 years and over),12.5,,,percent,,v111449632,2019,2016A000213,Percent,units
2019,2019,New Brunswick,Both sexes,"Total, 12 years and over",Suicidal thoughts (15 years and over),17.0,,,percent,,v111449633,2019,2016A000213,Percent,units
2019,2019,New Brunswick,Females,"Total, 12 years and over",Consultation with a health professional about emotional or mental health,,48000.0,,,,v111449657,2019,2016A000213,Number,units
2019,2019,New Brunswick,Females,"Total, 12 years and over",Consultation with a health professional about emotional or mental health,,,67000.0,,,v111449658,2019,2016A000213,Number,units
2019,2019,New Brunswick,Females,"Total, 12 years and over",Consultation with a health professional about emotional or mental health,17.7,,,percent,,v111449659,2019,2016A000213,Percent,units
2019,2019,New Brunswick,Females,"Total, 12 years and over",Consultation with a health professional about emotional or mental health,15.0,,,percent,,v111449660,2019,2016A000213,Percent,units
2019,2019,New Brunswick,Females,"Total, 12 years and over",Consultation with a health professional about emotional or mental health,20.8,,,percent,,v111449661,2019,2016A000213,Percent,units
2019,2019,New Brunswick,Females,"Total, 12 years and over","Positive mental health, flourishing",,211600.0,,,,v111449664,2019,2016A000213,Number,units
2019,2019,New Brunswick,Females,"Total, 12 years and over","Positive mental health, flourishing",,,321000.0,,,v111449665,2019,2016A000213,Number,units
2019,2019,New Brunswick,Females,"Total, 12 years and over","Positive mental health, flourishing",80.2,,,percent,,v111449666,2019,2016A000213,Percent,units
2019,2019,New Brunswick,Females,"Total, 12 years and over","Positive mental health, flourishing",72.4,,,percent,,v111449667,2019,2016A000213,Percent,units
2019,2019,New Brunswick,Females,"Total, 12 years and over","Positive mental health, flourishing",86.2,,,percent,,v111449668,2019,2016A000213,Percent,units
2019,2019,New Brunswick,Females,"Total, 12 years and over",Suicidal thoughts (15 years and over),,37100.0,,,,v111449671,2019,2016A000213,Number,units
2019,2019,New Brunswick,Females,"Total, 12 years and over",Suicidal thoughts (15 years and over),,,58800.0,,,v111449672,2019,2016A000213,Number,units
2019,2019,New Brunswick,Females,"Total, 12 years and over",Suicidal thoughts (15 years and over),15.3,,,percent,,v111449673,2019,2016A000213,Percent,units
2019,2019,New Brunswick,Females,"Total, 12 years and over",Suicidal thoughts (15 years and over),12.1,,,percent,,v111449674,2019,2016A000213,Percent,units
2019,2019,New Brunswick,Females,"Total, 12 years and over",Suicidal thoughts (15 years and over),19.2,,,percent,,v111449675,2019,2016A000213,Percent,units
2019,2019,New Brunswick,Males,"Total, 12 years and over",Consultation with a health professional about emotional or mental health,,30400.0,,,,v111449636,2019,2016A000213,Number,units
2019,2019,New Brunswick,Males,"Total, 12 years and over",Consultation with a health professional about emotional or mental health,,,49800.0,,,v111449637,2019,2016A000213,Number,units
2019,2019,New Brunswick,Males,"Total, 12 years and over",Consultation with a health professional about emotional or mental health,13.3,,,percent,,v111449638,2019,2016A000213,Percent,units
2019,2019,New Brunswick,Males,"Total, 12 years and over",Consultation with a health professional about emotional or mental health,10.4,,,percent,,v111449639,2019,2016A000213,Percent,units
2019,2019,New Brunswick,Males,"Total, 12 years and over",Consultation with a health professional about emotional or mental health,16.9,,,percent,,v111449640,2019,2016A000213,Percent,units
2019,2019,New Brunswick,Males,"Total, 12 years and over","Positive mental health, flourishing",,222900.0,,,,v111449643,2019,2016A000213,Number,units
2019,2019,New Brunswick,Males,"Total, 12 years and over","Positive mental health, flourishing",,,316800.0,,,v111449644,2019,2016A000213,Number,units
2019,2019,New Brunswick,Males,"Total, 12 years and over","Positive mental health, flourishing",84.3,,,percent,,v111449645,2019,2016A000213,Percent,units
2019,2019,New Brunswick,Males,"Total, 12 years and over","Positive mental health, flourishing",76.3,,,percent,,v111449646,2019,2016A000213,Percent,units
2019,2019,New Brunswick,Males,"Total, 12 years and over","Positive mental health, flourishing",89.9,,,percent,,v111449647,2019,2016A000213,Percent,units
2019,2019,New Brunswick,Males,"Total, 12 years and over",Suicidal thoughts (15 years and over),,31100.0,,,,v111449650,2019,2016A000213,Number,units
2019,2019,New Brunswick,Males,"Total, 12 years and over",Suicidal thoughts (15 years and over),,,49900.0,,,v111449651,2019,2016A000213,Number,units
2019,2019,New Brunswick,Males,"Total, 12 years and over",Suicidal thoughts (15 years and over),13.9,,,percent,,v111449652,2019,2016A000213,Percent,units
2019,2019,New Brunswick,Males,"Total, 12 years and over",Suicidal thoughts (15 years and over),11.0,,,percent,,v111449653,2019,2016A000213,Percent,units
2019,2019,New Brunswick,Males,"Total, 12 years and over",Suicidal thoughts (15 years and over),17.4,,,percent,,v111449654,2019,2016A000213,Percent,units
2019,2019,Newfoundland and Labrador,Both sexes,12 to 17 years,Consultation with a health professional about emotional or mental health,,2800.0,,,,v111448544,2019,2016A000210,Number,units
2019,2019,Newfoundland and Labrador,Both sexes,12 to 17 years,Consultation with a health professional about emotional or mental health,,,7600.0,,,v111448545,2019,2016A000210,Number,units
2019,2019,Newfoundland and Labrador,Both sexes,12 to 17 years,Consultation with a health professional about emotional or mental health,18.1,,,percent,e,v111448546,2019,2016A000210,Percent,units
2019,2019,Newfoundland and Labrador,Both sexes,12 to 17 years,Consultation with a health professional about emotional or mental health,11.0,,,percent,e,v111448547,2019,2016A000210,Percent,units
2019,2019,Newfoundland and Labrador,Both sexes,12 to 17 years,Consultation with a health professional about emotional or mental health,28.3,,,percent,e,v111448548,2019,2016A000210,Percent,units
2019,2019,Newfoundland and Labrador,Both sexes,12 to 17 years,"Positive mental health, flourishing",,18600.0,,,,v111448551,2019,2016A000210,Number,units
2019,2019,Newfoundland and Labrador,Both sexes,12 to 17 years,"Positive mental health, flourishing",,,34900.0,,,v111448552,2019,2016A000210,Number,units
2019,2019,Newfoundland and Labrador,Both sexes,12 to 17 years,"Positive mental health, flourishing",83.0,,,percent,,v111448553,2019,2016A000210,Percent,units
2019,2019,Newfoundland and Labrador,Both sexes,12 to 17 years,"Positive mental health, flourishing",61.1,,,percent,,v111448554,2019,2016A000210,Percent,units
2019,2019,Newfoundland and Labrador,Both sexes,12 to 17 years,"Positive mental health, flourishing",93.8,,,percent,,v111448555,2019,2016A000210,Percent,units
2019,2019,Newfoundland and Labrador,Females,12 to 17 years,Consultation with a health professional about emotional or mental health,,1400.0,,,,v111448586,2019,2016A000210,Number,units
2019,2019,Newfoundland and Labrador,Females,12 to 17 years,Consultation with a health professional about emotional or mental health,,,5600.0,,,v111448587,2019,2016A000210,Number,units
2019,2019,Newfoundland and Labrador,Females,12 to 17 years,Consultation with a health professional about emotional or mental health,26.0,,,percent,e,v111448588,2019,2016A000210,Percent,units
2019,2019,Newfoundland and Labrador,Females,12 to 17 years,Consultation with a health professional about emotional or mental health,14.2,,,percent,e,v111448589,2019,2016A000210,Percent,units
2019,2019,Newfoundland and Labrador,Females,12 to 17 years,Consultation with a health professional about emotional or mental health,42.6,,,percent,e,v111448590,2019,2016A000210,Percent,units
2019,2019,Newfoundland and Labrador,Males,12 to 17 years,"Positive mental health, flourishing",,13100.0,,,,v111448572,2019,2016A000210,Number,units
2019,2019,Newfoundland and Labrador,Males,12 to 17 years,"Positive mental health, flourishing",,,26800.0,,,v111448573,2019,2016A000210,Number,units
2019,2019,Newfoundland and Labrador,Both sexes,18 to 34 years,Consultation with a health professional about emotional or mental health,,14300.0,,,,v111448607,2019,2016A000210,Number,units
2019,2019,Newfoundland and Labrador,Both sexes,18 to 34 years,Consultation with a health professional about emotional or mental health,,,27100.0,,,v111448608,2019,2016A000210,Number,units
2019,2019,Newfoundland and Labrador,Both sexes,18 to 34 years,Consultation with a health professional about emotional or mental health,21.2,,,percent,e,v111448609,2019,2016A000210,Percent,units
2019,2019,Newfoundland and Labrador,Both sexes,18 to 34 years,Consultation with a health professional about emotional or mental health,15.1,,,percent,e,v111448610,2019,2016A000210,Percent,units
2019,2019,Newfoundland and Labrador,Both sexes,18 to 34 years,Consultation with a health professional about emotional or mental health,28.8,,,percent,e,v111448611,2019,2016A000210,Percent,units
2019,2019,Newfoundland and Labrador,Both sexes,18 to 34 years,"Positive mental health, flourishing",,40100.0,,,,v111448614,2019,2016A000210,Number,units
2019,2019,Newfoundland and Labrador,Both sexes,18 to 34 years,"Positive mental health, flourishing",,,95000.0,,,v111448615,2019,2016A000210,Number,units
2019,2019,Newfoundland and Labrador,Both sexes,18 to 34 years,"Positive mental health, flourishing",87.1,,,percent,,v111448616,2019,2016A000210,Percent,units
2019,2019,Newfoundland and Labrador,Both sexes,18 to 34 years,"Positive mental health, flourishing",68.3,,,percent,,v111448617,2019,2016A000210,Percent,units
2019,2019,Newfoundland and Labrador,Both sexes,18 to 34 years,"Positive mental health, flourishing",95.5,,,percent,,v111448618,2019,2016A000210,Percent,units
2019,2019,Newfoundland and Labrador,Both sexes,18 to 34 years,Suicidal thoughts (15 years and over),,12300.0,,,,v111448621,2019,2016A000210,Number,units
2019,2019,Newfoundland and Labrador,Both sexes,18 to 34 years,Suicidal thoughts (15 years and over),,,26000.0,,,v111448622,2019,2016A000210,Number,units
2019,2019,Newfoundland and Labrador,Both sexes,18 to 34 years,Suicidal thoughts (15 years and over),20.7,,,percent,e,v111448623,2019,2016A000210,Percent,units
2019,2019,Newfoundland and Labrador,Both sexes,18 to 34 years,Suicidal thoughts (15 years and over),14.2,,,percent,e,v111448624,2019,2016A000210,Percent,units
2019,2019,Newfoundland and Labrador,Both sexes,18 to 34 years,Suicidal thoughts (15 years and over),29.2,,,percent,e,v111448625,2019,2016A000210,Percent,units
2019,2019,Newfoundland and Labrador,Females,18 to 34 years,Consultation with a health professional about emotional or mental health,,7100.0,,,,v111448649,2019,2016A000210,Number,units
2019,2019,Newfoundland and Labrador,Females,18 to 34 years,Consultation with a health professional about emotional or mental health,,,17200.0,,,v111448650,2019,2016A000210,Number,units
2019,2019,Newfoundland and Labrador,Females,18 to 34 years,Consultation with a health professional about emotional or mental health,24.9,,,percent,e,v111448651,2019,2016A000210,Percent,units
2019,2019,Newfoundland and Labrador,Females,18 to 34 years,Consultation with a health professional about emotional or mental health,15.5,,,percent,e,v111448652,2019,2016A000210,Percent,units
2019,2019,Newfoundland and Labrador,Females,18 to 34 years,Consultation with a health professional about emotional or mental health,37.5,,,percent,e,v111448653,2019,2016A000210,Percent,units
2019,2019,Newfoundland and Labrador,Females,18 to 34 years,"Positive mental health, flourishing",,13700.0,,,,v111448656,2019,2016A000210,Number,units
2019,2019,Newfoundland and Labrador,Females,18 to 34 years,"Positive mental health, flourishing",,,46500.0,,,v111448657,2019,2016A000210,Number,units
2019,2019,Newfoundland and Labrador,Females,18 to 34 years,"Positive mental health, flourishing",93.0,,,percent,,v111448658,2019,2016A000210,Percent,units
2019,2019,Newfoundland and Labrador,Females,18 to 34 years,"Positive mental health, flourishing",75.7,,,percent,,v111448659,2019,2016A000210,Percent,units
2019,2019,Newfoundland and Labrador,Females,18 to 34 years,"Positive mental health, flourishing",98.3,,,percent,,v111448660,2019,2016A000210,Percent,units
2019,2019,Newfoundland and Labrador,Males,18 to 34 years,Consultation with a health professional about emotional or mental health,,4600.0,,,,v111448628,2019,2016A000210,Number,units
2019,2019,Newfoundland and Labrador,Males,18 to 34 years,Consultation with a health professional about emotional or mental health,,,13100.0,,,v111448629,2019,2016A000210,Number,units
2019,2019,Newfoundland and Labrador,Males,18 to 34 years,Consultation with a health professional about emotional or mental health,17.4,,,percent,e,v111448630,2019,2016A000210,Percent,units
2019,2019,Newfoundland and Labrador,Males,18 to 34 years,Consultation with a health professional about emotional or mental health,10.0,,,percent,e,v111448631,2019,2016A000210,Percent,units
2019,2019,Newfoundland and Labrador,Males,18 to 34 years,Consultation with a health professional about emotional or mental health,28.7,,,percent,e,v111448632,2019,2016A000210,Percent,units
2019,2019,Newfoundland and Labrador,Males,18 to 34 years,"Positive mental health, flourishing",,17200.0,,,,v111448635,2019,2016A000210,Number,units
2019,2019,Newfoundland and Labrador,Males,18 to 34 years,"Positive mental health, flourishing",,,58600.0,,,v111448636,2019,2016A000210,Number,units
2019,2019,Newfoundland and Labrador,Males,18 to 34 years,"Positive mental health, flourishing",82.9,,,percent,,v111448637,2019,2016A000210,Percent,units
2019,2019,Newfoundland and Labrador,Males,18 to 34 years,"Positive mental health, flourishing",58.3,,,percent,,v111448638,2019,2016A000210,Percent,units
2019,2019,Newfoundland and Labrador,Males,18 to 34 years,"Positive mental health, flourishing",94.4,,,percent,,v111448639,2019,2016A000210,Percent,units
2019,2019,Newfoundland and Labrador,Males,18 to 34 years,Suicidal thoughts (15 years and over),,9000.0,,,,v111448642,2019,2016A000210,Number,units
2019,2019,Newfoundland and Labrador,Males,18 to 34 years,Suicidal thoughts (15 years and over),,,20400.0,,,v111448643,2019,2016A000210,Number,units
2019,2019,Newfoundland and Labrador,Males,18 to 34 years,Suicidal thoughts (15 years and over),32.6,,,percent,e,v111448644,2019,2016A000210,Percent,units
2019,2019,Newfoundland and Labrador,Males,18 to 34 years,Suicidal thoughts (15 years and over),21.6,,,percent,e,v111448645,2019,2016A000210,Percent,units
2019,2019,Newfoundland and Labrador,Males,18 to 34 years,Suicidal thoughts (15 years and over),45.9,,,percent,e,v111448646,2019,2016A000210,Percent,units
2019,2019,Newfoundland and Labrador,Both sexes,35 to 49 years,Consultation with a health professional about emotional or mental health,,12500.0,,,,v111448670,2019,2016A000210,Number,units
2019,2019,Newfoundland and Labrador,Both sexes,35 to 49 years,Consultation with a health professional about emotional or mental health,,,25600.0,,,v111448671,2019,2016A000210,Number,units
2019,2019,Newfoundland and Labrador,Both sexes,35 to 49 years,Consultation with a health professional about emotional or mental health,19.2,,,percent,e,v111448672,2019,2016A000210,Percent,units
2019,2019,Newfoundland and Labrador,Both sexes,35 to 49 years,Consultation with a health professional about emotional or mental health,13.4,,,percent,e,v111448673,2019,2016A000210,Percent,units
2019,2019,Newfoundland and Labrador,Both sexes,35 to 49 years,Consultation with a health professional about emotional or mental health,26.7,,,percent,e,v111448674,2019,2016A000210,Percent,units
2019,2019,Newfoundland and Labrador,Both sexes,35 to 49 years,"Positive mental health, flourishing",,49900.0,,,,v111448677,2019,2016A000210,Number,units
2019,2019,Newfoundland and Labrador,Both sexes,35 to 49 years,"Positive mental health, flourishing",,,133800.0,,,v111448678,2019,2016A000210,Number,units
2019,2019,Newfoundland and Labrador,Both sexes,35 to 49 years,"Positive mental health, flourishing",89.5,,,percent,,v111448679,2019,2016A000210,Percent,units
2019,2019,Newfoundland and Labrador,Both sexes,35 to 49 years,"Positive mental health, flourishing",75.6,,,percent,,v111448680,2019,2016A000210,Percent,units
2019,2019,Newfoundland and Labrador,Both sexes,35 to 49 years,"Positive mental health, flourishing",95.9,,,percent,,v111448681,2019,2016A000210,Percent,units
2019,2019,Newfoundland and Labrador,Both sexes,35 to 49 years,Suicidal thoughts (15 years and over),,7000.0,,,,v111448684,2019,2016A000210,Number,units
2019,2019,Newfoundland and Labrador,Both sexes,35 to 49 years,Suicidal thoughts (15 years and over),,,17100.0,,,v111448685,2019,2016A000210,Number,units
2019,2019,Newfoundland and Labrador,Both sexes,35 to 49 years,Suicidal thoughts (15 years and over),12.5,,,percent,e,v111448686,2019,2016A000210,Percent,units
2019,2019,Newfoundland and Labrador,Both sexes,35 to 49 years,Suicidal thoughts (15 years and over),8.1,,,percent,e,v111448687,2019,2016A000210,Percent,units
2019,2019,Newfoundland and Labrador,Both sexes,35 to 49 years,Suicidal thoughts (15 years and over),18.8,,,percent,e,v111448688,2019,2016A000210,Percent,units
2019,2019,Newfoundland and Labrador,Females,35 to 49 years,Consultation with a health professional about emotional or mental health,,7500.0,,,,v111448712,2019,2016A000210,Number,units
2019,2019,Newfoundland and Labrador,Females,35 to 49 years,Consultation with a health professional about emotional or mental health,,,18100.0,,,v111448713,2019,2016A000210,Number,units
2019,2019,Newfoundland and Labrador,Females,35 to 49 years,Consultation with a health professional about emotional or mental health,25.3,,,percent,e,v111448714,2019,2016A000210,Percent,units
2019,2019,Newfoundland and Labrador,Females,35 to 49 years,Consultation with a health professional about emotional or mental health,16.3,,,percent,e,v111448715,2019,2016A000210,Percent,units
2019,2019,Newfoundland and Labrador,Females,35 to 49 years,Consultation with a health professional about emotional or mental health,37.1,,,percent,e,v111448716,2019,2016A000210,Percent,units
2019,2019,Newfoundland and Labrador,Females,35 to 49 years,"Positive mental health, flourishing",,18300.0,,,,v111448719,2019,2016A000210,Number,units
2019,2019,Newfoundland and Labrador,Females,35 to 49 years,"Positive mental health, flourishing",,,59300.0,,,v111448720,2019,2016A000210,Number,units
2019,2019,Newfoundland and Labrador,Females,35 to 49 years,"Positive mental health, flourishing",82.0,,,percent,,v111448721,2019,2016A000210,Percent,units
2019,2019,Newfoundland and Labrador,Females,35 to 49 years,"Positive mental health, flourishing",60.6,,,percent,,v111448722,2019,2016A000210,Percent,units
2019,2019,Newfoundland and Labrador,Females,35 to 49 years,"Positive mental health, flourishing",93.1,,,percent,,v111448723,2019,2016A000210,Percent,units
2019,2019,Newfoundland and Labrador,Females,35 to 49 years,Suicidal thoughts (15 years and over),,3000.0,,,,v111448726,2019,2016A000210,Number,units
2019,2019,Newfoundland and Labrador,Females,35 to 49 years,Suicidal thoughts (15 years and over),,,12400.0,,,v111448727,2019,2016A000210,Number,units
2019,2019,Newfoundland and Labrador,Females,35 to 49 years,Suicidal thoughts (15 years and over),15.4,,,percent,e,v111448728,2019,2016A000210,Percent,units
2019,2019,Newfoundland and Labrador,Females,35 to 49 years,Suicidal thoughts (15 years and over),8.2,,,percent,e,v111448729,2019,2016A000210,Percent,units
2019,2019,Newfoundland and Labrador,Females,35 to 49 years,Suicidal thoughts (15 years and over),27.0,,,percent,e,v111448730,2019,2016A000210,Percent,units
2019,2019,Newfoundland and Labrador,Males,35 to 49 years,Consultation with a health professional about emotional or mental health,,3100.0,,,,v111448691,2019,2016A000210,Number,units
2019,2019,Newfoundland and Labrador,Males,35 to 49 years,Consultation with a health professional about emotional or mental health,,,9800.0,,,v111448692,2019,2016A000210,Number,units
2019,2019,Newfoundland and Labrador,Males,35 to 49 years,Consultation with a health professional about emotional or mental health,12.4,,,percent,e,v111448693,2019,2016A000210,Percent,units
2019,2019,Newfoundland and Labrador,Males,35 to 49 years,Consultation with a health professional about emotional or mental health,6.9,,,percent,e,v111448694,2019,2016A000210,Percent,units
2019,2019,Newfoundland and Labrador,Males,35 to 49 years,Consultation with a health professional about emotional or mental health,21.3,,,percent,e,v111448695,2019,2016A000210,Percent,units
2019,2019,Newfoundland and Labrador,Males,35 to 49 years,"Positive mental health, flourishing",,22300.0,,,,v111448698,2019,2016A000210,Number,units
2019,2019,Newfoundland and Labrador,Males,35 to 49 years,"Positive mental health, flourishing",,,87400.0,,,v111448699,2019,2016A000210,Number,units
2019,2019,Newfoundland and Labrador,Males,35 to 49 years,"Positive mental health, flourishing",94.6,,,percent,,v111448700,2019,2016A000210,Percent,units
2019,2019,Newfoundland and Labrador,Males,35 to 49 years,"Positive mental health, flourishing",77.2,,,percent,,v111448701,2019,2016A000210,Percent,units
2019,2019,Newfoundland and Labrador,Males,35 to 49 years,"Positive mental health, flourishing",98.9,,,percent,,v111448702,2019,2016A000210,Percent,units
2019,2019,Newfoundland and Labrador,Males,35 to 49 years,Suicidal thoughts (15 years and over),,2300.0,,,,v111448705,2019,2016A000210,Number,units
2019,2019,Newfoundland and Labrador,Males,35 to 49 years,Suicidal thoughts (15 years and over),,,7000.0,,,v111448706,2019,2016A000210,Number,units
2019,2019,Newfoundland and Labrador,Males,35 to 49 years,Suicidal thoughts (15 years and over),9.3,,,percent,e,v111448707,2019,2016A000210,Percent,units
2019,2019,Newfoundland and Labrador,Males,35 to 49 years,Suicidal thoughts (15 years and over),5.4,,,percent,e,v111448708,2019,2016A000210,Percent,units
2019,2019,Newfoundland and Labrador,Males,35 to 49 years,Suicidal thoughts (15 years and over),15.7,,,percent,e,v111448709,2019,2016A000210,Percent,units
2019,2019,Newfoundland and Labrador,Both sexes,50 to 64 years,Consultation with a health professional about emotional or mental health,,11700.0,,,,v111448733,2019,2016A000210,Number,units
2019,2019,Newfoundland and Labrador,Both sexes,50 to 64 years,Consultation with a health professional about emotional or mental health,,,23400.0,,,v111448734,2019,2016A000210,Number,units
2019,2019,Newfoundland and Labrador,Both sexes,50 to 64 years,Consultation with a health professional about emotional or mental health,14.1,,,percent,e,v111448735,2019,2016A000210,Percent,units
2019,2019,Newfoundland and Labrador,Both sexes,50 to 64 years,Consultation with a health professional about emotional or mental health,9.9,,,percent,e,v111448736,2019,2016A000210,Percent,units
2019,2019,Newfoundland and Labrador,Both sexes,50 to 64 years,Consultation with a health professional about emotional or mental health,19.7,,,percent,e,v111448737,2019,2016A000210,Percent,units
2019,2019,Newfoundland and Labrador,Both sexes,50 to 64 years,"Positive mental health, flourishing",,64900.0,,,,v111448740,2019,2016A000210,Number,units
2019,2019,Newfoundland and Labrador,Both sexes,50 to 64 years,"Positive mental health, flourishing",,,131700.0,,,v111448741,2019,2016A000210,Number,units
2019,2019,Newfoundland and Labrador,Both sexes,50 to 64 years,"Positive mental health, flourishing",84.6,,,percent,,v111448742,2019,2016A000210,Percent,units
2019,2019,Newfoundland and Labrador,Both sexes,50 to 64 years,"Positive mental health, flourishing",73.4,,,percent,,v111448743,2019,2016A000210,Percent,units
2019,2019,Newfoundland and Labrador,Both sexes,50 to 64 years,"Positive mental health, flourishing",91.6,,,percent,,v111448744,2019,2016A000210,Percent,units
2019,2019,Newfoundland and Labrador,Both sexes,50 to 64 years,Suicidal thoughts (15 years and over),,6000.0,,,,v111448747,2019,2016A000210,Number,units
2019,2019,Newfoundland and Labrador,Both sexes,50 to 64 years,Suicidal thoughts (15 years and over),,,15400.0,,,v111448748,2019,2016A000210,Number,units
2019,2019,Newfoundland and Labrador,Both sexes,50 to 64 years,Suicidal thoughts (15 years and over),8.7,,,percent,e,v111448749,2019,2016A000210,Percent,units
2019,2019,Newfoundland and Labrador,Both sexes,50 to 64 years,Suicidal thoughts (15 years and over),5.7,,,percent,e,v111448750,2019,2016A000210,Percent,units
2019,2019,Newfoundland and Labrador,Both sexes,50 to 64 years,Suicidal thoughts (15 years and over),12.9,,,percent,e,v111448751,2019,2016A000210,Percent,units
2019,2019,Newfoundland and Labrador,Females,50 to 64 years,Consultation with a health professional about emotional or mental health,,7500.0,,,,v111448775,2019,2016A000210,Number,units
2019,2019,Newfoundland and Labrador,Females,50 to 64 years,Consultation with a health professional about emotional or mental health,,,16300.0,,,v111448776,2019,2016A000210,Number,units
2019,2019,Newfoundland and Labrador,Females,50 to 64 years,Consultation with a health professional about emotional or mental health,18.2,,,percent,e,v111448777,2019,2016A000210,Percent,units
2019,2019,Newfoundland and Labrador,Females,50 to 64 years,Consultation with a health professional about emotional or mental health,12.0,,,percent,e,v111448778,2019,2016A000210,Percent,units
2019,2019,Newfoundland and Labrador,Females,50 to 64 years,Consultation with a health professional about emotional or mental health,26.5,,,percent,e,v111448779,2019,2016A000210,Percent,units
2019,2019,Newfoundland and Labrador,Females,50 to 64 years,"Positive mental health, flourishing",,26400.0,,,,v111448782,2019,2016A000210,Number,units
2019,2019,Newfoundland and Labrador,Females,50 to 64 years,"Positive mental health, flourishing",,,79100.0,,,v111448783,2019,2016A000210,Number,units
2019,2019,Newfoundland and Labrador,Females,50 to 64 years,"Positive mental health, flourishing",86.1,,,percent,,v111448784,2019,2016A000210,Percent,units
2019,2019,Newfoundland and Labrador,Females,50 to 64 years,"Positive mental health, flourishing",67.8,,,percent,,v111448785,2019,2016A000210,Percent,units
2019,2019,Newfoundland and Labrador,Females,50 to 64 years,"Positive mental health, flourishing",94.8,,,percent,,v111448786,2019,2016A000210,Percent,units
2019,2019,Newfoundland and Labrador,Females,50 to 64 years,Suicidal thoughts (15 years and over),,2700.0,,,,v111448789,2019,2016A000210,Number,units
2019,2019,Newfoundland and Labrador,Females,50 to 64 years,Suicidal thoughts (15 years and over),,,9200.0,,,v111448790,2019,2016A000210,Number,units
2019,2019,Newfoundland and Labrador,Females,50 to 64 years,Suicidal thoughts (15 years and over),9.3,,,percent,e,v111448791,2019,2016A000210,Percent,units
2019,2019,Newfoundland and Labrador,Females,50 to 64 years,Suicidal thoughts (15 years and over),5.1,,,percent,e,v111448792,2019,2016A000210,Percent,units
2019,2019,Newfoundland and Labrador,Females,50 to 64 years,Suicidal thoughts (15 years and over),16.2,,,percent,e,v111448793,2019,2016A000210,Percent,units
2019,2019,Newfoundland and Labrador,Males,50 to 64 years,Consultation with a health professional about emotional or mental health,,3000.0,,,,v111448754,2019,2016A000210,Number,units
2019,2019,Newfoundland and Labrador,Males,50 to 64 years,Consultation with a health professional about emotional or mental health,,,9300.0,,,v111448755,2019,2016A000210,Number,units
2019,2019,Newfoundland and Labrador,Males,50 to 64 years,Consultation with a health professional about emotional or mental health,9.9,,,percent,e,v111448756,2019,2016A000210,Percent,units
2019,2019,Newfoundland and Labrador,Males,50 to 64 years,Consultation with a health professional about emotional or mental health,5.7,,,percent,e,v111448757,2019,2016A000210,Percent,units
2019,2019,Newfoundland and Labrador,Males,50 to 64 years,Consultation with a health professional about emotional or mental health,16.6,,,percent,e,v111448758,2019,2016A000210,Percent,units
2019,2019,Newfoundland and Labrador,Males,50 to 64 years,"Positive mental health, flourishing",,27900.0,,,,v111448761,2019,2016A000210,Number,units
2019,2019,Newfoundland and Labrador,Males,50 to 64 years,"Positive mental health, flourishing",,,66600.0,,,v111448762,2019,2016A000210,Number,units
2019,2019,Newfoundland and Labrador,Males,50 to 64 years,"Positive mental health, flourishing",82.8,,,percent,,v111448763,2019,2016A000210,Percent,units
2019,2019,Newfoundland and Labrador,Males,50 to 64 years,"Positive mental health, flourishing",66.4,,,percent,,v111448764,2019,2016A000210,Percent,units
2019,2019,Newfoundland and Labrador,Males,50 to 64 years,"Positive mental health, flourishing",92.2,,,percent,,v111448765,2019,2016A000210,Percent,units
2019,2019,Newfoundland and Labrador,Males,50 to 64 years,Suicidal thoughts (15 years and over),,1900.0,,,,v111448768,2019,2016A000210,Number,units
2019,2019,Newfoundland and Labrador,Males,50 to 64 years,Suicidal thoughts (15 years and over),,,8000.0,,,v111448769,2019,2016A000210,Number,units
2019,2019,Newfoundland and Labrador,Males,50 to 64 years,Suicidal thoughts (15 years and over),8.1,,,percent,e,v111448770,2019,2016A000210,Percent,units
2019,2019,Newfoundland and Labrador,Males,50 to 64 years,Suicidal thoughts (15 years and over),4.2,,,percent,e,v111448771,2019,2016A000210,Percent,units
2019,2019,Newfoundland and Labrador,Males,50 to 64 years,Suicidal thoughts (15 years and over),14.8,,,percent,e,v111448772,2019,2016A000210,Percent,units
2019,2019,Newfoundland and Labrador,Both sexes,65 years and over,Consultation with a health professional about emotional or mental health,,3800.0,,,,v111448796,2019,2016A000210,Number,units
2019,2019,Newfoundland and Labrador,Both sexes,65 years and over,Consultation with a health professional about emotional or mental health,,,6600.0,,,v111448797,2019,2016A000210,Number,units
2019,2019,Newfoundland and Labrador,Both sexes,65 years and over,Consultation with a health professional about emotional or mental health,5.2,,,percent,,v111448798,2019,2016A000210,Percent,units
2019,2019,Newfoundland and Labrador,Both sexes,65 years and over,Consultation with a health professional about emotional or mental health,3.9,,,percent,,v111448799,2019,2016A000210,Percent,units
2019,2019,Newfoundland and Labrador,Both sexes,65 years and over,Consultation with a health professional about emotional or mental health,6.8,,,percent,,v111448800,2019,2016A000210,Percent,units
2019,2019,Newfoundland and Labrador,Both sexes,65 years and over,"Positive mental health, flourishing",,59400.0,,,,v111448803,2019,2016A000210,Number,units
2019,2019,Newfoundland and Labrador,Both sexes,65 years and over,"Positive mental health, flourishing",,,106900.0,,,v111448804,2019,2016A000210,Number,units
2019,2019,Newfoundland and Labrador,Both sexes,65 years and over,"Positive mental health, flourishing",86.1,,,percent,,v111448805,2019,2016A000210,Percent,units
2019,2019,Newfoundland and Labrador,Both sexes,65 years and over,"Positive mental health, flourishing",74.1,,,percent,,v111448806,2019,2016A000210,Percent,units
2019,2019,Newfoundland and Labrador,Both sexes,65 years and over,"Positive mental health, flourishing",93.1,,,percent,,v111448807,2019,2016A000210,Percent,units
2019,2019,Newfoundland and Labrador,Both sexes,65 years and over,Suicidal thoughts (15 years and over),,2000.0,,,,v111448810,2019,2016A000210,Number,units
2019,2019,Newfoundland and Labrador,Both sexes,65 years and over,Suicidal thoughts (15 years and over),,,4400.0,,,v111448811,2019,2016A000210,Number,units
2019,2019,Newfoundland and Labrador,Both sexes,65 years and over,Suicidal thoughts (15 years and over),3.3,,,percent,e,v111448812,2019,2016A000210,Percent,units
2019,2019,Newfoundland and Labrador,Both sexes,65 years and over,Suicidal thoughts (15 years and over),2.3,,,percent,e,v111448813,2019,2016A000210,Percent,units
2019,2019,Newfoundland and Labrador,Both sexes,65 years and over,Suicidal thoughts (15 years and over),4.7,,,percent,e,v111448814,2019,2016A000210,Percent,units
2019,2019,Newfoundland and Labrador,Females,65 years and over,Consultation with a health professional about emotional or mental health,,2500.0,,,,v111448838,2019,2016A000210,Number,units
2019,2019,Newfoundland and Labrador,Females,65 years and over,Consultation with a health professional about emotional or mental health,,,4700.0,,,v111448839,2019,2016A000210,Number,units
2019,2019,Newfoundland and Labrador,Females,65 years and over,Consultation with a health professional about emotional or mental health,6.5,,,percent,e,v111448840,2019,2016A000210,Percent,units
2019,2019,Newfoundland and Labrador,Females,65 years and over,Consultation with a health professional about emotional or mental health,4.8,,,percent,e,v111448841,2019,2016A000210,Percent,units
2019,2019,Newfoundland and Labrador,Females,65 years and over,Consultation with a health professional about emotional or mental health,8.8,,,percent,e,v111448842,2019,2016A000210,Percent,units
2019,2019,Newfoundland and Labrador,Females,65 years and over,"Positive mental health, flourishing",,31600.0,,,,v111448845,2019,2016A000210,Number,units
2019,2019,Newfoundland and Labrador,Females,65 years and over,"Positive mental health, flourishing",,,62100.0,,,v111448846,2019,2016A000210,Number,units
2019,2019,Newfoundland and Labrador,Females,65 years and over,"Positive mental health, flourishing",81.8,,,percent,,v111448847,2019,2016A000210,Percent,units
2019,2019,Newfoundland and Labrador,Females,65 years and over,"Positive mental health, flourishing",65.8,,,percent,,v111448848,2019,2016A000210,Percent,units
2019,2019,Newfoundland and Labrador,Females,65 years and over,"Positive mental health, flourishing",91.3,,,percent,,v111448849,2019,2016A000210,Percent,units
2019,2019,Newfoundland and Labrador,Females,65 years and over,Suicidal thoughts (15 years and over),,700.0,,,,v111448852,2019,2016A000210,Number,units
2019,2019,Newfoundland and Labrador,Females,65 years and over,Suicidal thoughts (15 years and over),,,2200.0,,,v111448853,2019,2016A000210,Number,units
2019,2019,Newfoundland and Labrador,Females,65 years and over,Suicidal thoughts (15 years and over),2.7,,,percent,e,v111448854,2019,2016A000210,Percent,units
2019,2019,Newfoundland and Labrador,Females,65 years and over,Suicidal thoughts (15 years and over),1.6,,,percent,e,v111448855,2019,2016A000210,Percent,units
2019,2019,Newfoundland and Labrador,Females,65 years and over,Suicidal thoughts (15 years and over),4.5,,,percent,e,v111448856,2019,2016A000210,Percent,units
2019,2019,Newfoundland and Labrador,Males,65 years and over,Consultation with a health professional about emotional or mental health,,800.0,,,,v111448817,2019,2016A000210,Number,units
2019,2019,Newfoundland and Labrador,Males,65 years and over,Consultation with a health professional about emotional or mental health,,,2400.0,,,v111448818,2019,2016A000210,Number,units
2019,2019,Newfoundland and Labrador,Males,65 years and over,Consultation with a health professional about emotional or mental health,3.5,,,percent,e,v111448819,2019,2016A000210,Percent,units
2019,2019,Newfoundland and Labrador,Males,65 years and over,Consultation with a health professional about emotional or mental health,2.1,,,percent,e,v111448820,2019,2016A000210,Percent,units
2019,2019,Newfoundland and Labrador,Males,65 years and over,Consultation with a health professional about emotional or mental health,5.8,,,percent,e,v111448821,2019,2016A000210,Percent,units
2019,2019,Newfoundland and Labrador,Males,65 years and over,"Positive mental health, flourishing",,21100.0,,,,v111448824,2019,2016A000210,Number,units
2019,2019,Newfoundland and Labrador,Males,65 years and over,"Positive mental health, flourishing",,,54100.0,,,v111448825,2019,2016A000210,Number,units
2019,2019,Newfoundland and Labrador,Males,65 years and over,"Positive mental health, flourishing",92.1,,,percent,,v111448826,2019,2016A000210,Percent,units
2019,2019,Newfoundland and Labrador,Males,65 years and over,"Positive mental health, flourishing",75.1,,,percent,,v111448827,2019,2016A000210,Percent,units
2019,2019,Newfoundland and Labrador,Males,65 years and over,"Positive mental health, flourishing",97.8,,,percent,,v111448828,2019,2016A000210,Percent,units
2019,2019,Newfoundland and Labrador,Males,65 years and over,Suicidal thoughts (15 years and over),,1000.0,,,,v111448831,2019,2016A000210,Number,units
2019,2019,Newfoundland and Labrador,Males,65 years and over,Suicidal thoughts (15 years and over),,,2800.0,,,v111448832,2019,2016A000210,Number,units
2019,2019,Newfoundland and Labrador,Males,65 years and over,Suicidal thoughts (15 years and over),4.0,,,percent,e,v111448833,2019,2016A000210,Percent,units
2019,2019,Newfoundland and Labrador,Males,65 years and over,Suicidal thoughts (15 years and over),2.4,,,percent,e,v111448834,2019,2016A000210,Percent,units
2019,2019,Newfoundland and Labrador,Males,65 years and over,Suicidal thoughts (15 years and over),6.6,,,percent,e,v111448835,2019,2016A000210,Percent,units
2019,2019,Newfoundland and Labrador,Both sexes,"Total, 12 years and over",Consultation with a health professional about emotional or mental health,,55900.0,,,,v111448481,2019,2016A000210,Number,units
2019,2019,Newfoundland and Labrador,Both sexes,"Total, 12 years and over",Consultation with a health professional about emotional or mental health,,,78600.0,,,v111448482,2019,2016A000210,Number,units
2019,2019,Newfoundland and Labrador,Both sexes,"Total, 12 years and over",Consultation with a health professional about emotional or mental health,15.0,,,percent,,v111448483,2019,2016A000210,Percent,units
2019,2019,Newfoundland and Labrador,Both sexes,"Total, 12 years and over",Consultation with a health professional about emotional or mental health,12.5,,,percent,,v111448484,2019,2016A000210,Percent,units
2019,2019,Newfoundland and Labrador,Both sexes,"Total, 12 years and over",Consultation with a health professional about emotional or mental health,17.8,,,percent,,v111448485,2019,2016A000210,Percent,units
2019,2019,Newfoundland and Labrador,Both sexes,"Total, 12 years and over","Positive mental health, flourishing",,283200.0,,,,v111448488,2019,2016A000210,Number,units
2019,2019,Newfoundland and Labrador,Both sexes,"Total, 12 years and over","Positive mental health, flourishing",,,448700.0,,,v111448489,2019,2016A000210,Number,units
2019,2019,Newfoundland and Labrador,Both sexes,"Total, 12 years and over","Positive mental health, flourishing",86.5,,,percent,,v111448490,2019,2016A000210,Percent,units
2019,2019,Newfoundland and Labrador,Both sexes,"Total, 12 years and over","Positive mental health, flourishing",81.9,,,percent,,v111448491,2019,2016A000210,Percent,units
2019,2019,Newfoundland and Labrador,Both sexes,"Total, 12 years and over","Positive mental health, flourishing",90.0,,,percent,,v111448492,2019,2016A000210,Percent,units
2019,2019,Newfoundland and Labrador,Both sexes,"Total, 12 years and over",Suicidal thoughts (15 years and over),,37200.0,,,,v111448495,2019,2016A000210,Number,units
2019,2019,Newfoundland and Labrador,Both sexes,"Total, 12 years and over",Suicidal thoughts (15 years and over),,,56800.0,,,v111448496,2019,2016A000210,Number,units
2019,2019,Newfoundland and Labrador,Both sexes,"Total, 12 years and over",Suicidal thoughts (15 years and over),11.1,,,percent,,v111448497,2019,2016A000210,Percent,units
2019,2019,Newfoundland and Labrador,Both sexes,"Total, 12 years and over",Suicidal thoughts (15 years and over),8.9,,,percent,,v111448498,2019,2016A000210,Percent,units
2019,2019,Newfoundland and Labrador,Both sexes,"Total, 12 years and over",Suicidal thoughts (15 years and over),13.6,,,percent,,v111448499,2019,2016A000210,Percent,units
2019,2019,Newfoundland and Labrador,Females,"Total, 12 years and over",Consultation with a health professional about emotional or mental health,,33600.0,,,,v111448523,2019,2016A000210,Number,units
2019,2019,Newfoundland and Labrador,Females,"Total, 12 years and over",Consultation with a health professional about emotional or mental health,,,52900.0,,,v111448524,2019,2016A000210,Number,units
2019,2019,Newfoundland and Labrador,Females,"Total, 12 years and over",Consultation with a health professional about emotional or mental health,18.8,,,percent,,v111448525,2019,2016A000210,Percent,units
2019,2019,Newfoundland and Labrador,Females,"Total, 12 years and over",Consultation with a health professional about emotional or mental health,15.0,,,percent,,v111448526,2019,2016A000210,Percent,units
2019,2019,Newfoundland and Labrador,Females,"Total, 12 years and over",Consultation with a health professional about emotional or mental health,23.4,,,percent,,v111448527,2019,2016A000210,Percent,units
2019,2019,Newfoundland and Labrador,Females,"Total, 12 years and over","Positive mental health, flourishing",,129600.0,,,,v111448530,2019,2016A000210,Number,units
2019,2019,Newfoundland and Labrador,Females,"Total, 12 years and over","Positive mental health, flourishing",,,218800.0,,,v111448531,2019,2016A000210,Number,units
2019,2019,Newfoundland and Labrador,Females,"Total, 12 years and over","Positive mental health, flourishing",85.2,,,percent,,v111448532,2019,2016A000210,Percent,units
2019,2019,Newfoundland and Labrador,Females,"Total, 12 years and over","Positive mental health, flourishing",79.6,,,percent,,v111448533,2019,2016A000210,Percent,units
2019,2019,Newfoundland and Labrador,Females,"Total, 12 years and over","Positive mental health, flourishing",89.5,,,percent,,v111448534,2019,2016A000210,Percent,units
2019,2019,Newfoundland and Labrador,Females,"Total, 12 years and over",Suicidal thoughts (15 years and over),,13500.0,,,,v111448537,2019,2016A000210,Number,units
2019,2019,Newfoundland and Labrador,Females,"Total, 12 years and over",Suicidal thoughts (15 years and over),,,26100.0,,,v111448538,2019,2016A000210,Number,units
2019,2019,Newfoundland and Labrador,Females,"Total, 12 years and over",Suicidal thoughts (15 years and over),9.0,,,percent,e,v111448539,2019,2016A000210,Percent,units
2019,2019,Newfoundland and Labrador,Females,"Total, 12 years and over",Suicidal thoughts (15 years and over),6.4,,,percent,e,v111448540,2019,2016A000210,Percent,units
2019,2019,Newfoundland and Labrador,Females,"Total, 12 years and over",Suicidal thoughts (15 years and over),12.5,,,percent,e,v111448541,2019,2016A000210,Percent,units
2019,2019,Newfoundland and Labrador,Males,"Total, 12 years and over",Consultation with a health professional about emotional or mental health,,17800.0,,,,v111448502,2019,2016A000210,Number,units
2019,2019,Newfoundland and Labrador,Males,"Total, 12 years and over",Consultation with a health professional about emotional or mental health,,,30200.0,,,v111448503,2019,2016A000210,Number,units
2019,2019,Newfoundland and Labrador,Males,"Total, 12 years and over",Consultation with a health professional about emotional or mental health,10.8,,,percent,,v111448504,2019,2016A000210,Percent,units
2019,2019,Newfoundland and Labrador,Males,"Total, 12 years and over",Consultation with a health professional about emotional or mental health,8.0,,,percent,,v111448505,2019,2016A000210,Percent,units
2019,2019,Newfoundland and Labrador,Males,"Total, 12 years and over",Consultation with a health professional about emotional or mental health,14.3,,,percent,,v111448506,2019,2016A000210,Percent,units
2019,2019,Newfoundland and Labrador,Males,"Total, 12 years and over","Positive mental health, flourishing",,139000.0,,,,v111448509,2019,2016A000210,Number,units
2019,2019,Newfoundland and Labrador,Males,"Total, 12 years and over","Positive mental health, flourishing",,,246900.0,,,v111448510,2019,2016A000210,Number,units
2019,2019,Newfoundland and Labrador,Males,"Total, 12 years and over","Positive mental health, flourishing",87.6,,,percent,,v111448511,2019,2016A000210,Percent,units
2019,2019,Newfoundland and Labrador,Males,"Total, 12 years and over","Positive mental health, flourishing",80.1,,,percent,,v111448512,2019,2016A000210,Percent,units
2019,2019,Newfoundland and Labrador,Males,"Total, 12 years and over","Positive mental health, flourishing",92.6,,,percent,,v111448513,2019,2016A000210,Percent,units
2019,2019,Newfoundland and Labrador,Males,"Total, 12 years and over",Suicidal thoughts (15 years and over),,19500.0,,,,v111448516,2019,2016A000210,Number,units
2019,2019,Newfoundland and Labrador,Males,"Total, 12 years and over",Suicidal thoughts (15 years and over),,,34500.0,,,v111448517,2019,2016A000210,Number,units
2019,2019,Newfoundland and Labrador,Males,"Total, 12 years and over",Suicidal thoughts (15 years and over),13.3,,,percent,,v111448518,2019,2016A000210,Percent,units
2019,2019,Newfoundland and Labrador,Males,"Total, 12 years and over",Suicidal thoughts (15 years and over),10.2,,,percent,,v111448519,2019,2016A000210,Percent,units
2019,2019,Newfoundland and Labrador,Males,"Total, 12 years and over",Suicidal thoughts (15 years and over),17.2,,,percent,,v111448520,2019,2016A000210,Percent,units
2019,2019,Nova Scotia,Both sexes,12 to 17 years,Consultation with a health professional about emotional or mental health,,4900.0,,,,v111449300,2019,2016A000212,Number,units
2019,2019,Nova Scotia,Both sexes,12 to 17 years,Consultation with a health professional about emotional or mental health,,,12200.0,,,v111449301,2019,2016A000212,Number,units
2019,2019,Nova Scotia,Both sexes,12 to 17 years,Consultation with a health professional about emotional or mental health,17.3,,,percent,e,v111449302,2019,2016A000212,Percent,units
2019,2019,Nova Scotia,Both sexes,12 to 17 years,Consultation with a health professional about emotional or mental health,11.3,,,percent,e,v111449303,2019,2016A000212,Percent,units
2019,2019,Nova Scotia,Both sexes,12 to 17 years,Consultation with a health professional about emotional or mental health,25.6,,,percent,e,v111449304,2019,2016A000212,Percent,units
2019,2019,Nova Scotia,Both sexes,12 to 17 years,"Positive mental health, flourishing",,28300.0,,,,v111449307,2019,2016A000212,Number,units
2019,2019,Nova Scotia,Both sexes,12 to 17 years,"Positive mental health, flourishing",,,46600.0,,,v111449308,2019,2016A000212,Number,units
2019,2019,Nova Scotia,Both sexes,12 to 17 years,"Positive mental health, flourishing",91.8,,,percent,,v111449309,2019,2016A000212,Percent,units
2019,2019,Nova Scotia,Both sexes,12 to 17 years,"Positive mental health, flourishing",76.9,,,percent,,v111449310,2019,2016A000212,Percent,units
2019,2019,Nova Scotia,Both sexes,12 to 17 years,"Positive mental health, flourishing",97.4,,,percent,,v111449311,2019,2016A000212,Percent,units
2019,2019,Nova Scotia,Females,12 to 17 years,Consultation with a health professional about emotional or mental health,,2200.0,,,,v111449342,2019,2016A000212,Number,units
2019,2019,Nova Scotia,Females,12 to 17 years,Consultation with a health professional about emotional or mental health,,,7100.0,,,v111449343,2019,2016A000212,Number,units
2019,2019,Nova Scotia,Females,12 to 17 years,Consultation with a health professional about emotional or mental health,19.1,,,percent,e,v111449344,2019,2016A000212,Percent,units
2019,2019,Nova Scotia,Females,12 to 17 years,Consultation with a health professional about emotional or mental health,11.1,,,percent,e,v111449345,2019,2016A000212,Percent,units
2019,2019,Nova Scotia,Females,12 to 17 years,Consultation with a health professional about emotional or mental health,30.8,,,percent,e,v111449346,2019,2016A000212,Percent,units
2019,2019,Nova Scotia,Females,12 to 17 years,"Positive mental health, flourishing",,8400.0,,,,v111449349,2019,2016A000212,Number,units
2019,2019,Nova Scotia,Females,12 to 17 years,"Positive mental health, flourishing",,,24600.0,,,v111449350,2019,2016A000212,Number,units
2019,2019,Nova Scotia,Males,12 to 17 years,"Positive mental health, flourishing",,13800.0,,,,v111449328,2019,2016A000212,Number,units
2019,2019,Nova Scotia,Males,12 to 17 years,"Positive mental health, flourishing",,,28200.0,,,v111449329,2019,2016A000212,Number,units
2019,2019,Nova Scotia,Both sexes,18 to 34 years,Consultation with a health professional about emotional or mental health,,45500.0,,,,v111449363,2019,2016A000212,Number,units
2019,2019,Nova Scotia,Both sexes,18 to 34 years,Consultation with a health professional about emotional or mental health,,,67600.0,,,v111449364,2019,2016A000212,Number,units
2019,2019,Nova Scotia,Both sexes,18 to 34 years,Consultation with a health professional about emotional or mental health,28.8,,,percent,,v111449365,2019,2016A000212,Percent,units
2019,2019,Nova Scotia,Both sexes,18 to 34 years,Consultation with a health professional about emotional or mental health,23.6,,,percent,,v111449366,2019,2016A000212,Percent,units
2019,2019,Nova Scotia,Both sexes,18 to 34 years,Consultation with a health professional about emotional or mental health,34.8,,,percent,,v111449367,2019,2016A000212,Percent,units
2019,2019,Nova Scotia,Both sexes,18 to 34 years,"Positive mental health, flourishing",,101000.0,,,,v111449370,2019,2016A000212,Number,units
2019,2019,Nova Scotia,Both sexes,18 to 34 years,"Positive mental health, flourishing",,,170800.0,,,v111449371,2019,2016A000212,Number,units
2019,2019,Nova Scotia,Both sexes,18 to 34 years,"Positive mental health, flourishing",78.1,,,percent,,v111449372,2019,2016A000212,Percent,units
2019,2019,Nova Scotia,Both sexes,18 to 34 years,"Positive mental health, flourishing",66.7,,,percent,,v111449373,2019,2016A000212,Percent,units
2019,2019,Nova Scotia,Both sexes,18 to 34 years,"Positive mental health, flourishing",86.4,,,percent,,v111449374,2019,2016A000212,Percent,units
2019,2019,Nova Scotia,Both sexes,18 to 34 years,Suicidal thoughts (15 years and over),,26700.0,,,,v111449377,2019,2016A000212,Number,units
2019,2019,Nova Scotia,Both sexes,18 to 34 years,Suicidal thoughts (15 years and over),,,48500.0,,,v111449378,2019,2016A000212,Number,units
2019,2019,Nova Scotia,Both sexes,18 to 34 years,Suicidal thoughts (15 years and over),18.9,,,percent,,v111449379,2019,2016A000212,Percent,units
2019,2019,Nova Scotia,Both sexes,18 to 34 years,Suicidal thoughts (15 years and over),14.0,,,percent,,v111449380,2019,2016A000212,Percent,units
2019,2019,Nova Scotia,Both sexes,18 to 34 years,Suicidal thoughts (15 years and over),25.0,,,percent,,v111449381,2019,2016A000212,Percent,units
2019,2019,Nova Scotia,Females,18 to 34 years,Consultation with a health professional about emotional or mental health,,32500.0,,,,v111449405,2019,2016A000212,Number,units
2019,2019,Nova Scotia,Females,18 to 34 years,Consultation with a health professional about emotional or mental health,,,49600.0,,,v111449406,2019,2016A000212,Number,units
2019,2019,Nova Scotia,Females,18 to 34 years,Consultation with a health professional about emotional or mental health,41.0,,,percent,,v111449407,2019,2016A000212,Percent,units
2019,2019,Nova Scotia,Females,18 to 34 years,Consultation with a health professional about emotional or mental health,32.8,,,percent,,v111449408,2019,2016A000212,Percent,units
2019,2019,Nova Scotia,Females,18 to 34 years,Consultation with a health professional about emotional or mental health,49.6,,,percent,,v111449409,2019,2016A000212,Percent,units
2019,2019,Nova Scotia,Females,18 to 34 years,"Positive mental health, flourishing",,58400.0,,,,v111449412,2019,2016A000212,Number,units
2019,2019,Nova Scotia,Females,18 to 34 years,"Positive mental health, flourishing",,,103600.0,,,v111449413,2019,2016A000212,Number,units
2019,2019,Nova Scotia,Females,18 to 34 years,"Positive mental health, flourishing",78.3,,,percent,,v111449414,2019,2016A000212,Percent,units
2019,2019,Nova Scotia,Females,18 to 34 years,"Positive mental health, flourishing",64.6,,,percent,,v111449415,2019,2016A000212,Percent,units
2019,2019,Nova Scotia,Females,18 to 34 years,"Positive mental health, flourishing",87.7,,,percent,,v111449416,2019,2016A000212,Percent,units
2019,2019,Nova Scotia,Females,18 to 34 years,Suicidal thoughts (15 years and over),,15500.0,,,,v111449419,2019,2016A000212,Number,units
2019,2019,Nova Scotia,Females,18 to 34 years,Suicidal thoughts (15 years and over),,,30200.0,,,v111449420,2019,2016A000212,Number,units
2019,2019,Nova Scotia,Females,18 to 34 years,Suicidal thoughts (15 years and over),22.5,,,percent,e,v111449421,2019,2016A000212,Percent,units
2019,2019,Nova Scotia,Females,18 to 34 years,Suicidal thoughts (15 years and over),15.9,,,percent,e,v111449422,2019,2016A000212,Percent,units
2019,2019,Nova Scotia,Females,18 to 34 years,Suicidal thoughts (15 years and over),30.9,,,percent,e,v111449423,2019,2016A000212,Percent,units
2019,2019,Nova Scotia,Males,18 to 34 years,Consultation with a health professional about emotional or mental health,,8300.0,,,,v111449384,2019,2016A000212,Number,units
2019,2019,Nova Scotia,Males,18 to 34 years,Consultation with a health professional about emotional or mental health,,,22300.0,,,v111449385,2019,2016A000212,Number,units
2019,2019,Nova Scotia,Males,18 to 34 years,Consultation with a health professional about emotional or mental health,16.1,,,percent,e,v111449386,2019,2016A000212,Percent,units
2019,2019,Nova Scotia,Males,18 to 34 years,Consultation with a health professional about emotional or mental health,10.1,,,percent,e,v111449387,2019,2016A000212,Percent,units
2019,2019,Nova Scotia,Males,18 to 34 years,Consultation with a health professional about emotional or mental health,24.7,,,percent,e,v111449388,2019,2016A000212,Percent,units
2019,2019,Nova Scotia,Males,18 to 34 years,"Positive mental health, flourishing",,33800.0,,,,v111449391,2019,2016A000212,Number,units
2019,2019,Nova Scotia,Males,18 to 34 years,"Positive mental health, flourishing",,,77600.0,,,v111449392,2019,2016A000212,Number,units
2019,2019,Nova Scotia,Males,18 to 34 years,"Positive mental health, flourishing",77.8,,,percent,,v111449393,2019,2016A000212,Percent,units
2019,2019,Nova Scotia,Males,18 to 34 years,"Positive mental health, flourishing",56.9,,,percent,,v111449394,2019,2016A000212,Percent,units
2019,2019,Nova Scotia,Males,18 to 34 years,"Positive mental health, flourishing",90.3,,,percent,,v111449395,2019,2016A000212,Percent,units
2019,2019,Nova Scotia,Males,18 to 34 years,Suicidal thoughts (15 years and over),,7200.0,,,,v111449398,2019,2016A000212,Number,units
2019,2019,Nova Scotia,Males,18 to 34 years,Suicidal thoughts (15 years and over),,,22400.0,,,v111449399,2019,2016A000212,Number,units
2019,2019,Nova Scotia,Males,18 to 34 years,Suicidal thoughts (15 years and over),15.2,,,percent,e,v111449400,2019,2016A000212,Percent,units
2019,2019,Nova Scotia,Males,18 to 34 years,Suicidal thoughts (15 years and over),8.9,,,percent,e,v111449401,2019,2016A000212,Percent,units
2019,2019,Nova Scotia,Males,18 to 34 years,Suicidal thoughts (15 years and over),24.8,,,percent,e,v111449402,2019,2016A000212,Percent,units
2019,2019,Nova Scotia,Both sexes,35 to 49 years,Consultation with a health professional about emotional or mental health,,30700.0,,,,v111449426,2019,2016A000212,Number,units
2019,2019,Nova Scotia,Both sexes,35 to 49 years,Consultation with a health professional about emotional or mental health,,,48200.0,,,v111449427,2019,2016A000212,Number,units
2019,2019,Nova Scotia,Both sexes,35 to 49 years,Consultation with a health professional about emotional or mental health,22.7,,,percent,,v111449428,2019,2016A000212,Percent,units
2019,2019,Nova Scotia,Both sexes,35 to 49 years,Consultation with a health professional about emotional or mental health,17.7,,,percent,,v111449429,2019,2016A000212,Percent,units
2019,2019,Nova Scotia,Both sexes,35 to 49 years,Consultation with a health professional about emotional or mental health,28.5,,,percent,,v111449430,2019,2016A000212,Percent,units
2019,2019,Nova Scotia,Both sexes,35 to 49 years,"Positive mental health, flourishing",,74100.0,,,,v111449433,2019,2016A000212,Number,units
2019,2019,Nova Scotia,Both sexes,35 to 49 years,"Positive mental health, flourishing",,,149400.0,,,v111449434,2019,2016A000212,Number,units
2019,2019,Nova Scotia,Both sexes,35 to 49 years,"Positive mental health, flourishing",66.6,,,percent,,v111449435,2019,2016A000212,Percent,units
2019,2019,Nova Scotia,Both sexes,35 to 49 years,"Positive mental health, flourishing",50.1,,,percent,,v111449436,2019,2016A000212,Percent,units
2019,2019,Nova Scotia,Both sexes,35 to 49 years,"Positive mental health, flourishing",79.8,,,percent,,v111449437,2019,2016A000212,Percent,units
2019,2019,Nova Scotia,Both sexes,35 to 49 years,Suicidal thoughts (15 years and over),,21700.0,,,,v111449440,2019,2016A000212,Number,units
2019,2019,Nova Scotia,Both sexes,35 to 49 years,Suicidal thoughts (15 years and over),,,38200.0,,,v111449441,2019,2016A000212,Number,units
2019,2019,Nova Scotia,Both sexes,35 to 49 years,Suicidal thoughts (15 years and over),17.2,,,percent,,v111449442,2019,2016A000212,Percent,units
2019,2019,Nova Scotia,Both sexes,35 to 49 years,Suicidal thoughts (15 years and over),12.9,,,percent,,v111449443,2019,2016A000212,Percent,units
2019,2019,Nova Scotia,Both sexes,35 to 49 years,Suicidal thoughts (15 years and over),22.5,,,percent,,v111449444,2019,2016A000212,Percent,units
2019,2019,Nova Scotia,Females,35 to 49 years,Consultation with a health professional about emotional or mental health,,21300.0,,,,v111449468,2019,2016A000212,Number,units
2019,2019,Nova Scotia,Females,35 to 49 years,Consultation with a health professional about emotional or mental health,,,35700.0,,,v111449469,2019,2016A000212,Number,units
2019,2019,Nova Scotia,Females,35 to 49 years,Consultation with a health professional about emotional or mental health,31.3,,,percent,,v111449470,2019,2016A000212,Percent,units
2019,2019,Nova Scotia,Females,35 to 49 years,Consultation with a health professional about emotional or mental health,23.6,,,percent,,v111449471,2019,2016A000212,Percent,units
2019,2019,Nova Scotia,Females,35 to 49 years,Consultation with a health professional about emotional or mental health,40.1,,,percent,,v111449472,2019,2016A000212,Percent,units
2019,2019,Nova Scotia,Females,35 to 49 years,"Positive mental health, flourishing",,32100.0,,,,v111449475,2019,2016A000212,Number,units
2019,2019,Nova Scotia,Females,35 to 49 years,"Positive mental health, flourishing",,,90900.0,,,v111449476,2019,2016A000212,Number,units
2019,2019,Nova Scotia,Females,35 to 49 years,"Positive mental health, flourishing",74.8,,,percent,e,v111449477,2019,2016A000212,Percent,units
2019,2019,Nova Scotia,Females,35 to 49 years,"Positive mental health, flourishing",49.0,,,percent,e,v111449478,2019,2016A000212,Percent,units
2019,2019,Nova Scotia,Females,35 to 49 years,"Positive mental health, flourishing",90.2,,,percent,e,v111449479,2019,2016A000212,Percent,units
2019,2019,Nova Scotia,Females,35 to 49 years,Suicidal thoughts (15 years and over),,11900.0,,,,v111449482,2019,2016A000212,Number,units
2019,2019,Nova Scotia,Females,35 to 49 years,Suicidal thoughts (15 years and over),,,23800.0,,,v111449483,2019,2016A000212,Number,units
2019,2019,Nova Scotia,Females,35 to 49 years,Suicidal thoughts (15 years and over),19.9,,,percent,e,v111449484,2019,2016A000212,Percent,units
2019,2019,Nova Scotia,Females,35 to 49 years,Suicidal thoughts (15 years and over),13.9,,,percent,e,v111449485,2019,2016A000212,Percent,units
2019,2019,Nova Scotia,Females,35 to 49 years,Suicidal thoughts (15 years and over),27.6,,,percent,e,v111449486,2019,2016A000212,Percent,units
2019,2019,Nova Scotia,Males,35 to 49 years,Consultation with a health professional about emotional or mental health,,6000.0,,,,v111449447,2019,2016A000212,Number,units
2019,2019,Nova Scotia,Males,35 to 49 years,Consultation with a health professional about emotional or mental health,,,16500.0,,,v111449448,2019,2016A000212,Number,units
2019,2019,Nova Scotia,Males,35 to 49 years,Consultation with a health professional about emotional or mental health,13.2,,,percent,e,v111449449,2019,2016A000212,Percent,units
2019,2019,Nova Scotia,Males,35 to 49 years,Consultation with a health professional about emotional or mental health,7.9,,,percent,e,v111449450,2019,2016A000212,Percent,units
2019,2019,Nova Scotia,Males,35 to 49 years,Consultation with a health professional about emotional or mental health,21.2,,,percent,e,v111449451,2019,2016A000212,Percent,units
2019,2019,Nova Scotia,Males,35 to 49 years,"Positive mental health, flourishing",,28300.0,,,,v111449454,2019,2016A000212,Number,units
2019,2019,Nova Scotia,Males,35 to 49 years,"Positive mental health, flourishing",,,74800.0,,,v111449455,2019,2016A000212,Number,units
2019,2019,Nova Scotia,Males,35 to 49 years,"Positive mental health, flourishing",58.0,,,percent,e,v111449456,2019,2016A000212,Percent,units
2019,2019,Nova Scotia,Males,35 to 49 years,"Positive mental health, flourishing",38.9,,,percent,e,v111449457,2019,2016A000212,Percent,units
2019,2019,Nova Scotia,Males,35 to 49 years,"Positive mental health, flourishing",75.0,,,percent,e,v111449458,2019,2016A000212,Percent,units
2019,2019,Nova Scotia,Males,35 to 49 years,Suicidal thoughts (15 years and over),,6000.0,,,,v111449461,2019,2016A000212,Number,units
2019,2019,Nova Scotia,Males,35 to 49 years,Suicidal thoughts (15 years and over),,,17600.0,,,v111449462,2019,2016A000212,Number,units
2019,2019,Nova Scotia,Males,35 to 49 years,Suicidal thoughts (15 years and over),14.2,,,percent,e,v111449463,2019,2016A000212,Percent,units
2019,2019,Nova Scotia,Males,35 to 49 years,Suicidal thoughts (15 years and over),8.6,,,percent,e,v111449464,2019,2016A000212,Percent,units
2019,2019,Nova Scotia,Males,35 to 49 years,Suicidal thoughts (15 years and over),22.7,,,percent,e,v111449465,2019,2016A000212,Percent,units
2019,2019,Nova Scotia,Both sexes,50 to 64 years,Consultation with a health professional about emotional or mental health,,29800.0,,,,v111449489,2019,2016A000212,Number,units
2019,2019,Nova Scotia,Both sexes,50 to 64 years,Consultation with a health professional about emotional or mental health,,,46800.0,,,v111449490,2019,2016A000212,Number,units
2019,2019,Nova Scotia,Both sexes,50 to 64 years,Consultation with a health professional about emotional or mental health,18.3,,,percent,,v111449491,2019,2016A000212,Percent,units
2019,2019,Nova Scotia,Both sexes,50 to 64 years,Consultation with a health professional about emotional or mental health,14.5,,,percent,,v111449492,2019,2016A000212,Percent,units
2019,2019,Nova Scotia,Both sexes,50 to 64 years,Consultation with a health professional about emotional or mental health,22.8,,,percent,,v111449493,2019,2016A000212,Percent,units
2019,2019,Nova Scotia,Both sexes,50 to 64 years,"Positive mental health, flourishing",,140500.0,,,,v111449496,2019,2016A000212,Number,units
2019,2019,Nova Scotia,Both sexes,50 to 64 years,"Positive mental health, flourishing",,,221000.0,,,v111449497,2019,2016A000212,Number,units
2019,2019,Nova Scotia,Both sexes,50 to 64 years,"Positive mental health, flourishing",82.5,,,percent,,v111449498,2019,2016A000212,Percent,units
2019,2019,Nova Scotia,Both sexes,50 to 64 years,"Positive mental health, flourishing",73.6,,,percent,,v111449499,2019,2016A000212,Percent,units
2019,2019,Nova Scotia,Both sexes,50 to 64 years,"Positive mental health, flourishing",88.9,,,percent,,v111449500,2019,2016A000212,Percent,units
2019,2019,Nova Scotia,Both sexes,50 to 64 years,Suicidal thoughts (15 years and over),,20800.0,,,,v111449503,2019,2016A000212,Number,units
2019,2019,Nova Scotia,Both sexes,50 to 64 years,Suicidal thoughts (15 years and over),,,37300.0,,,v111449504,2019,2016A000212,Number,units
2019,2019,Nova Scotia,Both sexes,50 to 64 years,Suicidal thoughts (15 years and over),13.3,,,percent,e,v111449505,2019,2016A000212,Percent,units
2019,2019,Nova Scotia,Both sexes,50 to 64 years,Suicidal thoughts (15 years and over),9.9,,,percent,e,v111449506,2019,2016A000212,Percent,units
2019,2019,Nova Scotia,Both sexes,50 to 64 years,Suicidal thoughts (15 years and over),17.8,,,percent,e,v111449507,2019,2016A000212,Percent,units
2019,2019,Nova Scotia,Females,50 to 64 years,Consultation with a health professional about emotional or mental health,,16100.0,,,,v111449531,2019,2016A000212,Number,units
2019,2019,Nova Scotia,Females,50 to 64 years,Consultation with a health professional about emotional or mental health,,,27900.0,,,v111449532,2019,2016A000212,Number,units
2019,2019,Nova Scotia,Females,50 to 64 years,Consultation with a health professional about emotional or mental health,20.0,,,percent,,v111449533,2019,2016A000212,Percent,units
2019,2019,Nova Scotia,Females,50 to 64 years,Consultation with a health professional about emotional or mental health,15.1,,,percent,,v111449534,2019,2016A000212,Percent,units
2019,2019,Nova Scotia,Females,50 to 64 years,Consultation with a health professional about emotional or mental health,26.0,,,percent,,v111449535,2019,2016A000212,Percent,units
2019,2019,Nova Scotia,Females,50 to 64 years,"Positive mental health, flourishing",,73800.0,,,,v111449538,2019,2016A000212,Number,units
2019,2019,Nova Scotia,Females,50 to 64 years,"Positive mental health, flourishing",,,132300.0,,,v111449539,2019,2016A000212,Number,units
2019,2019,Nova Scotia,Females,50 to 64 years,"Positive mental health, flourishing",85.1,,,percent,,v111449540,2019,2016A000212,Percent,units
2019,2019,Nova Scotia,Females,50 to 64 years,"Positive mental health, flourishing",74.9,,,percent,,v111449541,2019,2016A000212,Percent,units
2019,2019,Nova Scotia,Females,50 to 64 years,"Positive mental health, flourishing",91.6,,,percent,,v111449542,2019,2016A000212,Percent,units
2019,2019,Nova Scotia,Females,50 to 64 years,Suicidal thoughts (15 years and over),,7900.0,,,,v111449545,2019,2016A000212,Number,units
2019,2019,Nova Scotia,Females,50 to 64 years,Suicidal thoughts (15 years and over),,,16700.0,,,v111449546,2019,2016A000212,Number,units
2019,2019,Nova Scotia,Females,50 to 64 years,Suicidal thoughts (15 years and over),10.8,,,percent,e,v111449547,2019,2016A000212,Percent,units
2019,2019,Nova Scotia,Females,50 to 64 years,Suicidal thoughts (15 years and over),7.4,,,percent,e,v111449548,2019,2016A000212,Percent,units
2019,2019,Nova Scotia,Females,50 to 64 years,Suicidal thoughts (15 years and over),15.5,,,percent,e,v111449549,2019,2016A000212,Percent,units
2019,2019,Nova Scotia,Males,50 to 64 years,Consultation with a health professional about emotional or mental health,,10500.0,,,,v111449510,2019,2016A000212,Number,units
2019,2019,Nova Scotia,Males,50 to 64 years,Consultation with a health professional about emotional or mental health,,,22000.0,,,v111449511,2019,2016A000212,Number,units
2019,2019,Nova Scotia,Males,50 to 64 years,Consultation with a health professional about emotional or mental health,16.5,,,percent,e,v111449512,2019,2016A000212,Percent,units
2019,2019,Nova Scotia,Males,50 to 64 years,Consultation with a health professional about emotional or mental health,11.5,,,percent,e,v111449513,2019,2016A000212,Percent,units
2019,2019,Nova Scotia,Males,50 to 64 years,Consultation with a health professional about emotional or mental health,23.1,,,percent,e,v111449514,2019,2016A000212,Percent,units
2019,2019,Nova Scotia,Males,50 to 64 years,"Positive mental health, flourishing",,49500.0,,,,v111449517,2019,2016A000212,Number,units
2019,2019,Nova Scotia,Males,50 to 64 years,"Positive mental health, flourishing",,,102400.0,,,v111449518,2019,2016A000212,Number,units
2019,2019,Nova Scotia,Males,50 to 64 years,"Positive mental health, flourishing",79.3,,,percent,,v111449519,2019,2016A000212,Percent,units
2019,2019,Nova Scotia,Males,50 to 64 years,"Positive mental health, flourishing",63.9,,,percent,,v111449520,2019,2016A000212,Percent,units
2019,2019,Nova Scotia,Males,50 to 64 years,"Positive mental health, flourishing",89.2,,,percent,,v111449521,2019,2016A000212,Percent,units
2019,2019,Nova Scotia,Males,50 to 64 years,Suicidal thoughts (15 years and over),,10700.0,,,,v111449524,2019,2016A000212,Number,units
2019,2019,Nova Scotia,Males,50 to 64 years,Suicidal thoughts (15 years and over),,,23600.0,,,v111449525,2019,2016A000212,Number,units
2019,2019,Nova Scotia,Males,50 to 64 years,Suicidal thoughts (15 years and over),16.1,,,percent,e,v111449526,2019,2016A000212,Percent,units
2019,2019,Nova Scotia,Males,50 to 64 years,Suicidal thoughts (15 years and over),10.7,,,percent,e,v111449527,2019,2016A000212,Percent,units
2019,2019,Nova Scotia,Males,50 to 64 years,Suicidal thoughts (15 years and over),23.5,,,percent,e,v111449528,2019,2016A000212,Percent,units
2019,2019,Nova Scotia,Both sexes,65 years and over,Consultation with a health professional about emotional or mental health,,12700.0,,,,v111449552,2019,2016A000212,Number,units
2019,2019,Nova Scotia,Both sexes,65 years and over,Consultation with a health professional about emotional or mental health,,,18200.0,,,v111449553,2019,2016A000212,Number,units
2019,2019,Nova Scotia,Both sexes,65 years and over,Consultation with a health professional about emotional or mental health,8.6,,,percent,,v111449554,2019,2016A000212,Percent,units
2019,2019,Nova Scotia,Both sexes,65 years and over,Consultation with a health professional about emotional or mental health,7.2,,,percent,,v111449555,2019,2016A000212,Percent,units
2019,2019,Nova Scotia,Both sexes,65 years and over,Consultation with a health professional about emotional or mental health,10.3,,,percent,,v111449556,2019,2016A000212,Percent,units
2019,2019,Nova Scotia,Both sexes,65 years and over,"Positive mental health, flourishing",,120400.0,,,,v111449559,2019,2016A000212,Number,units
2019,2019,Nova Scotia,Both sexes,65 years and over,"Positive mental health, flourishing",,,187700.0,,,v111449560,2019,2016A000212,Number,units
2019,2019,Nova Scotia,Both sexes,65 years and over,"Positive mental health, flourishing",83.5,,,percent,,v111449561,2019,2016A000212,Percent,units
2019,2019,Nova Scotia,Both sexes,65 years and over,"Positive mental health, flourishing",75.2,,,percent,,v111449562,2019,2016A000212,Percent,units
2019,2019,Nova Scotia,Both sexes,65 years and over,"Positive mental health, flourishing",89.4,,,percent,,v111449563,2019,2016A000212,Percent,units
2019,2019,Nova Scotia,Both sexes,65 years and over,Suicidal thoughts (15 years and over),,9300.0,,,,v111449566,2019,2016A000212,Number,units
2019,2019,Nova Scotia,Both sexes,65 years and over,Suicidal thoughts (15 years and over),,,14100.0,,,v111449567,2019,2016A000212,Number,units
2019,2019,Nova Scotia,Both sexes,65 years and over,Suicidal thoughts (15 years and over),6.4,,,percent,,v111449568,2019,2016A000212,Percent,units
2019,2019,Nova Scotia,Both sexes,65 years and over,Suicidal thoughts (15 years and over),5.2,,,percent,,v111449569,2019,2016A000212,Percent,units
2019,2019,Nova Scotia,Both sexes,65 years and over,Suicidal thoughts (15 years and over),7.9,,,percent,,v111449570,2019,2016A000212,Percent,units
2019,2019,Nova Scotia,Females,65 years and over,Consultation with a health professional about emotional or mental health,,7600.0,,,,v111449594,2019,2016A000212,Number,units
2019,2019,Nova Scotia,Females,65 years and over,Consultation with a health professional about emotional or mental health,,,12100.0,,,v111449595,2019,2016A000212,Number,units
2019,2019,Nova Scotia,Females,65 years and over,Consultation with a health professional about emotional or mental health,10.0,,,percent,,v111449596,2019,2016A000212,Percent,units
2019,2019,Nova Scotia,Females,65 years and over,Consultation with a health professional about emotional or mental health,8.0,,,percent,,v111449597,2019,2016A000212,Percent,units
2019,2019,Nova Scotia,Females,65 years and over,Consultation with a health professional about emotional or mental health,12.5,,,percent,,v111449598,2019,2016A000212,Percent,units
2019,2019,Nova Scotia,Females,65 years and over,"Positive mental health, flourishing",,62300.0,,,,v111449601,2019,2016A000212,Number,units
2019,2019,Nova Scotia,Females,65 years and over,"Positive mental health, flourishing",,,107300.0,,,v111449602,2019,2016A000212,Number,units
2019,2019,Nova Scotia,Females,65 years and over,"Positive mental health, flourishing",86.1,,,percent,,v111449603,2019,2016A000212,Percent,units
2019,2019,Nova Scotia,Females,65 years and over,"Positive mental health, flourishing",76.6,,,percent,,v111449604,2019,2016A000212,Percent,units
2019,2019,Nova Scotia,Females,65 years and over,"Positive mental health, flourishing",92.1,,,percent,,v111449605,2019,2016A000212,Percent,units
2019,2019,Nova Scotia,Females,65 years and over,Suicidal thoughts (15 years and over),,4900.0,,,,v111449608,2019,2016A000212,Number,units
2019,2019,Nova Scotia,Females,65 years and over,Suicidal thoughts (15 years and over),,,8600.0,,,v111449609,2019,2016A000212,Number,units
2019,2019,Nova Scotia,Females,65 years and over,Suicidal thoughts (15 years and over),6.6,,,percent,,v111449610,2019,2016A000212,Percent,units
2019,2019,Nova Scotia,Females,65 years and over,Suicidal thoughts (15 years and over),5.0,,,percent,,v111449611,2019,2016A000212,Percent,units
2019,2019,Nova Scotia,Females,65 years and over,Suicidal thoughts (15 years and over),8.7,,,percent,,v111449612,2019,2016A000212,Percent,units
2019,2019,Nova Scotia,Males,65 years and over,Consultation with a health professional about emotional or mental health,,4100.0,,,,v111449573,2019,2016A000212,Number,units
2019,2019,Nova Scotia,Males,65 years and over,Consultation with a health professional about emotional or mental health,,,7400.0,,,v111449574,2019,2016A000212,Number,units
2019,2019,Nova Scotia,Males,65 years and over,Consultation with a health professional about emotional or mental health,6.9,,,percent,e,v111449575,2019,2016A000212,Percent,units
2019,2019,Nova Scotia,Males,65 years and over,Consultation with a health professional about emotional or mental health,5.1,,,percent,e,v111449576,2019,2016A000212,Percent,units
2019,2019,Nova Scotia,Males,65 years and over,Consultation with a health professional about emotional or mental health,9.2,,,percent,e,v111449577,2019,2016A000212,Percent,units
2019,2019,Nova Scotia,Males,65 years and over,"Positive mental health, flourishing",,47900.0,,,,v111449580,2019,2016A000212,Number,units
2019,2019,Nova Scotia,Males,65 years and over,"Positive mental health, flourishing",,,89700.0,,,v111449581,2019,2016A000212,Number,units
2019,2019,Nova Scotia,Males,65 years and over,"Positive mental health, flourishing",80.4,,,percent,,v111449582,2019,2016A000212,Percent,units
2019,2019,Nova Scotia,Males,65 years and over,"Positive mental health, flourishing",64.9,,,percent,,v111449583,2019,2016A000212,Percent,units
2019,2019,Nova Scotia,Males,65 years and over,"Positive mental health, flourishing",90.0,,,percent,,v111449584,2019,2016A000212,Percent,units
2019,2019,Nova Scotia,Males,65 years and over,Suicidal thoughts (15 years and over),,3600.0,,,,v111449587,2019,2016A000212,Number,units
2019,2019,Nova Scotia,Males,65 years and over,Suicidal thoughts (15 years and over),,,6600.0,,,v111449588,2019,2016A000212,Number,units
2019,2019,Nova Scotia,Males,65 years and over,Suicidal thoughts (15 years and over),6.1,,,percent,e,v111449589,2019,2016A000212,Percent,units
2019,2019,Nova Scotia,Males,65 years and over,Suicidal thoughts (15 years and over),4.5,,,percent,e,v111449590,2019,2016A000212,Percent,units
2019,2019,Nova Scotia,Males,65 years and over,Suicidal thoughts (15 years and over),8.3,,,percent,e,v111449591,2019,2016A000212,Percent,units
2019,2019,Nova Scotia,Both sexes,"Total, 12 years and over",Consultation with a health professional about emotional or mental health,,138800.0,,,,v111449237,2019,2016A000212,Number,units
2019,2019,Nova Scotia,Both sexes,"Total, 12 years and over",Consultation with a health professional about emotional or mental health,,,175900.0,,,v111449238,2019,2016A000212,Number,units
2019,2019,Nova Scotia,Both sexes,"Total, 12 years and over",Consultation with a health professional about emotional or mental health,19.5,,,percent,,v111449239,2019,2016A000212,Percent,units
2019,2019,Nova Scotia,Both sexes,"Total, 12 years and over",Consultation with a health professional about emotional or mental health,17.3,,,percent,,v111449240,2019,2016A000212,Percent,units
2019,2019,Nova Scotia,Both sexes,"Total, 12 years and over",Consultation with a health professional about emotional or mental health,21.9,,,percent,,v111449241,2019,2016A000212,Percent,units
2019,2019,Nova Scotia,Both sexes,"Total, 12 years and over","Positive mental health, flourishing",,531800.0,,,,v111449244,2019,2016A000212,Number,units
2019,2019,Nova Scotia,Both sexes,"Total, 12 years and over","Positive mental health, flourishing",,,704200.0,,,v111449245,2019,2016A000212,Number,units
2019,2019,Nova Scotia,Both sexes,"Total, 12 years and over","Positive mental health, flourishing",78.9,,,percent,,v111449246,2019,2016A000212,Percent,units
2019,2019,Nova Scotia,Both sexes,"Total, 12 years and over","Positive mental health, flourishing",74.4,,,percent,,v111449247,2019,2016A000212,Percent,units
2019,2019,Nova Scotia,Both sexes,"Total, 12 years and over","Positive mental health, flourishing",82.8,,,percent,,v111449248,2019,2016A000212,Percent,units
2019,2019,Nova Scotia,Both sexes,"Total, 12 years and over",Suicidal thoughts (15 years and over),,92600.0,,,,v111449251,2019,2016A000212,Number,units
2019,2019,Nova Scotia,Both sexes,"Total, 12 years and over",Suicidal thoughts (15 years and over),,,126300.0,,,v111449252,2019,2016A000212,Number,units
2019,2019,Nova Scotia,Both sexes,"Total, 12 years and over",Suicidal thoughts (15 years and over),13.8,,,percent,,v111449253,2019,2016A000212,Percent,units
2019,2019,Nova Scotia,Both sexes,"Total, 12 years and over",Suicidal thoughts (15 years and over),11.8,,,percent,,v111449254,2019,2016A000212,Percent,units
2019,2019,Nova Scotia,Both sexes,"Total, 12 years and over",Suicidal thoughts (15 years and over),16.2,,,percent,,v111449255,2019,2016A000212,Percent,units
2019,2019,Nova Scotia,Females,"Total, 12 years and over",Consultation with a health professional about emotional or mental health,,91900.0,,,,v111449279,2019,2016A000212,Number,units
2019,2019,Nova Scotia,Females,"Total, 12 years and over",Consultation with a health professional about emotional or mental health,,,119300.0,,,v111449280,2019,2016A000212,Number,units
2019,2019,Nova Scotia,Females,"Total, 12 years and over",Consultation with a health professional about emotional or mental health,24.9,,,percent,,v111449281,2019,2016A000212,Percent,units
2019,2019,Nova Scotia,Females,"Total, 12 years and over",Consultation with a health professional about emotional or mental health,21.7,,,percent,,v111449282,2019,2016A000212,Percent,units
2019,2019,Nova Scotia,Females,"Total, 12 years and over",Consultation with a health professional about emotional or mental health,28.3,,,percent,,v111449283,2019,2016A000212,Percent,units
2019,2019,Nova Scotia,Females,"Total, 12 years and over","Positive mental health, flourishing",,292000.0,,,,v111449286,2019,2016A000212,Number,units
2019,2019,Nova Scotia,Females,"Total, 12 years and over","Positive mental health, flourishing",,,406800.0,,,v111449287,2019,2016A000212,Number,units
2019,2019,Nova Scotia,Females,"Total, 12 years and over","Positive mental health, flourishing",81.6,,,percent,,v111449288,2019,2016A000212,Percent,units
2019,2019,Nova Scotia,Females,"Total, 12 years and over","Positive mental health, flourishing",76.1,,,percent,,v111449289,2019,2016A000212,Percent,units
2019,2019,Nova Scotia,Females,"Total, 12 years and over","Positive mental health, flourishing",86.0,,,percent,,v111449290,2019,2016A000212,Percent,units
2019,2019,Nova Scotia,Females,"Total, 12 years and over",Suicidal thoughts (15 years and over),,50000.0,,,,v111449293,2019,2016A000212,Number,units
2019,2019,Nova Scotia,Females,"Total, 12 years and over",Suicidal thoughts (15 years and over),,,72700.0,,,v111449294,2019,2016A000212,Number,units
2019,2019,Nova Scotia,Females,"Total, 12 years and over",Suicidal thoughts (15 years and over),14.8,,,percent,,v111449295,2019,2016A000212,Percent,units
2019,2019,Nova Scotia,Females,"Total, 12 years and over",Suicidal thoughts (15 years and over),12.2,,,percent,,v111449296,2019,2016A000212,Percent,units
2019,2019,Nova Scotia,Females,"Total, 12 years and over",Suicidal thoughts (15 years and over),17.7,,,percent,,v111449297,2019,2016A000212,Percent,units
2019,2019,Nova Scotia,Males,"Total, 12 years and over",Consultation with a health professional about emotional or mental health,,40100.0,,,,v111449258,2019,2016A000212,Number,units
2019,2019,Nova Scotia,Males,"Total, 12 years and over",Consultation with a health professional about emotional or mental health,,,63300.0,,,v111449259,2019,2016A000212,Number,units
2019,2019,Nova Scotia,Males,"Total, 12 years and over",Consultation with a health professional about emotional or mental health,13.6,,,percent,,v111449260,2019,2016A000212,Percent,units
2019,2019,Nova Scotia,Males,"Total, 12 years and over",Consultation with a health professional about emotional or mental health,10.8,,,percent,,v111449261,2019,2016A000212,Percent,units
2019,2019,Nova Scotia,Males,"Total, 12 years and over",Consultation with a health professional about emotional or mental health,16.9,,,percent,,v111449262,2019,2016A000212,Percent,units
2019,2019,Nova Scotia,Males,"Total, 12 years and over","Positive mental health, flourishing",,225500.0,,,,v111449265,2019,2016A000212,Number,units
2019,2019,Nova Scotia,Males,"Total, 12 years and over","Positive mental health, flourishing",,,316700.0,,,v111449266,2019,2016A000212,Number,units
2019,2019,Nova Scotia,Males,"Total, 12 years and over","Positive mental health, flourishing",75.6,,,percent,,v111449267,2019,2016A000212,Percent,units
2019,2019,Nova Scotia,Males,"Total, 12 years and over","Positive mental health, flourishing",68.3,,,percent,,v111449268,2019,2016A000212,Percent,units
2019,2019,Nova Scotia,Males,"Total, 12 years and over","Positive mental health, flourishing",81.7,,,percent,,v111449269,2019,2016A000212,Percent,units
2019,2019,Nova Scotia,Males,"Total, 12 years and over",Suicidal thoughts (15 years and over),,36800.0,,,,v111449272,2019,2016A000212,Number,units
2019,2019,Nova Scotia,Males,"Total, 12 years and over",Suicidal thoughts (15 years and over),,,59500.0,,,v111449273,2019,2016A000212,Number,units
2019,2019,Nova Scotia,Males,"Total, 12 years and over",Suicidal thoughts (15 years and over),12.8,,,percent,,v111449274,2019,2016A000212,Percent,units
2019,2019,Nova Scotia,Males,"Total, 12 years and over",Suicidal thoughts (15 years and over),10.1,,,percent,,v111449275,2019,2016A000212,Percent,units
2019,2019,Nova Scotia,Males,"Total, 12 years and over",Suicidal thoughts (15 years and over),16.2,,,percent,,v111449276,2019,2016A000212,Percent,units
2019,2019,Ontario,Both sexes,12 to 17 years,Consultation with a health professional about emotional or mental health,,129200.0,,,,v111450434,2019,2016A000235,Number,units
2019,2019,Ontario,Both sexes,12 to 17 years,Consultation with a health professional about emotional or mental health,,,188300.0,,,v111450435,2019,2016A000235,Number,units
2019,2019,Ontario,Both sexes,12 to 17 years,Consultation with a health professional about emotional or mental health,18.1,,,percent,,v111450436,2019,2016A000235,Percent,units
2019,2019,Ontario,Both sexes,12 to 17 years,Consultation with a health professional about emotional or mental health,15.0,,,percent,,v111450437,2019,2016A000235,Percent,units
2019,2019,Ontario,Both sexes,12 to 17 years,Consultation with a health professional about emotional or mental health,21.7,,,percent,,v111450438,2019,2016A000235,Percent,units
2019,2019,Ontario,Both sexes,12 to 17 years,"Positive mental health, flourishing",,731100.0,,,,v111450441,2019,2016A000235,Number,units
2019,2019,Ontario,Both sexes,12 to 17 years,"Positive mental health, flourishing",,,829300.0,,,v111450442,2019,2016A000235,Number,units
2019,2019,Ontario,Both sexes,12 to 17 years,"Positive mental health, flourishing",88.2,,,percent,,v111450443,2019,2016A000235,Percent,units
2019,2019,Ontario,Both sexes,12 to 17 years,"Positive mental health, flourishing",82.4,,,percent,,v111450444,2019,2016A000235,Percent,units
2019,2019,Ontario,Both sexes,12 to 17 years,"Positive mental health, flourishing",92.3,,,percent,,v111450445,2019,2016A000235,Percent,units
2019,2019,Ontario,Both sexes,12 to 17 years,Suicidal thoughts (15 years and over),,40100.0,,,,v111450448,2019,2016A000235,Number,units
2019,2019,Ontario,Both sexes,12 to 17 years,Suicidal thoughts (15 years and over),,,81900.0,,,v111450449,2019,2016A000235,Number,units
2019,2019,Ontario,Both sexes,12 to 17 years,Suicidal thoughts (15 years and over),14.3,,,percent,e,v111450450,2019,2016A000235,Percent,units
2019,2019,Ontario,Both sexes,12 to 17 years,Suicidal thoughts (15 years and over),10.2,,,percent,e,v111450451,2019,2016A000235,Percent,units
2019,2019,Ontario,Both sexes,12 to 17 years,Suicidal thoughts (15 years and over),19.6,,,percent,e,v111450452,2019,2016A000235,Percent,units
2019,2019,Ontario,Females,12 to 17 years,Consultation with a health professional about emotional or mental health,,74600.0,,,,v111450476,2019,2016A000235,Number,units
2019,2019,Ontario,Females,12 to 17 years,Consultation with a health professional about emotional or mental health,,,121500.0,,,v111450477,2019,2016A000235,Number,units
2019,2019,Ontario,Females,12 to 17 years,Consultation with a health professional about emotional or mental health,22.6,,,percent,,v111450478,2019,2016A000235,Percent,units
2019,2019,Ontario,Females,12 to 17 years,Consultation with a health professional about emotional or mental health,17.7,,,percent,,v111450479,2019,2016A000235,Percent,units
2019,2019,Ontario,Females,12 to 17 years,Consultation with a health professional about emotional or mental health,28.4,,,percent,,v111450480,2019,2016A000235,Percent,units
2019,2019,Ontario,Females,12 to 17 years,"Positive mental health, flourishing",,327600.0,,,,v111450483,2019,2016A000235,Number,units
2019,2019,Ontario,Females,12 to 17 years,"Positive mental health, flourishing",,,399000.0,,,v111450484,2019,2016A000235,Number,units
2019,2019,Ontario,Females,12 to 17 years,"Positive mental health, flourishing",85.3,,,percent,,v111450485,2019,2016A000235,Percent,units
2019,2019,Ontario,Females,12 to 17 years,"Positive mental health, flourishing",76.4,,,percent,,v111450486,2019,2016A000235,Percent,units
2019,2019,Ontario,Females,12 to 17 years,"Positive mental health, flourishing",91.3,,,percent,,v111450487,2019,2016A000235,Percent,units
2019,2019,Ontario,Females,12 to 17 years,Suicidal thoughts (15 years and over),,26700.0,,,,v111450490,2019,2016A000235,Number,units
2019,2019,Ontario,Females,12 to 17 years,Suicidal thoughts (15 years and over),,,61300.0,,,v111450491,2019,2016A000235,Number,units
2019,2019,Ontario,Females,12 to 17 years,Suicidal thoughts (15 years and over),20.8,,,percent,e,v111450492,2019,2016A000235,Percent,units
2019,2019,Ontario,Females,12 to 17 years,Suicidal thoughts (15 years and over),14.1,,,percent,e,v111450493,2019,2016A000235,Percent,units
2019,2019,Ontario,Females,12 to 17 years,Suicidal thoughts (15 years and over),29.7,,,percent,e,v111450494,2019,2016A000235,Percent,units
2019,2019,Ontario,Males,12 to 17 years,Consultation with a health professional about emotional or mental health,,43100.0,,,,v111450455,2019,2016A000235,Number,units
2019,2019,Ontario,Males,12 to 17 years,Consultation with a health professional about emotional or mental health,,,79100.0,,,v111450456,2019,2016A000235,Number,units
2019,2019,Ontario,Males,12 to 17 years,Consultation with a health professional about emotional or mental health,13.7,,,percent,e,v111450457,2019,2016A000235,Percent,units
2019,2019,Ontario,Males,12 to 17 years,Consultation with a health professional about emotional or mental health,10.1,,,percent,e,v111450458,2019,2016A000235,Percent,units
2019,2019,Ontario,Males,12 to 17 years,Consultation with a health professional about emotional or mental health,18.4,,,percent,e,v111450459,2019,2016A000235,Percent,units
2019,2019,Ontario,Males,12 to 17 years,"Positive mental health, flourishing",,383600.0,,,,v111450462,2019,2016A000235,Number,units
2019,2019,Ontario,Males,12 to 17 years,"Positive mental health, flourishing",,,448900.0,,,v111450463,2019,2016A000235,Number,units
2019,2019,Ontario,Males,12 to 17 years,"Positive mental health, flourishing",90.9,,,percent,,v111450464,2019,2016A000235,Percent,units
2019,2019,Ontario,Males,12 to 17 years,"Positive mental health, flourishing",82.1,,,percent,,v111450465,2019,2016A000235,Percent,units
2019,2019,Ontario,Males,12 to 17 years,"Positive mental health, flourishing",95.6,,,percent,,v111450466,2019,2016A000235,Percent,units
2019,2019,Ontario,Males,12 to 17 years,Suicidal thoughts (15 years and over),,6400.0,,,,v111450469,2019,2016A000235,Number,units
2019,2019,Ontario,Males,12 to 17 years,Suicidal thoughts (15 years and over),,,29000.0,,,v111450470,2019,2016A000235,Number,units
2019,2019,Ontario,Males,12 to 17 years,Suicidal thoughts (15 years and over),8.0,,,percent,e,v111450471,2019,2016A000235,Percent,units
2019,2019,Ontario,Males,12 to 17 years,Suicidal thoughts (15 years and over),4.2,,,percent,e,v111450472,2019,2016A000235,Percent,units
2019,2019,Ontario,Males,12 to 17 years,Suicidal thoughts (15 years and over),14.8,,,percent,e,v111450473,2019,2016A000235,Percent,units
2019,2019,Ontario,Both sexes,18 to 34 years,Consultation with a health professional about emotional or mental health,,611100.0,,,,v111450497,2019,2016A000235,Number,units
2019,2019,Ontario,Both sexes,18 to 34 years,Consultation with a health professional about emotional or mental health,,,751500.0,,,v111450498,2019,2016A000235,Number,units
2019,2019,Ontario,Both sexes,18 to 34 years,Consultation with a health professional about emotional or mental health,20.3,,,percent,,v111450499,2019,2016A000235,Percent,units
2019,2019,Ontario,Both sexes,18 to 34 years,Consultation with a health professional about emotional or mental health,18.3,,,percent,,v111450500,2019,2016A000235,Percent,units
2019,2019,Ontario,Both sexes,18 to 34 years,Consultation with a health professional about emotional or mental health,22.5,,,percent,,v111450501,2019,2016A000235,Percent,units
2019,2019,Ontario,Both sexes,18 to 34 years,"Positive mental health, flourishing",,2497000.0,,,,v111450504,2019,2016A000235,Number,units
2019,2019,Ontario,Both sexes,18 to 34 years,"Positive mental health, flourishing",,,2825200.0,,,v111450505,2019,2016A000235,Number,units
2019,2019,Ontario,Both sexes,18 to 34 years,"Positive mental health, flourishing",81.3,,,percent,,v111450506,2019,2016A000235,Percent,units
2019,2019,Ontario,Both sexes,18 to 34 years,"Positive mental health, flourishing",76.4,,,percent,,v111450507,2019,2016A000235,Percent,units
2019,2019,Ontario,Both sexes,18 to 34 years,"Positive mental health, flourishing",85.3,,,percent,,v111450508,2019,2016A000235,Percent,units
2019,2019,Ontario,Both sexes,18 to 34 years,Suicidal thoughts (15 years and over),,488300.0,,,,v111450511,2019,2016A000235,Number,units
2019,2019,Ontario,Both sexes,18 to 34 years,Suicidal thoughts (15 years and over),,,622900.0,,,v111450512,2019,2016A000235,Number,units
2019,2019,Ontario,Both sexes,18 to 34 years,Suicidal thoughts (15 years and over),16.6,,,percent,,v111450513,2019,2016A000235,Percent,units
2019,2019,Ontario,Both sexes,18 to 34 years,Suicidal thoughts (15 years and over),14.8,,,percent,,v111450514,2019,2016A000235,Percent,units
2019,2019,Ontario,Both sexes,18 to 34 years,Suicidal thoughts (15 years and over),18.7,,,percent,,v111450515,2019,2016A000235,Percent,units
2019,2019,Ontario,Females,18 to 34 years,Consultation with a health professional about emotional or mental health,,407200.0,,,,v111450539,2019,2016A000235,Number,units
2019,2019,Ontario,Females,18 to 34 years,Consultation with a health professional about emotional or mental health,,,503800.0,,,v111450540,2019,2016A000235,Number,units
2019,2019,Ontario,Females,18 to 34 years,Consultation with a health professional about emotional or mental health,27.2,,,percent,,v111450541,2019,2016A000235,Percent,units
2019,2019,Ontario,Females,18 to 34 years,Consultation with a health professional about emotional or mental health,24.4,,,percent,,v111450542,2019,2016A000235,Percent,units
2019,2019,Ontario,Females,18 to 34 years,Consultation with a health professional about emotional or mental health,30.3,,,percent,,v111450543,2019,2016A000235,Percent,units
2019,2019,Ontario,Females,18 to 34 years,"Positive mental health, flourishing",,1190900.0,,,,v111450546,2019,2016A000235,Number,units
2019,2019,Ontario,Females,18 to 34 years,"Positive mental health, flourishing",,,1443900.0,,,v111450547,2019,2016A000235,Number,units
2019,2019,Ontario,Females,18 to 34 years,"Positive mental health, flourishing",81.0,,,percent,,v111450548,2019,2016A000235,Percent,units
2019,2019,Ontario,Females,18 to 34 years,"Positive mental health, flourishing",73.4,,,percent,,v111450549,2019,2016A000235,Percent,units
2019,2019,Ontario,Females,18 to 34 years,"Positive mental health, flourishing",86.9,,,percent,,v111450550,2019,2016A000235,Percent,units
2019,2019,Ontario,Females,18 to 34 years,Suicidal thoughts (15 years and over),,237300.0,,,,v111450553,2019,2016A000235,Number,units
2019,2019,Ontario,Females,18 to 34 years,Suicidal thoughts (15 years and over),,,323700.0,,,v111450554,2019,2016A000235,Number,units
2019,2019,Ontario,Females,18 to 34 years,Suicidal thoughts (15 years and over),16.8,,,percent,,v111450555,2019,2016A000235,Percent,units
2019,2019,Ontario,Females,18 to 34 years,Suicidal thoughts (15 years and over),14.3,,,percent,,v111450556,2019,2016A000235,Percent,units
2019,2019,Ontario,Females,18 to 34 years,Suicidal thoughts (15 years and over),19.5,,,percent,,v111450557,2019,2016A000235,Percent,units
2019,2019,Ontario,Males,18 to 34 years,Consultation with a health professional about emotional or mental health,,179100.0,,,,v111450518,2019,2016A000235,Number,units
2019,2019,Ontario,Males,18 to 34 years,Consultation with a health professional about emotional or mental health,,,271700.0,,,v111450519,2019,2016A000235,Number,units
2019,2019,Ontario,Males,18 to 34 years,Consultation with a health professional about emotional or mental health,13.3,,,percent,,v111450520,2019,2016A000235,Percent,units
2019,2019,Ontario,Males,18 to 34 years,Consultation with a health professional about emotional or mental health,10.9,,,percent,,v111450521,2019,2016A000235,Percent,units
2019,2019,Ontario,Males,18 to 34 years,Consultation with a health professional about emotional or mental health,16.3,,,percent,,v111450522,2019,2016A000235,Percent,units
2019,2019,Ontario,Males,18 to 34 years,"Positive mental health, flourishing",,1231400.0,,,,v111450525,2019,2016A000235,Number,units
2019,2019,Ontario,Males,18 to 34 years,"Positive mental health, flourishing",,,1450200.0,,,v111450526,2019,2016A000235,Number,units
2019,2019,Ontario,Males,18 to 34 years,"Positive mental health, flourishing",81.5,,,percent,,v111450527,2019,2016A000235,Percent,units
2019,2019,Ontario,Males,18 to 34 years,"Positive mental health, flourishing",74.3,,,percent,,v111450528,2019,2016A000235,Percent,units
2019,2019,Ontario,Males,18 to 34 years,"Positive mental health, flourishing",87.0,,,percent,,v111450529,2019,2016A000235,Percent,units
2019,2019,Ontario,Males,18 to 34 years,Suicidal thoughts (15 years and over),,222000.0,,,,v111450532,2019,2016A000235,Number,units
2019,2019,Ontario,Males,18 to 34 years,Suicidal thoughts (15 years and over),,,324700.0,,,v111450533,2019,2016A000235,Number,units
2019,2019,Ontario,Males,18 to 34 years,Suicidal thoughts (15 years and over),16.5,,,percent,,v111450534,2019,2016A000235,Percent,units
2019,2019,Ontario,Males,18 to 34 years,Suicidal thoughts (15 years and over),13.6,,,percent,,v111450535,2019,2016A000235,Percent,units
2019,2019,Ontario,Males,18 to 34 years,Suicidal thoughts (15 years and over),19.9,,,percent,,v111450536,2019,2016A000235,Percent,units
2019,2019,Ontario,Both sexes,35 to 49 years,Consultation with a health professional about emotional or mental health,,453400.0,,,,v111450560,2019,2016A000235,Number,units
2019,2019,Ontario,Both sexes,35 to 49 years,Consultation with a health professional about emotional or mental health,,,558100.0,,,v111450561,2019,2016A000235,Number,units
2019,2019,Ontario,Both sexes,35 to 49 years,Consultation with a health professional about emotional or mental health,18.2,,,percent,,v111450562,2019,2016A000235,Percent,units
2019,2019,Ontario,Both sexes,35 to 49 years,Consultation with a health professional about emotional or mental health,16.3,,,percent,,v111450563,2019,2016A000235,Percent,units
2019,2019,Ontario,Both sexes,35 to 49 years,Consultation with a health professional about emotional or mental health,20.2,,,percent,,v111450564,2019,2016A000235,Percent,units
2019,2019,Ontario,Both sexes,35 to 49 years,"Positive mental health, flourishing",,2214300.0,,,,v111450567,2019,2016A000235,Number,units
2019,2019,Ontario,Both sexes,35 to 49 years,"Positive mental health, flourishing",,,2435200.0,,,v111450568,2019,2016A000235,Number,units
2019,2019,Ontario,Both sexes,35 to 49 years,"Positive mental health, flourishing",84.6,,,percent,,v111450569,2019,2016A000235,Percent,units
2019,2019,Ontario,Both sexes,35 to 49 years,"Positive mental health, flourishing",80.3,,,percent,,v111450570,2019,2016A000235,Percent,units
2019,2019,Ontario,Both sexes,35 to 49 years,"Positive mental health, flourishing",88.2,,,percent,,v111450571,2019,2016A000235,Percent,units
2019,2019,Ontario,Both sexes,35 to 49 years,Suicidal thoughts (15 years and over),,258300.0,,,,v111450574,2019,2016A000235,Number,units
2019,2019,Ontario,Both sexes,35 to 49 years,Suicidal thoughts (15 years and over),,,348400.0,,,v111450575,2019,2016A000235,Number,units
2019,2019,Ontario,Both sexes,35 to 49 years,Suicidal thoughts (15 years and over),11.1,,,percent,,v111450576,2019,2016A000235,Percent,units
2019,2019,Ontario,Both sexes,35 to 49 years,Suicidal thoughts (15 years and over),9.5,,,percent,,v111450577,2019,2016A000235,Percent,units
2019,2019,Ontario,Both sexes,35 to 49 years,Suicidal thoughts (15 years and over),12.8,,,percent,,v111450578,2019,2016A000235,Percent,units
2019,2019,Ontario,Females,35 to 49 years,Consultation with a health professional about emotional or mental health,,280900.0,,,,v111450602,2019,2016A000235,Number,units
2019,2019,Ontario,Females,35 to 49 years,Consultation with a health professional about emotional or mental health,,,358600.0,,,v111450603,2019,2016A000235,Number,units
2019,2019,Ontario,Females,35 to 49 years,Consultation with a health professional about emotional or mental health,22.5,,,percent,,v111450604,2019,2016A000235,Percent,units
2019,2019,Ontario,Females,35 to 49 years,Consultation with a health professional about emotional or mental health,19.8,,,percent,,v111450605,2019,2016A000235,Percent,units
2019,2019,Ontario,Females,35 to 49 years,Consultation with a health professional about emotional or mental health,25.4,,,percent,,v111450606,2019,2016A000235,Percent,units
2019,2019,Ontario,Females,35 to 49 years,"Positive mental health, flourishing",,1129100.0,,,,v111450609,2019,2016A000235,Number,units
2019,2019,Ontario,Females,35 to 49 years,"Positive mental health, flourishing",,,1279300.0,,,v111450610,2019,2016A000235,Number,units
2019,2019,Ontario,Females,35 to 49 years,"Positive mental health, flourishing",86.6,,,percent,,v111450611,2019,2016A000235,Percent,units
2019,2019,Ontario,Females,35 to 49 years,"Positive mental health, flourishing",80.0,,,percent,,v111450612,2019,2016A000235,Percent,units
2019,2019,Ontario,Females,35 to 49 years,"Positive mental health, flourishing",91.2,,,percent,,v111450613,2019,2016A000235,Percent,units
2019,2019,Ontario,Females,35 to 49 years,Suicidal thoughts (15 years and over),,138800.0,,,,v111450616,2019,2016A000235,Number,units
2019,2019,Ontario,Females,35 to 49 years,Suicidal thoughts (15 years and over),,,197500.0,,,v111450617,2019,2016A000235,Number,units
2019,2019,Ontario,Females,35 to 49 years,Suicidal thoughts (15 years and over),12.1,,,percent,,v111450618,2019,2016A000235,Percent,units
2019,2019,Ontario,Females,35 to 49 years,Suicidal thoughts (15 years and over),10.0,,,percent,,v111450619,2019,2016A000235,Percent,units
2019,2019,Ontario,Females,35 to 49 years,Suicidal thoughts (15 years and over),14.4,,,percent,,v111450620,2019,2016A000235,Percent,units
2019,2019,Ontario,Males,35 to 49 years,Consultation with a health professional about emotional or mental health,,151100.0,,,,v111450581,2019,2016A000235,Number,units
2019,2019,Ontario,Males,35 to 49 years,Consultation with a health professional about emotional or mental health,,,218800.0,,,v111450582,2019,2016A000235,Number,units
2019,2019,Ontario,Males,35 to 49 years,Consultation with a health professional about emotional or mental health,13.7,,,percent,,v111450583,2019,2016A000235,Percent,units
2019,2019,Ontario,Males,35 to 49 years,Consultation with a health professional about emotional or mental health,11.3,,,percent,,v111450584,2019,2016A000235,Percent,units
2019,2019,Ontario,Males,35 to 49 years,Consultation with a health professional about emotional or mental health,16.4,,,percent,,v111450585,2019,2016A000235,Percent,units
2019,2019,Ontario,Males,35 to 49 years,"Positive mental health, flourishing",,1025300.0,,,,v111450588,2019,2016A000235,Number,units
2019,2019,Ontario,Males,35 to 49 years,"Positive mental health, flourishing",,,1201100.0,,,v111450589,2019,2016A000235,Number,units
2019,2019,Ontario,Males,35 to 49 years,"Positive mental health, flourishing",82.6,,,percent,,v111450590,2019,2016A000235,Percent,units
2019,2019,Ontario,Males,35 to 49 years,"Positive mental health, flourishing",75.3,,,percent,,v111450591,2019,2016A000235,Percent,units
2019,2019,Ontario,Males,35 to 49 years,"Positive mental health, flourishing",88.1,,,percent,,v111450592,2019,2016A000235,Percent,units
2019,2019,Ontario,Males,35 to 49 years,Suicidal thoughts (15 years and over),,103000.0,,,,v111450595,2019,2016A000235,Number,units
2019,2019,Ontario,Males,35 to 49 years,Suicidal thoughts (15 years and over),,,166700.0,,,v111450596,2019,2016A000235,Number,units
2019,2019,Ontario,Males,35 to 49 years,Suicidal thoughts (15 years and over),10.0,,,percent,,v111450597,2019,2016A000235,Percent,units
2019,2019,Ontario,Males,35 to 49 years,Suicidal thoughts (15 years and over),7.9,,,percent,,v111450598,2019,2016A000235,Percent,units
2019,2019,Ontario,Males,35 to 49 years,Suicidal thoughts (15 years and over),12.7,,,percent,,v111450599,2019,2016A000235,Percent,units
2019,2019,Ontario,Both sexes,50 to 64 years,Consultation with a health professional about emotional or mental health,,370200.0,,,,v111450623,2019,2016A000235,Number,units
2019,2019,Ontario,Both sexes,50 to 64 years,Consultation with a health professional about emotional or mental health,,,465700.0,,,v111450624,2019,2016A000235,Number,units
2019,2019,Ontario,Both sexes,50 to 64 years,Consultation with a health professional about emotional or mental health,14.3,,,percent,,v111450625,2019,2016A000235,Percent,units
2019,2019,Ontario,Both sexes,50 to 64 years,Consultation with a health professional about emotional or mental health,12.7,,,percent,,v111450626,2019,2016A000235,Percent,units
2019,2019,Ontario,Both sexes,50 to 64 years,Consultation with a health professional about emotional or mental health,16.0,,,percent,,v111450627,2019,2016A000235,Percent,units
2019,2019,Ontario,Both sexes,50 to 64 years,"Positive mental health, flourishing",,2338400.0,,,,v111450630,2019,2016A000235,Number,units
2019,2019,Ontario,Both sexes,50 to 64 years,"Positive mental health, flourishing",,,2569900.0,,,v111450631,2019,2016A000235,Number,units
2019,2019,Ontario,Both sexes,50 to 64 years,"Positive mental health, flourishing",84.7,,,percent,,v111450632,2019,2016A000235,Percent,units
2019,2019,Ontario,Both sexes,50 to 64 years,"Positive mental health, flourishing",80.3,,,percent,,v111450633,2019,2016A000235,Percent,units
2019,2019,Ontario,Both sexes,50 to 64 years,"Positive mental health, flourishing",88.3,,,percent,,v111450634,2019,2016A000235,Percent,units
2019,2019,Ontario,Both sexes,50 to 64 years,Suicidal thoughts (15 years and over),,258500.0,,,,v111450637,2019,2016A000235,Number,units
2019,2019,Ontario,Both sexes,50 to 64 years,Suicidal thoughts (15 years and over),,,342800.0,,,v111450638,2019,2016A000235,Number,units
2019,2019,Ontario,Both sexes,50 to 64 years,Suicidal thoughts (15 years and over),10.2,,,percent,,v111450639,2019,2016A000235,Percent,units
2019,2019,Ontario,Both sexes,50 to 64 years,Suicidal thoughts (15 years and over),8.9,,,percent,,v111450640,2019,2016A000235,Percent,units
2019,2019,Ontario,Both sexes,50 to 64 years,Suicidal thoughts (15 years and over),11.7,,,percent,,v111450641,2019,2016A000235,Percent,units
2019,2019,Ontario,Females,50 to 64 years,Consultation with a health professional about emotional or mental health,,217400.0,,,,v111450665,2019,2016A000235,Number,units
2019,2019,Ontario,Females,50 to 64 years,Consultation with a health professional about emotional or mental health,,,288000.0,,,v111450666,2019,2016A000235,Number,units
2019,2019,Ontario,Females,50 to 64 years,Consultation with a health professional about emotional or mental health,16.9,,,percent,,v111450667,2019,2016A000235,Percent,units
2019,2019,Ontario,Females,50 to 64 years,Consultation with a health professional about emotional or mental health,14.6,,,percent,,v111450668,2019,2016A000235,Percent,units
2019,2019,Ontario,Females,50 to 64 years,Consultation with a health professional about emotional or mental health,19.4,,,percent,,v111450669,2019,2016A000235,Percent,units
2019,2019,Ontario,Females,50 to 64 years,"Positive mental health, flourishing",,1156500.0,,,,v111450672,2019,2016A000235,Number,units
2019,2019,Ontario,Females,50 to 64 years,"Positive mental health, flourishing",,,1325800.0,,,v111450673,2019,2016A000235,Number,units
2019,2019,Ontario,Females,50 to 64 years,"Positive mental health, flourishing",84.5,,,percent,,v111450674,2019,2016A000235,Percent,units
2019,2019,Ontario,Females,50 to 64 years,"Positive mental health, flourishing",78.0,,,percent,,v111450675,2019,2016A000235,Percent,units
2019,2019,Ontario,Females,50 to 64 years,"Positive mental health, flourishing",89.4,,,percent,,v111450676,2019,2016A000235,Percent,units
2019,2019,Ontario,Females,50 to 64 years,Suicidal thoughts (15 years and over),,141400.0,,,,v111450679,2019,2016A000235,Number,units
2019,2019,Ontario,Females,50 to 64 years,Suicidal thoughts (15 years and over),,,199000.0,,,v111450680,2019,2016A000235,Number,units
2019,2019,Ontario,Females,50 to 64 years,Suicidal thoughts (15 years and over),11.4,,,percent,,v111450681,2019,2016A000235,Percent,units
2019,2019,Ontario,Females,50 to 64 years,Suicidal thoughts (15 years and over),9.7,,,percent,,v111450682,2019,2016A000235,Percent,units
2019,2019,Ontario,Females,50 to 64 years,Suicidal thoughts (15 years and over),13.5,,,percent,,v111450683,2019,2016A000235,Percent,units
2019,2019,Ontario,Males,50 to 64 years,Consultation with a health professional about emotional or mental health,,133000.0,,,,v111450644,2019,2016A000235,Number,units
2019,2019,Ontario,Males,50 to 64 years,Consultation with a health professional about emotional or mental health,,,200600.0,,,v111450645,2019,2016A000235,Number,units
2019,2019,Ontario,Males,50 to 64 years,Consultation with a health professional about emotional or mental health,11.6,,,percent,,v111450646,2019,2016A000235,Percent,units
2019,2019,Ontario,Males,50 to 64 years,Consultation with a health professional about emotional or mental health,9.4,,,percent,,v111450647,2019,2016A000235,Percent,units
2019,2019,Ontario,Males,50 to 64 years,Consultation with a health professional about emotional or mental health,14.1,,,percent,,v111450648,2019,2016A000235,Percent,units
2019,2019,Ontario,Males,50 to 64 years,"Positive mental health, flourishing",,1131900.0,,,,v111450651,2019,2016A000235,Number,units
2019,2019,Ontario,Males,50 to 64 years,"Positive mental health, flourishing",,,1291200.0,,,v111450652,2019,2016A000235,Number,units
2019,2019,Ontario,Males,50 to 64 years,"Positive mental health, flourishing",85.0,,,percent,,v111450653,2019,2016A000235,Percent,units
2019,2019,Ontario,Males,50 to 64 years,"Positive mental health, flourishing",78.6,,,percent,,v111450654,2019,2016A000235,Percent,units
2019,2019,Ontario,Males,50 to 64 years,"Positive mental health, flourishing",89.7,,,percent,,v111450655,2019,2016A000235,Percent,units
2019,2019,Ontario,Males,50 to 64 years,Suicidal thoughts (15 years and over),,102500.0,,,,v111450658,2019,2016A000235,Number,units
2019,2019,Ontario,Males,50 to 64 years,Suicidal thoughts (15 years and over),,,160300.0,,,v111450659,2019,2016A000235,Number,units
2019,2019,Ontario,Males,50 to 64 years,Suicidal thoughts (15 years and over),9.0,,,percent,,v111450660,2019,2016A000235,Percent,units
2019,2019,Ontario,Males,50 to 64 years,Suicidal thoughts (15 years and over),7.2,,,percent,,v111450661,2019,2016A000235,Percent,units
2019,2019,Ontario,Males,50 to 64 years,Suicidal thoughts (15 years and over),11.2,,,percent,,v111450662,2019,2016A000235,Percent,units
2019,2019,Ontario,Both sexes,65 years and over,Consultation with a health professional about emotional or mental health,,155600.0,,,,v111450686,2019,2016A000235,Number,units
2019,2019,Ontario,Both sexes,65 years and over,Consultation with a health professional about emotional or mental health,,,199900.0,,,v111450687,2019,2016A000235,Number,units
2019,2019,Ontario,Both sexes,65 years and over,Consultation with a health professional about emotional or mental health,7.8,,,percent,,v111450688,2019,2016A000235,Percent,units
2019,2019,Ontario,Both sexes,65 years and over,Consultation with a health professional about emotional or mental health,6.8,,,percent,,v111450689,2019,2016A000235,Percent,units
2019,2019,Ontario,Both sexes,65 years and over,Consultation with a health professional about emotional or mental health,8.8,,,percent,,v111450690,2019,2016A000235,Percent,units
2019,2019,Ontario,Both sexes,65 years and over,"Positive mental health, flourishing",,1641900.0,,,,v111450693,2019,2016A000235,Number,units
2019,2019,Ontario,Both sexes,65 years and over,"Positive mental health, flourishing",,,1859500.0,,,v111450694,2019,2016A000235,Number,units
2019,2019,Ontario,Both sexes,65 years and over,"Positive mental health, flourishing",82.0,,,percent,,v111450695,2019,2016A000235,Percent,units
2019,2019,Ontario,Both sexes,65 years and over,"Positive mental health, flourishing",77.7,,,percent,,v111450696,2019,2016A000235,Percent,units
2019,2019,Ontario,Both sexes,65 years and over,"Positive mental health, flourishing",85.6,,,percent,,v111450697,2019,2016A000235,Percent,units
2019,2019,Ontario,Both sexes,65 years and over,Suicidal thoughts (15 years and over),,132600.0,,,,v111450700,2019,2016A000235,Number,units
2019,2019,Ontario,Both sexes,65 years and over,Suicidal thoughts (15 years and over),,,176400.0,,,v111450701,2019,2016A000235,Number,units
2019,2019,Ontario,Both sexes,65 years and over,Suicidal thoughts (15 years and over),6.9,,,percent,,v111450702,2019,2016A000235,Percent,units
2019,2019,Ontario,Both sexes,65 years and over,Suicidal thoughts (15 years and over),6.0,,,percent,,v111450703,2019,2016A000235,Percent,units
2019,2019,Ontario,Both sexes,65 years and over,Suicidal thoughts (15 years and over),7.9,,,percent,,v111450704,2019,2016A000235,Percent,units
2019,2019,Ontario,Females,65 years and over,Consultation with a health professional about emotional or mental health,,100600.0,,,,v111450728,2019,2016A000235,Number,units
2019,2019,Ontario,Females,65 years and over,Consultation with a health professional about emotional or mental health,,,137400.0,,,v111450729,2019,2016A000235,Number,units
2019,2019,Ontario,Females,65 years and over,Consultation with a health professional about emotional or mental health,9.6,,,percent,,v111450730,2019,2016A000235,Percent,units
2019,2019,Ontario,Females,65 years and over,Consultation with a health professional about emotional or mental health,8.2,,,percent,,v111450731,2019,2016A000235,Percent,units
2019,2019,Ontario,Females,65 years and over,Consultation with a health professional about emotional or mental health,11.2,,,percent,,v111450732,2019,2016A000235,Percent,units
2019,2019,Ontario,Females,65 years and over,"Positive mental health, flourishing",,872800.0,,,,v111450735,2019,2016A000235,Number,units
2019,2019,Ontario,Females,65 years and over,"Positive mental health, flourishing",,,1038900.0,,,v111450736,2019,2016A000235,Number,units
2019,2019,Ontario,Females,65 years and over,"Positive mental health, flourishing",81.7,,,percent,,v111450737,2019,2016A000235,Percent,units
2019,2019,Ontario,Females,65 years and over,"Positive mental health, flourishing",75.4,,,percent,,v111450738,2019,2016A000235,Percent,units
2019,2019,Ontario,Females,65 years and over,"Positive mental health, flourishing",86.6,,,percent,,v111450739,2019,2016A000235,Percent,units
2019,2019,Ontario,Females,65 years and over,Suicidal thoughts (15 years and over),,84100.0,,,,v111450742,2019,2016A000235,Number,units
2019,2019,Ontario,Females,65 years and over,Suicidal thoughts (15 years and over),,,120800.0,,,v111450743,2019,2016A000235,Number,units
2019,2019,Ontario,Females,65 years and over,Suicidal thoughts (15 years and over),8.4,,,percent,,v111450744,2019,2016A000235,Percent,units
2019,2019,Ontario,Females,65 years and over,Suicidal thoughts (15 years and over),7.0,,,percent,,v111450745,2019,2016A000235,Percent,units
2019,2019,Ontario,Females,65 years and over,Suicidal thoughts (15 years and over),10.0,,,percent,,v111450746,2019,2016A000235,Percent,units
2019,2019,Ontario,Males,65 years and over,Consultation with a health professional about emotional or mental health,,45900.0,,,,v111450707,2019,2016A000235,Number,units
2019,2019,Ontario,Males,65 years and over,Consultation with a health professional about emotional or mental health,,,70500.0,,,v111450708,2019,2016A000235,Number,units
2019,2019,Ontario,Males,65 years and over,Consultation with a health professional about emotional or mental health,5.6,,,percent,,v111450709,2019,2016A000235,Percent,units
2019,2019,Ontario,Males,65 years and over,Consultation with a health professional about emotional or mental health,4.5,,,percent,,v111450710,2019,2016A000235,Percent,units
2019,2019,Ontario,Males,65 years and over,Consultation with a health professional about emotional or mental health,7.0,,,percent,,v111450711,2019,2016A000235,Percent,units
2019,2019,Ontario,Males,65 years and over,"Positive mental health, flourishing",,722200.0,,,,v111450714,2019,2016A000235,Number,units
2019,2019,Ontario,Males,65 years and over,"Positive mental health, flourishing",,,866500.0,,,v111450715,2019,2016A000235,Number,units
2019,2019,Ontario,Males,65 years and over,"Positive mental health, flourishing",82.3,,,percent,,v111450716,2019,2016A000235,Percent,units
2019,2019,Ontario,Males,65 years and over,"Positive mental health, flourishing",76.1,,,percent,,v111450717,2019,2016A000235,Percent,units
2019,2019,Ontario,Males,65 years and over,"Positive mental health, flourishing",87.2,,,percent,,v111450718,2019,2016A000235,Percent,units
2019,2019,Ontario,Males,65 years and over,Suicidal thoughts (15 years and over),,41800.0,,,,v111450721,2019,2016A000235,Number,units
2019,2019,Ontario,Males,65 years and over,Suicidal thoughts (15 years and over),,,64000.0,,,v111450722,2019,2016A000235,Number,units
2019,2019,Ontario,Males,65 years and over,Suicidal thoughts (15 years and over),5.1,,,percent,,v111450723,2019,2016A000235,Percent,units
2019,2019,Ontario,Males,65 years and over,Suicidal thoughts (15 years and over),4.1,,,percent,,v111450724,2019,2016A000235,Percent,units
2019,2019,Ontario,Males,65 years and over,Suicidal thoughts (15 years and over),6.3,,,percent,,v111450725,2019,2016A000235,Percent,units
2019,2019,Ontario,Both sexes,"Total, 12 years and over",Consultation with a health professional about emotional or mental health,,1830200.0,,,,v111450371,2019,2016A000235,Number,units
2019,2019,Ontario,Both sexes,"Total, 12 years and over",Consultation with a health professional about emotional or mental health,,,2041600.0,,,v111450372,2019,2016A000235,Number,units
2019,2019,Ontario,Both sexes,"Total, 12 years and over",Consultation with a health professional about emotional or mental health,15.9,,,percent,,v111450373,2019,2016A000235,Percent,units
2019,2019,Ontario,Both sexes,"Total, 12 years and over",Consultation with a health professional about emotional or mental health,15.0,,,percent,,v111450374,2019,2016A000235,Percent,units
2019,2019,Ontario,Both sexes,"Total, 12 years and over",Consultation with a health professional about emotional or mental health,16.8,,,percent,,v111450375,2019,2016A000235,Percent,units
2019,2019,Ontario,Both sexes,"Total, 12 years and over","Positive mental health, flourishing",,9730100.0,,,,v111450378,2019,2016A000235,Number,units
2019,2019,Ontario,Both sexes,"Total, 12 years and over","Positive mental health, flourishing",,,10242900.0,,,v111450379,2019,2016A000235,Number,units
2019,2019,Ontario,Both sexes,"Total, 12 years and over","Positive mental health, flourishing",83.5,,,percent,,v111450380,2019,2016A000235,Percent,units
2019,2019,Ontario,Both sexes,"Total, 12 years and over","Positive mental health, flourishing",81.5,,,percent,,v111450381,2019,2016A000235,Percent,units
2019,2019,Ontario,Both sexes,"Total, 12 years and over","Positive mental health, flourishing",85.4,,,percent,,v111450382,2019,2016A000235,Percent,units
2019,2019,Ontario,Both sexes,"Total, 12 years and over",Suicidal thoughts (15 years and over),,1275000.0,,,,v111450385,2019,2016A000235,Number,units
2019,2019,Ontario,Both sexes,"Total, 12 years and over",Suicidal thoughts (15 years and over),,,1462800.0,,,v111450386,2019,2016A000235,Number,units
2019,2019,Ontario,Both sexes,"Total, 12 years and over",Suicidal thoughts (15 years and over),11.8,,,percent,,v111450387,2019,2016A000235,Percent,units
2019,2019,Ontario,Both sexes,"Total, 12 years and over",Suicidal thoughts (15 years and over),11.0,,,percent,,v111450388,2019,2016A000235,Percent,units
2019,2019,Ontario,Both sexes,"Total, 12 years and over",Suicidal thoughts (15 years and over),12.6,,,percent,,v111450389,2019,2016A000235,Percent,units
2019,2019,Ontario,Females,"Total, 12 years and over",Consultation with a health professional about emotional or mental health,,1164300.0,,,,v111450413,2019,2016A000235,Number,units
2019,2019,Ontario,Females,"Total, 12 years and over",Consultation with a health professional about emotional or mental health,,,1324600.0,,,v111450414,2019,2016A000235,Number,units
2019,2019,Ontario,Females,"Total, 12 years and over",Consultation with a health professional about emotional or mental health,19.9,,,percent,,v111450415,2019,2016A000235,Percent,units
2019,2019,Ontario,Females,"Total, 12 years and over",Consultation with a health professional about emotional or mental health,18.6,,,percent,,v111450416,2019,2016A000235,Percent,units
2019,2019,Ontario,Females,"Total, 12 years and over",Consultation with a health professional about emotional or mental health,21.2,,,percent,,v111450417,2019,2016A000235,Percent,units
2019,2019,Ontario,Females,"Total, 12 years and over","Positive mental health, flourishing",,4906700.0,,,,v111450420,2019,2016A000235,Number,units
2019,2019,Ontario,Females,"Total, 12 years and over","Positive mental health, flourishing",,,5273900.0,,,v111450421,2019,2016A000235,Number,units
2019,2019,Ontario,Females,"Total, 12 years and over","Positive mental health, flourishing",83.6,,,percent,,v111450422,2019,2016A000235,Percent,units
2019,2019,Ontario,Females,"Total, 12 years and over","Positive mental health, flourishing",80.6,,,percent,,v111450423,2019,2016A000235,Percent,units
2019,2019,Ontario,Females,"Total, 12 years and over","Positive mental health, flourishing",86.2,,,percent,,v111450424,2019,2016A000235,Percent,units
2019,2019,Ontario,Females,"Total, 12 years and over",Suicidal thoughts (15 years and over),,702800.0,,,,v111450427,2019,2016A000235,Number,units
2019,2019,Ontario,Females,"Total, 12 years and over",Suicidal thoughts (15 years and over),,,825900.0,,,v111450428,2019,2016A000235,Number,units
2019,2019,Ontario,Females,"Total, 12 years and over",Suicidal thoughts (15 years and over),12.8,,,percent,,v111450429,2019,2016A000235,Percent,units
2019,2019,Ontario,Females,"Total, 12 years and over",Suicidal thoughts (15 years and over),11.8,,,percent,,v111450430,2019,2016A000235,Percent,units
2019,2019,Ontario,Females,"Total, 12 years and over",Suicidal thoughts (15 years and over),13.9,,,percent,,v111450431,2019,2016A000235,Percent,units
2019,2019,Ontario,Males,"Total, 12 years and over",Consultation with a health professional about emotional or mental health,,621300.0,,,,v111450392,2019,2016A000235,Number,units
2019,2019,Ontario,Males,"Total, 12 years and over",Consultation with a health professional about emotional or mental health,,,759900.0,,,v111450393,2019,2016A000235,Number,units
2019,2019,Ontario,Males,"Total, 12 years and over",Consultation with a health professional about emotional or mental health,11.7,,,percent,,v111450394,2019,2016A000235,Percent,units
2019,2019,Ontario,Males,"Total, 12 years and over",Consultation with a health professional about emotional or mental health,10.6,,,percent,,v111450395,2019,2016A000235,Percent,units
2019,2019,Ontario,Males,"Total, 12 years and over",Consultation with a health professional about emotional or mental health,12.9,,,percent,,v111450396,2019,2016A000235,Percent,units
2019,2019,Ontario,Males,"Total, 12 years and over","Positive mental health, flourishing",,4714400.0,,,,v111450399,2019,2016A000235,Number,units
2019,2019,Ontario,Males,"Total, 12 years and over","Positive mental health, flourishing",,,5054300.0,,,v111450400,2019,2016A000235,Number,units
2019,2019,Ontario,Males,"Total, 12 years and over","Positive mental health, flourishing",83.5,,,percent,,v111450401,2019,2016A000235,Percent,units
2019,2019,Ontario,Males,"Total, 12 years and over","Positive mental health, flourishing",80.7,,,percent,,v111450402,2019,2016A000235,Percent,units
2019,2019,Ontario,Males,"Total, 12 years and over","Positive mental health, flourishing",85.9,,,percent,,v111450403,2019,2016A000235,Percent,units
2019,2019,Ontario,Males,"Total, 12 years and over",Suicidal thoughts (15 years and over),,535300.0,,,,v111450406,2019,2016A000235,Number,units
2019,2019,Ontario,Males,"Total, 12 years and over",Suicidal thoughts (15 years and over),,,678600.0,,,v111450407,2019,2016A000235,Number,units
2019,2019,Ontario,Males,"Total, 12 years and over",Suicidal thoughts (15 years and over),10.7,,,percent,,v111450408,2019,2016A000235,Percent,units
2019,2019,Ontario,Males,"Total, 12 years and over",Suicidal thoughts (15 years and over),9.5,,,percent,,v111450409,2019,2016A000235,Percent,units
2019,2019,Ontario,Males,"Total, 12 years and over",Suicidal thoughts (15 years and over),12.0,,,percent,,v111450410,2019,2016A000235,Percent,units
2019,2019,Prince Edward Island,Both sexes,12 to 17 years,Consultation with a health professional about emotional or mental health,,700.0,,,,v111448922,2019,2016A000211,Number,units
2019,2019,Prince Edward Island,Both sexes,12 to 17 years,Consultation with a health professional about emotional or mental health,,,2300.0,,,v111448923,2019,2016A000211,Number,units
2019,2019,Prince Edward Island,Both sexes,12 to 17 years,Consultation with a health professional about emotional or mental health,16.0,,,percent,e,v111448924,2019,2016A000211,Percent,units
2019,2019,Prince Edward Island,Both sexes,12 to 17 years,Consultation with a health professional about emotional or mental health,9.4,,,percent,e,v111448925,2019,2016A000211,Percent,units
2019,2019,Prince Edward Island,Both sexes,12 to 17 years,Consultation with a health professional about emotional or mental health,25.7,,,percent,e,v111448926,2019,2016A000211,Percent,units
2019,2019,Prince Edward Island,Both sexes,12 to 17 years,"Positive mental health, flourishing",,6400.0,,,,v111448929,2019,2016A000211,Number,units
2019,2019,Prince Edward Island,Both sexes,12 to 17 years,"Positive mental health, flourishing",,,14400.0,,,v111448930,2019,2016A000211,Number,units
2019,2019,Prince Edward Island,Both sexes,12 to 17 years,"Positive mental health, flourishing",65.4,,,percent,e,v111448931,2019,2016A000211,Percent,units
2019,2019,Prince Edward Island,Both sexes,12 to 17 years,"Positive mental health, flourishing",44.8,,,percent,e,v111448932,2019,2016A000211,Percent,units
2019,2019,Prince Edward Island,Both sexes,12 to 17 years,"Positive mental health, flourishing",81.5,,,percent,e,v111448933,2019,2016A000211,Percent,units
2019,2019,Prince Edward Island,Both sexes,18 to 34 years,Consultation with a health professional about emotional or mental health,,7900.0,,,,v111448985,2019,2016A000211,Number,units
2019,2019,Prince Edward Island,Both sexes,18 to 34 years,Consultation with a health professional about emotional or mental health,,,13400.0,,,v111448986,2019,2016A000211,Number,units
2019,2019,Prince Edward Island,Both sexes,18 to 34 years,Consultation with a health professional about emotional or mental health,34.1,,,percent,,v111448987,2019,2016A000211,Percent,units
2019,2019,Prince Edward Island,Both sexes,18 to 34 years,Consultation with a health professional about emotional or mental health,25.9,,,percent,,v111448988,2019,2016A000211,Percent,units
2019,2019,Prince Edward Island,Both sexes,18 to 34 years,Consultation with a health professional about emotional or mental health,43.3,,,percent,,v111448989,2019,2016A000211,Percent,units
2019,2019,Prince Edward Island,Both sexes,18 to 34 years,"Positive mental health, flourishing",,11600.0,,,,v111448992,2019,2016A000211,Number,units
2019,2019,Prince Edward Island,Both sexes,18 to 34 years,"Positive mental health, flourishing",,,31400.0,,,v111448993,2019,2016A000211,Number,units
2019,2019,Prince Edward Island,Both sexes,18 to 34 years,"Positive mental health, flourishing",86.0,,,percent,,v111448994,2019,2016A000211,Percent,units
2019,2019,Prince Edward Island,Both sexes,18 to 34 years,"Positive mental health, flourishing",65.1,,,percent,,v111448995,2019,2016A000211,Percent,units
2019,2019,Prince Edward Island,Both sexes,18 to 34 years,"Positive mental health, flourishing",95.3,,,percent,,v111448996,2019,2016A000211,Percent,units
2019,2019,Prince Edward Island,Both sexes,18 to 34 years,Suicidal thoughts (15 years and over),,4600.0,,,,v111448999,2019,2016A000211,Number,units
2019,2019,Prince Edward Island,Both sexes,18 to 34 years,Suicidal thoughts (15 years and over),,,9500.0,,,v111449000,2019,2016A000211,Number,units
2019,2019,Prince Edward Island,Both sexes,18 to 34 years,Suicidal thoughts (15 years and over),21.9,,,percent,e,v111449001,2019,2016A000211,Percent,units
2019,2019,Prince Edward Island,Both sexes,18 to 34 years,Suicidal thoughts (15 years and over),15.4,,,percent,e,v111449002,2019,2016A000211,Percent,units
2019,2019,Prince Edward Island,Both sexes,18 to 34 years,Suicidal thoughts (15 years and over),30.3,,,percent,e,v111449003,2019,2016A000211,Percent,units
2019,2019,Prince Edward Island,Females,18 to 34 years,Consultation with a health professional about emotional or mental health,,5300.0,,,,v111449027,2019,2016A000211,Number,units
2019,2019,Prince Edward Island,Females,18 to 34 years,Consultation with a health professional about emotional or mental health,,,9500.0,,,v111449028,2019,2016A000211,Number,units
2019,2019,Prince Edward Island,Females,18 to 34 years,Consultation with a health professional about emotional or mental health,50.6,,,percent,,v111449029,2019,2016A000211,Percent,units
2019,2019,Prince Edward Island,Females,18 to 34 years,Consultation with a health professional about emotional or mental health,36.3,,,percent,,v111449030,2019,2016A000211,Percent,units
2019,2019,Prince Edward Island,Females,18 to 34 years,Consultation with a health professional about emotional or mental health,64.7,,,percent,,v111449031,2019,2016A000211,Percent,units
2019,2019,Prince Edward Island,Females,18 to 34 years,"Positive mental health, flourishing",,4800.0,,,,v111449034,2019,2016A000211,Number,units
2019,2019,Prince Edward Island,Females,18 to 34 years,"Positive mental health, flourishing",,,17400.0,,,v111449035,2019,2016A000211,Number,units
2019,2019,Prince Edward Island,Females,18 to 34 years,Suicidal thoughts (15 years and over),,2500.0,,,,v111449041,2019,2016A000211,Number,units
2019,2019,Prince Edward Island,Females,18 to 34 years,Suicidal thoughts (15 years and over),,,6300.0,,,v111449042,2019,2016A000211,Number,units
2019,2019,Prince Edward Island,Females,18 to 34 years,Suicidal thoughts (15 years and over),28.3,,,percent,e,v111449043,2019,2016A000211,Percent,units
2019,2019,Prince Edward Island,Females,18 to 34 years,Suicidal thoughts (15 years and over),17.9,,,percent,e,v111449044,2019,2016A000211,Percent,units
2019,2019,Prince Edward Island,Females,18 to 34 years,Suicidal thoughts (15 years and over),41.6,,,percent,e,v111449045,2019,2016A000211,Percent,units
2019,2019,Prince Edward Island,Males,18 to 34 years,Consultation with a health professional about emotional or mental health,,1500.0,,,,v111449006,2019,2016A000211,Number,units
2019,2019,Prince Edward Island,Males,18 to 34 years,Consultation with a health professional about emotional or mental health,,,5000.0,,,v111449007,2019,2016A000211,Number,units
2019,2019,Prince Edward Island,Males,18 to 34 years,Consultation with a health professional about emotional or mental health,18.6,,,percent,e,v111449008,2019,2016A000211,Percent,units
2019,2019,Prince Edward Island,Males,18 to 34 years,Consultation with a health professional about emotional or mental health,10.3,,,percent,e,v111449009,2019,2016A000211,Percent,units
2019,2019,Prince Edward Island,Males,18 to 34 years,Consultation with a health professional about emotional or mental health,31.3,,,percent,e,v111449010,2019,2016A000211,Percent,units
2019,2019,Prince Edward Island,Males,18 to 34 years,Suicidal thoughts (15 years and over),,1100.0,,,,v111449020,2019,2016A000211,Number,units
2019,2019,Prince Edward Island,Males,18 to 34 years,Suicidal thoughts (15 years and over),,,4300.0,,,v111449021,2019,2016A000211,Number,units
2019,2019,Prince Edward Island,Males,18 to 34 years,Suicidal thoughts (15 years and over),16.0,,,percent,e,v111449022,2019,2016A000211,Percent,units
2019,2019,Prince Edward Island,Males,18 to 34 years,Suicidal thoughts (15 years and over),8.6,,,percent,e,v111449023,2019,2016A000211,Percent,units
2019,2019,Prince Edward Island,Males,18 to 34 years,Suicidal thoughts (15 years and over),27.6,,,percent,e,v111449024,2019,2016A000211,Percent,units
2019,2019,Prince Edward Island,Both sexes,35 to 49 years,Consultation with a health professional about emotional or mental health,,4400.0,,,,v111449048,2019,2016A000211,Number,units
2019,2019,Prince Edward Island,Both sexes,35 to 49 years,Consultation with a health professional about emotional or mental health,,,8500.0,,,v111449049,2019,2016A000211,Number,units
2019,2019,Prince Edward Island,Both sexes,35 to 49 years,Consultation with a health professional about emotional or mental health,21.5,,,percent,e,v111449050,2019,2016A000211,Percent,units
2019,2019,Prince Edward Island,Both sexes,35 to 49 years,Consultation with a health professional about emotional or mental health,15.2,,,percent,e,v111449051,2019,2016A000211,Percent,units
2019,2019,Prince Edward Island,Both sexes,35 to 49 years,Consultation with a health professional about emotional or mental health,29.6,,,percent,e,v111449052,2019,2016A000211,Percent,units
2019,2019,Prince Edward Island,Both sexes,35 to 49 years,"Positive mental health, flourishing",,16100.0,,,,v111449055,2019,2016A000211,Number,units
2019,2019,Prince Edward Island,Both sexes,35 to 49 years,"Positive mental health, flourishing",,,37600.0,,,v111449056,2019,2016A000211,Number,units
2019,2019,Prince Edward Island,Both sexes,35 to 49 years,"Positive mental health, flourishing",81.8,,,percent,,v111449057,2019,2016A000211,Percent,units
2019,2019,Prince Edward Island,Both sexes,35 to 49 years,"Positive mental health, flourishing",65.4,,,percent,,v111449058,2019,2016A000211,Percent,units
2019,2019,Prince Edward Island,Both sexes,35 to 49 years,"Positive mental health, flourishing",91.4,,,percent,,v111449059,2019,2016A000211,Percent,units
2019,2019,Prince Edward Island,Both sexes,35 to 49 years,Suicidal thoughts (15 years and over),,1000.0,,,,v111449062,2019,2016A000211,Number,units
2019,2019,Prince Edward Island,Both sexes,35 to 49 years,Suicidal thoughts (15 years and over),,,3400.0,,,v111449063,2019,2016A000211,Number,units
2019,2019,Prince Edward Island,Both sexes,35 to 49 years,Suicidal thoughts (15 years and over),6.9,,,percent,e,v111449064,2019,2016A000211,Percent,units
2019,2019,Prince Edward Island,Both sexes,35 to 49 years,Suicidal thoughts (15 years and over),3.7,,,percent,e,v111449065,2019,2016A000211,Percent,units
2019,2019,Prince Edward Island,Both sexes,35 to 49 years,Suicidal thoughts (15 years and over),12.5,,,percent,e,v111449066,2019,2016A000211,Percent,units
2019,2019,Prince Edward Island,Females,35 to 49 years,Consultation with a health professional about emotional or mental health,,2800.0,,,,v111449090,2019,2016A000211,Number,units
2019,2019,Prince Edward Island,Females,35 to 49 years,Consultation with a health professional about emotional or mental health,,,5900.0,,,v111449091,2019,2016A000211,Number,units
2019,2019,Prince Edward Island,Females,35 to 49 years,Consultation with a health professional about emotional or mental health,28.6,,,percent,e,v111449092,2019,2016A000211,Percent,units
2019,2019,Prince Edward Island,Females,35 to 49 years,Consultation with a health professional about emotional or mental health,19.5,,,percent,e,v111449093,2019,2016A000211,Percent,units
2019,2019,Prince Edward Island,Females,35 to 49 years,Consultation with a health professional about emotional or mental health,39.8,,,percent,e,v111449094,2019,2016A000211,Percent,units
2019,2019,Prince Edward Island,Females,35 to 49 years,"Positive mental health, flourishing",,6500.0,,,,v111449097,2019,2016A000211,Number,units
2019,2019,Prince Edward Island,Females,35 to 49 years,"Positive mental health, flourishing",,,20400.0,,,v111449098,2019,2016A000211,Number,units
2019,2019,Prince Edward Island,Females,35 to 49 years,"Positive mental health, flourishing",77.1,,,percent,,v111449099,2019,2016A000211,Percent,units
2019,2019,Prince Edward Island,Females,35 to 49 years,"Positive mental health, flourishing",54.7,,,percent,,v111449100,2019,2016A000211,Percent,units
2019,2019,Prince Edward Island,Females,35 to 49 years,"Positive mental health, flourishing",90.4,,,percent,,v111449101,2019,2016A000211,Percent,units
2019,2019,Prince Edward Island,Females,35 to 49 years,Suicidal thoughts (15 years and over),,700.0,,,,v111449104,2019,2016A000211,Number,units
2019,2019,Prince Edward Island,Females,35 to 49 years,Suicidal thoughts (15 years and over),,,2600.0,,,v111449105,2019,2016A000211,Number,units
2019,2019,Prince Edward Island,Females,35 to 49 years,Suicidal thoughts (15 years and over),9.8,,,percent,e,v111449106,2019,2016A000211,Percent,units
2019,2019,Prince Edward Island,Females,35 to 49 years,Suicidal thoughts (15 years and over),5.0,,,percent,e,v111449107,2019,2016A000211,Percent,units
2019,2019,Prince Edward Island,Females,35 to 49 years,Suicidal thoughts (15 years and over),18.2,,,percent,e,v111449108,2019,2016A000211,Percent,units
2019,2019,Prince Edward Island,Males,35 to 49 years,"Positive mental health, flourishing",,6200.0,,,,v111449076,2019,2016A000211,Number,units
2019,2019,Prince Edward Island,Males,35 to 49 years,"Positive mental health, flourishing",,,23800.0,,,v111449077,2019,2016A000211,Number,units
2019,2019,Prince Edward Island,Both sexes,50 to 64 years,Consultation with a health professional about emotional or mental health,,3000.0,,,,v111449111,2019,2016A000211,Number,units
2019,2019,Prince Edward Island,Both sexes,50 to 64 years,Consultation with a health professional about emotional or mental health,,,7400.0,,,v111449112,2019,2016A000211,Number,units
2019,2019,Prince Edward Island,Both sexes,50 to 64 years,Consultation with a health professional about emotional or mental health,15.5,,,percent,e,v111449113,2019,2016A000211,Percent,units
2019,2019,Prince Edward Island,Both sexes,50 to 64 years,Consultation with a health professional about emotional or mental health,10.1,,,percent,e,v111449114,2019,2016A000211,Percent,units
2019,2019,Prince Edward Island,Both sexes,50 to 64 years,Consultation with a health professional about emotional or mental health,23.2,,,percent,e,v111449115,2019,2016A000211,Percent,units
2019,2019,Prince Edward Island,Both sexes,50 to 64 years,"Positive mental health, flourishing",,17800.0,,,,v111449118,2019,2016A000211,Number,units
2019,2019,Prince Edward Island,Both sexes,50 to 64 years,"Positive mental health, flourishing",,,40700.0,,,v111449119,2019,2016A000211,Number,units
2019,2019,Prince Edward Island,Both sexes,50 to 64 years,"Positive mental health, flourishing",79.0,,,percent,,v111449120,2019,2016A000211,Percent,units
2019,2019,Prince Edward Island,Both sexes,50 to 64 years,"Positive mental health, flourishing",62.9,,,percent,,v111449121,2019,2016A000211,Percent,units
2019,2019,Prince Edward Island,Both sexes,50 to 64 years,"Positive mental health, flourishing",89.3,,,percent,,v111449122,2019,2016A000211,Percent,units
2019,2019,Prince Edward Island,Both sexes,50 to 64 years,Suicidal thoughts (15 years and over),,1000.0,,,,v111449125,2019,2016A000211,Number,units
2019,2019,Prince Edward Island,Both sexes,50 to 64 years,Suicidal thoughts (15 years and over),,,4000.0,,,v111449126,2019,2016A000211,Number,units
2019,2019,Prince Edward Island,Both sexes,50 to 64 years,Suicidal thoughts (15 years and over),7.3,,,percent,e,v111449127,2019,2016A000211,Percent,units
2019,2019,Prince Edward Island,Both sexes,50 to 64 years,Suicidal thoughts (15 years and over),4.0,,,percent,e,v111449128,2019,2016A000211,Percent,units
2019,2019,Prince Edward Island,Both sexes,50 to 64 years,Suicidal thoughts (15 years and over),12.9,,,percent,e,v111449129,2019,2016A000211,Percent,units
2019,2019,Prince Edward Island,Females,50 to 64 years,Consultation with a health professional about emotional or mental health,,1900.0,,,,v111449153,2019,2016A000211,Number,units
2019,2019,Prince Edward Island,Females,50 to 64 years,Consultation with a health professional about emotional or mental health,,,5700.0,,,v111449154,2019,2016A000211,Number,units
2019,2019,Prince Edward Island,Females,50 to 64 years,Consultation with a health professional about emotional or mental health,23.1,,,percent,e,v111449155,2019,2016A000211,Percent,units
2019,2019,Prince Edward Island,Females,50 to 64 years,Consultation with a health professional about emotional or mental health,13.9,,,percent,e,v111449156,2019,2016A000211,Percent,units
2019,2019,Prince Edward Island,Females,50 to 64 years,Consultation with a health professional about emotional or mental health,36.0,,,percent,e,v111449157,2019,2016A000211,Percent,units
2019,2019,Prince Edward Island,Females,50 to 64 years,"Positive mental health, flourishing",,4900.0,,,,v111449160,2019,2016A000211,Number,units
2019,2019,Prince Edward Island,Females,50 to 64 years,"Positive mental health, flourishing",,,17000.0,,,v111449161,2019,2016A000211,Number,units
2019,2019,Prince Edward Island,Females,50 to 64 years,"Positive mental health, flourishing",85.3,,,percent,,v111449162,2019,2016A000211,Percent,units
2019,2019,Prince Edward Island,Females,50 to 64 years,"Positive mental health, flourishing",59.7,,,percent,,v111449163,2019,2016A000211,Percent,units
2019,2019,Prince Edward Island,Females,50 to 64 years,"Positive mental health, flourishing",95.8,,,percent,,v111449164,2019,2016A000211,Percent,units
2019,2019,Prince Edward Island,Males,50 to 64 years,"Positive mental health, flourishing",,9300.0,,,,v111449139,2019,2016A000211,Number,units
2019,2019,Prince Edward Island,Males,50 to 64 years,"Positive mental health, flourishing",,,29600.0,,,v111449140,2019,2016A000211,Number,units
2019,2019,Prince Edward Island,Males,50 to 64 years,"Positive mental health, flourishing",75.9,,,percent,,v111449141,2019,2016A000211,Percent,units
2019,2019,Prince Edward Island,Males,50 to 64 years,"Positive mental health, flourishing",53.5,,,percent,,v111449142,2019,2016A000211,Percent,units
2019,2019,Prince Edward Island,Males,50 to 64 years,"Positive mental health, flourishing",89.6,,,percent,,v111449143,2019,2016A000211,Percent,units
2019,2019,Prince Edward Island,Both sexes,65 years and over,Consultation with a health professional about emotional or mental health,,1700.0,,,,v111449174,2019,2016A000211,Number,units
2019,2019,Prince Edward Island,Both sexes,65 years and over,Consultation with a health professional about emotional or mental health,,,2600.0,,,v111449175,2019,2016A000211,Number,units
2019,2019,Prince Edward Island,Both sexes,65 years and over,Consultation with a health professional about emotional or mental health,8.0,,,percent,,v111449176,2019,2016A000211,Percent,units
2019,2019,Prince Edward Island,Both sexes,65 years and over,Consultation with a health professional about emotional or mental health,6.4,,,percent,,v111449177,2019,2016A000211,Percent,units
2019,2019,Prince Edward Island,Both sexes,65 years and over,Consultation with a health professional about emotional or mental health,9.9,,,percent,,v111449178,2019,2016A000211,Percent,units
2019,2019,Prince Edward Island,Both sexes,65 years and over,"Positive mental health, flourishing",,17500.0,,,,v111449181,2019,2016A000211,Number,units
2019,2019,Prince Edward Island,Both sexes,65 years and over,"Positive mental health, flourishing",,,35000.0,,,v111449182,2019,2016A000211,Number,units
2019,2019,Prince Edward Island,Both sexes,65 years and over,"Positive mental health, flourishing",91.4,,,percent,,v111449183,2019,2016A000211,Percent,units
2019,2019,Prince Edward Island,Both sexes,65 years and over,"Positive mental health, flourishing",80.4,,,percent,,v111449184,2019,2016A000211,Percent,units
2019,2019,Prince Edward Island,Both sexes,65 years and over,"Positive mental health, flourishing",96.5,,,percent,,v111449185,2019,2016A000211,Percent,units
2019,2019,Prince Edward Island,Both sexes,65 years and over,Suicidal thoughts (15 years and over),,1200.0,,,,v111449188,2019,2016A000211,Number,units
2019,2019,Prince Edward Island,Both sexes,65 years and over,Suicidal thoughts (15 years and over),,,2000.0,,,v111449189,2019,2016A000211,Number,units
2019,2019,Prince Edward Island,Both sexes,65 years and over,Suicidal thoughts (15 years and over),5.9,,,percent,,v111449190,2019,2016A000211,Percent,units
2019,2019,Prince Edward Island,Both sexes,65 years and over,Suicidal thoughts (15 years and over),4.6,,,percent,,v111449191,2019,2016A000211,Percent,units
2019,2019,Prince Edward Island,Both sexes,65 years and over,Suicidal thoughts (15 years and over),7.4,,,percent,,v111449192,2019,2016A000211,Percent,units
2019,2019,Prince Edward Island,Females,65 years and over,Consultation with a health professional about emotional or mental health,,1000.0,,,,v111449216,2019,2016A000211,Number,units
2019,2019,Prince Edward Island,Females,65 years and over,Consultation with a health professional about emotional or mental health,,,1800.0,,,v111449217,2019,2016A000211,Number,units
2019,2019,Prince Edward Island,Females,65 years and over,Consultation with a health professional about emotional or mental health,9.4,,,percent,,v111449218,2019,2016A000211,Percent,units
2019,2019,Prince Edward Island,Females,65 years and over,Consultation with a health professional about emotional or mental health,7.3,,,percent,,v111449219,2019,2016A000211,Percent,units
2019,2019,Prince Edward Island,Females,65 years and over,Consultation with a health professional about emotional or mental health,12.1,,,percent,,v111449220,2019,2016A000211,Percent,units
2019,2019,Prince Edward Island,Females,65 years and over,"Positive mental health, flourishing",,7200.0,,,,v111449223,2019,2016A000211,Number,units
2019,2019,Prince Edward Island,Females,65 years and over,"Positive mental health, flourishing",,,18500.0,,,v111449224,2019,2016A000211,Number,units
2019,2019,Prince Edward Island,Females,65 years and over,"Positive mental health, flourishing",86.9,,,percent,,v111449225,2019,2016A000211,Percent,units
2019,2019,Prince Edward Island,Females,65 years and over,"Positive mental health, flourishing",68.4,,,percent,,v111449226,2019,2016A000211,Percent,units
2019,2019,Prince Edward Island,Females,65 years and over,"Positive mental health, flourishing",95.3,,,percent,,v111449227,2019,2016A000211,Percent,units
2019,2019,Prince Edward Island,Females,65 years and over,Suicidal thoughts (15 years and over),,700.0,,,,v111449230,2019,2016A000211,Number,units
2019,2019,Prince Edward Island,Females,65 years and over,Suicidal thoughts (15 years and over),,,1200.0,,,v111449231,2019,2016A000211,Number,units
2019,2019,Prince Edward Island,Females,65 years and over,Suicidal thoughts (15 years and over),6.2,,,percent,e,v111449232,2019,2016A000211,Percent,units
2019,2019,Prince Edward Island,Females,65 years and over,Suicidal thoughts (15 years and over),4.5,,,percent,e,v111449233,2019,2016A000211,Percent,units
2019,2019,Prince Edward Island,Females,65 years and over,Suicidal thoughts (15 years and over),8.5,,,percent,e,v111449234,2019,2016A000211,Percent,units
2019,2019,Prince Edward Island,Males,65 years and over,Consultation with a health professional about emotional or mental health,,500.0,,,,v111449195,2019,2016A000211,Number,units
2019,2019,Prince Edward Island,Males,65 years and over,Consultation with a health professional about emotional or mental health,,,1000.0,,,v111449196,2019,2016A000211,Number,units
2019,2019,Prince Edward Island,Males,65 years and over,Consultation with a health professional about emotional or mental health,6.2,,,percent,e,v111449197,2019,2016A000211,Percent,units
2019,2019,Prince Edward Island,Males,65 years and over,Consultation with a health professional about emotional or mental health,4.3,,,percent,e,v111449198,2019,2016A000211,Percent,units
2019,2019,Prince Edward Island,Males,65 years and over,Consultation with a health professional about emotional or mental health,8.8,,,percent,e,v111449199,2019,2016A000211,Percent,units
2019,2019,Prince Edward Island,Males,65 years and over,"Positive mental health, flourishing",,6900.0,,,,v111449202,2019,2016A000211,Number,units
2019,2019,Prince Edward Island,Males,65 years and over,"Positive mental health, flourishing",,,20900.0,,,v111449203,2019,2016A000211,Number,units
2019,2019,Prince Edward Island,Males,65 years and over,"Positive mental health, flourishing",95.8,,,percent,,v111449204,2019,2016A000211,Percent,units
2019,2019,Prince Edward Island,Males,65 years and over,"Positive mental health, flourishing",83.1,,,percent,,v111449205,2019,2016A000211,Percent,units
2019,2019,Prince Edward Island,Males,65 years and over,"Positive mental health, flourishing",99.1,,,percent,,v111449206,2019,2016A000211,Percent,units
2019,2019,Prince Edward Island,Males,65 years and over,Suicidal thoughts (15 years and over),,400.0,,,,v111449209,2019,2016A000211,Number,units
2019,2019,Prince Edward Island,Males,65 years and over,Suicidal thoughts (15 years and over),,,900.0,,,v111449210,2019,2016A000211,Number,units
2019,2019,Prince Edward Island,Males,65 years and over,Suicidal thoughts (15 years and over),5.4,,,percent,e,v111449211,2019,2016A000211,Percent,units
2019,2019,Prince Edward Island,Males,65 years and over,Suicidal thoughts (15 years and over),3.9,,,percent,e,v111449212,2019,2016A000211,Percent,units
2019,2019,Prince Edward Island,Males,65 years and over,Suicidal thoughts (15 years and over),7.5,,,percent,e,v111449213,2019,2016A000211,Percent,units
2019,2019,Prince Edward Island,Both sexes,"Total, 12 years and over",Consultation with a health professional about emotional or mental health,,21600.0,,,,v111448859,2019,2016A000211,Number,units
2019,2019,Prince Edward Island,Both sexes,"Total, 12 years and over",Consultation with a health professional about emotional or mental health,,,30100.0,,,v111448860,2019,2016A000211,Number,units
2019,2019,Prince Edward Island,Both sexes,"Total, 12 years and over",Consultation with a health professional about emotional or mental health,19.9,,,percent,,v111448861,2019,2016A000211,Percent,units
2019,2019,Prince Edward Island,Both sexes,"Total, 12 years and over",Consultation with a health professional about emotional or mental health,16.9,,,percent,,v111448862,2019,2016A000211,Percent,units
2019,2019,Prince Edward Island,Both sexes,"Total, 12 years and over",Consultation with a health professional about emotional or mental health,23.2,,,percent,,v111448863,2019,2016A000211,Percent,units
2019,2019,Prince Edward Island,Both sexes,"Total, 12 years and over","Positive mental health, flourishing",,93700.0,,,,v111448866,2019,2016A000211,Number,units
2019,2019,Prince Edward Island,Both sexes,"Total, 12 years and over","Positive mental health, flourishing",,,132200.0,,,v111448867,2019,2016A000211,Number,units
2019,2019,Prince Edward Island,Both sexes,"Total, 12 years and over","Positive mental health, flourishing",82.0,,,percent,,v111448868,2019,2016A000211,Percent,units
2019,2019,Prince Edward Island,Both sexes,"Total, 12 years and over","Positive mental health, flourishing",74.9,,,percent,,v111448869,2019,2016A000211,Percent,units
2019,2019,Prince Edward Island,Both sexes,"Total, 12 years and over","Positive mental health, flourishing",87.5,,,percent,,v111448870,2019,2016A000211,Percent,units
2019,2019,Prince Edward Island,Both sexes,"Total, 12 years and over",Suicidal thoughts (15 years and over),,10900.0,,,,v111448873,2019,2016A000211,Number,units
2019,2019,Prince Edward Island,Both sexes,"Total, 12 years and over",Suicidal thoughts (15 years and over),,,17600.0,,,v111448874,2019,2016A000211,Number,units
2019,2019,Prince Edward Island,Both sexes,"Total, 12 years and over",Suicidal thoughts (15 years and over),11.1,,,percent,,v111448875,2019,2016A000211,Percent,units
2019,2019,Prince Edward Island,Both sexes,"Total, 12 years and over",Suicidal thoughts (15 years and over),8.8,,,percent,,v111448876,2019,2016A000211,Percent,units
2019,2019,Prince Edward Island,Both sexes,"Total, 12 years and over",Suicidal thoughts (15 years and over),14.0,,,percent,,v111448877,2019,2016A000211,Percent,units
2019,2019,Prince Edward Island,Females,"Total, 12 years and over",Consultation with a health professional about emotional or mental health,,14900.0,,,,v111448901,2019,2016A000211,Number,units
2019,2019,Prince Edward Island,Females,"Total, 12 years and over",Consultation with a health professional about emotional or mental health,,,21200.0,,,v111448902,2019,2016A000211,Number,units
2019,2019,Prince Edward Island,Females,"Total, 12 years and over",Consultation with a health professional about emotional or mental health,27.8,,,percent,,v111448903,2019,2016A000211,Percent,units
2019,2019,Prince Edward Island,Females,"Total, 12 years and over",Consultation with a health professional about emotional or mental health,23.0,,,percent,,v111448904,2019,2016A000211,Percent,units
2019,2019,Prince Edward Island,Females,"Total, 12 years and over",Consultation with a health professional about emotional or mental health,33.0,,,percent,,v111448905,2019,2016A000211,Percent,units
2019,2019,Prince Edward Island,Females,"Total, 12 years and over","Positive mental health, flourishing",,39600.0,,,,v111448908,2019,2016A000211,Number,units
2019,2019,Prince Edward Island,Females,"Total, 12 years and over","Positive mental health, flourishing",,,65600.0,,,v111448909,2019,2016A000211,Number,units
2019,2019,Prince Edward Island,Females,"Total, 12 years and over","Positive mental health, flourishing",80.3,,,percent,,v111448910,2019,2016A000211,Percent,units
2019,2019,Prince Edward Island,Females,"Total, 12 years and over","Positive mental health, flourishing",70.2,,,percent,,v111448911,2019,2016A000211,Percent,units
2019,2019,Prince Edward Island,Females,"Total, 12 years and over","Positive mental health, flourishing",87.6,,,percent,,v111448912,2019,2016A000211,Percent,units
2019,2019,Prince Edward Island,Females,"Total, 12 years and over",Suicidal thoughts (15 years and over),,6700.0,,,,v111448915,2019,2016A000211,Number,units
2019,2019,Prince Edward Island,Females,"Total, 12 years and over",Suicidal thoughts (15 years and over),,,11700.0,,,v111448916,2019,2016A000211,Number,units
2019,2019,Prince Edward Island,Females,"Total, 12 years and over",Suicidal thoughts (15 years and over),14.2,,,percent,,v111448917,2019,2016A000211,Percent,units
2019,2019,Prince Edward Island,Females,"Total, 12 years and over",Suicidal thoughts (15 years and over),10.7,,,percent,,v111448918,2019,2016A000211,Percent,units
2019,2019,Prince Edward Island,Females,"Total, 12 years and over",Suicidal thoughts (15 years and over),18.5,,,percent,,v111448919,2019,2016A000211,Percent,units
2019,2019,Prince Edward Island,Males,"Total, 12 years and over",Consultation with a health professional about emotional or mental health,,5100.0,,,,v111448880,2019,2016A000211,Number,units
2019,2019,Prince Edward Island,Males,"Total, 12 years and over",Consultation with a health professional about emotional or mental health,,,10400.0,,,v111448881,2019,2016A000211,Number,units
2019,2019,Prince Edward Island,Males,"Total, 12 years and over",Consultation with a health professional about emotional or mental health,11.6,,,percent,e,v111448882,2019,2016A000211,Percent,units
2019,2019,Prince Edward Island,Males,"Total, 12 years and over",Consultation with a health professional about emotional or mental health,8.1,,,percent,e,v111448883,2019,2016A000211,Percent,units
2019,2019,Prince Edward Island,Males,"Total, 12 years and over",Consultation with a health professional about emotional or mental health,16.3,,,percent,e,v111448884,2019,2016A000211,Percent,units
2019,2019,Prince Edward Island,Males,"Total, 12 years and over","Positive mental health, flourishing",,44100.0,,,,v111448887,2019,2016A000211,Number,units
2019,2019,Prince Edward Island,Males,"Total, 12 years and over","Positive mental health, flourishing",,,78400.0,,,v111448888,2019,2016A000211,Number,units
2019,2019,Prince Edward Island,Males,"Total, 12 years and over","Positive mental health, flourishing",83.5,,,percent,,v111448889,2019,2016A000211,Percent,units
2019,2019,Prince Edward Island,Males,"Total, 12 years and over","Positive mental health, flourishing",73.0,,,percent,,v111448890,2019,2016A000211,Percent,units
2019,2019,Prince Edward Island,Males,"Total, 12 years and over","Positive mental health, flourishing",90.5,,,percent,,v111448891,2019,2016A000211,Percent,units
2019,2019,Prince Edward Island,Males,"Total, 12 years and over",Suicidal thoughts (15 years and over),,3000.0,,,,v111448894,2019,2016A000211,Number,units
2019,2019,Prince Edward Island,Males,"Total, 12 years and over",Suicidal thoughts (15 years and over),,,7000.0,,,v111448895,2019,2016A000211,Number,units
2019,2019,Prince Edward Island,Males,"Total, 12 years and over",Suicidal thoughts (15 years and over),7.9,,,percent,e,v111448896,2019,2016A000211,Percent,units
2019,2019,Prince Edward Island,Males,"Total, 12 years and over",Suicidal thoughts (15 years and over),5.2,,,percent,e,v111448897,2019,2016A000211,Percent,units
2019,2019,Prince Edward Island,Males,"Total, 12 years and over",Suicidal thoughts (15 years and over),12.0,,,percent,e,v111448898,2019,2016A000211,Percent,units
2019,2019,Quebec,Both sexes,12 to 17 years,Consultation with a health professional about emotional or mental health,,50700.0,,,,v111450056,2019,2016A000224,Number,units
2019,2019,Quebec,Both sexes,12 to 17 years,Consultation with a health professional about emotional or mental health,,,78000.0,,,v111450057,2019,2016A000224,Number,units
2019,2019,Quebec,Both sexes,12 to 17 years,Consultation with a health professional about emotional or mental health,13.7,,,percent,,v111450058,2019,2016A000224,Percent,units
2019,2019,Quebec,Both sexes,12 to 17 years,Consultation with a health professional about emotional or mental health,11.0,,,percent,,v111450059,2019,2016A000224,Percent,units
2019,2019,Quebec,Both sexes,12 to 17 years,Consultation with a health professional about emotional or mental health,17.0,,,percent,,v111450060,2019,2016A000224,Percent,units
2019,2019,Quebec,Both sexes,12 to 17 years,"Positive mental health, flourishing",,355300.0,,,,v111450063,2019,2016A000224,Number,units
2019,2019,Quebec,Both sexes,12 to 17 years,"Positive mental health, flourishing",,,416300.0,,,v111450064,2019,2016A000224,Number,units
2019,2019,Quebec,Both sexes,12 to 17 years,"Positive mental health, flourishing",82.8,,,percent,,v111450065,2019,2016A000224,Percent,units
2019,2019,Quebec,Both sexes,12 to 17 years,"Positive mental health, flourishing",76.0,,,percent,,v111450066,2019,2016A000224,Percent,units
2019,2019,Quebec,Both sexes,12 to 17 years,"Positive mental health, flourishing",88.0,,,percent,,v111450067,2019,2016A000224,Percent,units
2019,2019,Quebec,Both sexes,12 to 17 years,Suicidal thoughts (15 years and over),,11400.0,,,,v111450070,2019,2016A000224,Number,units
2019,2019,Quebec,Both sexes,12 to 17 years,Suicidal thoughts (15 years and over),,,24000.0,,,v111450071,2019,2016A000224,Number,units
2019,2019,Quebec,Both sexes,12 to 17 years,Suicidal thoughts (15 years and over),7.4,,,percent,e,v111450072,2019,2016A000224,Percent,units
2019,2019,Quebec,Both sexes,12 to 17 years,Suicidal thoughts (15 years and over),5.1,,,percent,e,v111450073,2019,2016A000224,Percent,units
2019,2019,Quebec,Both sexes,12 to 17 years,Suicidal thoughts (15 years and over),10.5,,,percent,e,v111450074,2019,2016A000224,Percent,units
2019,2019,Quebec,Females,12 to 17 years,Consultation with a health professional about emotional or mental health,,36700.0,,,,v111450098,2019,2016A000224,Number,units
2019,2019,Quebec,Females,12 to 17 years,Consultation with a health professional about emotional or mental health,,,61800.0,,,v111450099,2019,2016A000224,Number,units
2019,2019,Quebec,Females,12 to 17 years,Consultation with a health professional about emotional or mental health,21.4,,,percent,,v111450100,2019,2016A000224,Percent,units
2019,2019,Quebec,Females,12 to 17 years,Consultation with a health professional about emotional or mental health,16.6,,,percent,,v111450101,2019,2016A000224,Percent,units
2019,2019,Quebec,Females,12 to 17 years,Consultation with a health professional about emotional or mental health,27.2,,,percent,,v111450102,2019,2016A000224,Percent,units
2019,2019,Quebec,Females,12 to 17 years,"Positive mental health, flourishing",,155500.0,,,,v111450105,2019,2016A000224,Number,units
2019,2019,Quebec,Females,12 to 17 years,"Positive mental health, flourishing",,,200300.0,,,v111450106,2019,2016A000224,Number,units
2019,2019,Quebec,Females,12 to 17 years,"Positive mental health, flourishing",77.3,,,percent,,v111450107,2019,2016A000224,Percent,units
2019,2019,Quebec,Females,12 to 17 years,"Positive mental health, flourishing",66.4,,,percent,,v111450108,2019,2016A000224,Percent,units
2019,2019,Quebec,Females,12 to 17 years,"Positive mental health, flourishing",85.4,,,percent,,v111450109,2019,2016A000224,Percent,units
2019,2019,Quebec,Females,12 to 17 years,Suicidal thoughts (15 years and over),,8700.0,,,,v111450112,2019,2016A000224,Number,units
2019,2019,Quebec,Females,12 to 17 years,Suicidal thoughts (15 years and over),,,20600.0,,,v111450113,2019,2016A000224,Number,units
2019,2019,Quebec,Females,12 to 17 years,Suicidal thoughts (15 years and over),12.6,,,percent,e,v111450114,2019,2016A000224,Percent,units
2019,2019,Quebec,Females,12 to 17 years,Suicidal thoughts (15 years and over),8.4,,,percent,e,v111450115,2019,2016A000224,Percent,units
2019,2019,Quebec,Females,12 to 17 years,Suicidal thoughts (15 years and over),18.5,,,percent,e,v111450116,2019,2016A000224,Percent,units
2019,2019,Quebec,Males,12 to 17 years,Consultation with a health professional about emotional or mental health,,9500.0,,,,v111450077,2019,2016A000224,Number,units
2019,2019,Quebec,Males,12 to 17 years,Consultation with a health professional about emotional or mental health,,,21200.0,,,v111450078,2019,2016A000224,Number,units
2019,2019,Quebec,Males,12 to 17 years,Consultation with a health professional about emotional or mental health,6.3,,,percent,e,v111450079,2019,2016A000224,Percent,units
2019,2019,Quebec,Males,12 to 17 years,Consultation with a health professional about emotional or mental health,4.3,,,percent,e,v111450080,2019,2016A000224,Percent,units
2019,2019,Quebec,Males,12 to 17 years,Consultation with a health professional about emotional or mental health,9.3,,,percent,e,v111450081,2019,2016A000224,Percent,units
2019,2019,Quebec,Males,12 to 17 years,"Positive mental health, flourishing",,189100.0,,,,v111450084,2019,2016A000224,Number,units
2019,2019,Quebec,Males,12 to 17 years,"Positive mental health, flourishing",,,225900.0,,,v111450085,2019,2016A000224,Number,units
2019,2019,Quebec,Males,12 to 17 years,"Positive mental health, flourishing",88.1,,,percent,,v111450086,2019,2016A000224,Percent,units
2019,2019,Quebec,Males,12 to 17 years,"Positive mental health, flourishing",79.5,,,percent,,v111450087,2019,2016A000224,Percent,units
2019,2019,Quebec,Males,12 to 17 years,"Positive mental health, flourishing",93.4,,,percent,,v111450088,2019,2016A000224,Percent,units
2019,2019,Quebec,Both sexes,18 to 34 years,Consultation with a health professional about emotional or mental health,,285200.0,,,,v111450119,2019,2016A000224,Number,units
2019,2019,Quebec,Both sexes,18 to 34 years,Consultation with a health professional about emotional or mental health,,,365900.0,,,v111450120,2019,2016A000224,Number,units
2019,2019,Quebec,Both sexes,18 to 34 years,Consultation with a health professional about emotional or mental health,18.9,,,percent,,v111450121,2019,2016A000224,Percent,units
2019,2019,Quebec,Both sexes,18 to 34 years,Consultation with a health professional about emotional or mental health,16.7,,,percent,,v111450122,2019,2016A000224,Percent,units
2019,2019,Quebec,Both sexes,18 to 34 years,Consultation with a health professional about emotional or mental health,21.2,,,percent,,v111450123,2019,2016A000224,Percent,units
2019,2019,Quebec,Both sexes,18 to 34 years,"Positive mental health, flourishing",,1360800.0,,,,v111450126,2019,2016A000224,Number,units
2019,2019,Quebec,Both sexes,18 to 34 years,"Positive mental health, flourishing",,,1510700.0,,,v111450127,2019,2016A000224,Number,units
2019,2019,Quebec,Both sexes,18 to 34 years,"Positive mental health, flourishing",83.0,,,percent,,v111450128,2019,2016A000224,Percent,units
2019,2019,Quebec,Both sexes,18 to 34 years,"Positive mental health, flourishing",78.6,,,percent,,v111450129,2019,2016A000224,Percent,units
2019,2019,Quebec,Both sexes,18 to 34 years,"Positive mental health, flourishing",86.7,,,percent,,v111450130,2019,2016A000224,Percent,units
2019,2019,Quebec,Both sexes,18 to 34 years,Suicidal thoughts (15 years and over),,223400.0,,,,v111450133,2019,2016A000224,Number,units
2019,2019,Quebec,Both sexes,18 to 34 years,Suicidal thoughts (15 years and over),,,299700.0,,,v111450134,2019,2016A000224,Number,units
2019,2019,Quebec,Both sexes,18 to 34 years,Suicidal thoughts (15 years and over),15.1,,,percent,,v111450135,2019,2016A000224,Percent,units
2019,2019,Quebec,Both sexes,18 to 34 years,Suicidal thoughts (15 years and over),13.0,,,percent,,v111450136,2019,2016A000224,Percent,units
2019,2019,Quebec,Both sexes,18 to 34 years,Suicidal thoughts (15 years and over),17.5,,,percent,,v111450137,2019,2016A000224,Percent,units
2019,2019,Quebec,Females,18 to 34 years,Consultation with a health professional about emotional or mental health,,191100.0,,,,v111450161,2019,2016A000224,Number,units
2019,2019,Quebec,Females,18 to 34 years,Consultation with a health professional about emotional or mental health,,,257600.0,,,v111450162,2019,2016A000224,Number,units
2019,2019,Quebec,Females,18 to 34 years,Consultation with a health professional about emotional or mental health,26.4,,,percent,,v111450163,2019,2016A000224,Percent,units
2019,2019,Quebec,Females,18 to 34 years,Consultation with a health professional about emotional or mental health,22.8,,,percent,,v111450164,2019,2016A000224,Percent,units
2019,2019,Quebec,Females,18 to 34 years,Consultation with a health professional about emotional or mental health,30.3,,,percent,,v111450165,2019,2016A000224,Percent,units
2019,2019,Quebec,Females,18 to 34 years,"Positive mental health, flourishing",,627700.0,,,,v111450168,2019,2016A000224,Number,units
2019,2019,Quebec,Females,18 to 34 years,"Positive mental health, flourishing",,,735900.0,,,v111450169,2019,2016A000224,Number,units
2019,2019,Quebec,Females,18 to 34 years,"Positive mental health, flourishing",80.1,,,percent,,v111450170,2019,2016A000224,Percent,units
2019,2019,Quebec,Females,18 to 34 years,"Positive mental health, flourishing",73.6,,,percent,,v111450171,2019,2016A000224,Percent,units
2019,2019,Quebec,Females,18 to 34 years,"Positive mental health, flourishing",85.3,,,percent,,v111450172,2019,2016A000224,Percent,units
2019,2019,Quebec,Females,18 to 34 years,Suicidal thoughts (15 years and over),,109500.0,,,,v111450175,2019,2016A000224,Number,units
2019,2019,Quebec,Females,18 to 34 years,Suicidal thoughts (15 years and over),,,168100.0,,,v111450176,2019,2016A000224,Number,units
2019,2019,Quebec,Females,18 to 34 years,Suicidal thoughts (15 years and over),16.0,,,percent,,v111450177,2019,2016A000224,Percent,units
2019,2019,Quebec,Females,18 to 34 years,Suicidal thoughts (15 years and over),12.9,,,percent,,v111450178,2019,2016A000224,Percent,units
2019,2019,Quebec,Females,18 to 34 years,Suicidal thoughts (15 years and over),19.7,,,percent,,v111450179,2019,2016A000224,Percent,units
2019,2019,Quebec,Males,18 to 34 years,Consultation with a health professional about emotional or mental health,,77600.0,,,,v111450140,2019,2016A000224,Number,units
2019,2019,Quebec,Males,18 to 34 years,Consultation with a health professional about emotional or mental health,,,122200.0,,,v111450141,2019,2016A000224,Number,units
2019,2019,Quebec,Males,18 to 34 years,Consultation with a health professional about emotional or mental health,11.5,,,percent,,v111450142,2019,2016A000224,Percent,units
2019,2019,Quebec,Males,18 to 34 years,Consultation with a health professional about emotional or mental health,9.2,,,percent,,v111450143,2019,2016A000224,Percent,units
2019,2019,Quebec,Males,18 to 34 years,Consultation with a health professional about emotional or mental health,14.3,,,percent,,v111450144,2019,2016A000224,Percent,units
2019,2019,Quebec,Males,18 to 34 years,"Positive mental health, flourishing",,705300.0,,,,v111450147,2019,2016A000224,Number,units
2019,2019,Quebec,Males,18 to 34 years,"Positive mental health, flourishing",,,798300.0,,,v111450148,2019,2016A000224,Number,units
2019,2019,Quebec,Males,18 to 34 years,"Positive mental health, flourishing",85.8,,,percent,,v111450149,2019,2016A000224,Percent,units
2019,2019,Quebec,Males,18 to 34 years,"Positive mental health, flourishing",79.8,,,percent,,v111450150,2019,2016A000224,Percent,units
2019,2019,Quebec,Males,18 to 34 years,"Positive mental health, flourishing",90.3,,,percent,,v111450151,2019,2016A000224,Percent,units
2019,2019,Quebec,Males,18 to 34 years,Suicidal thoughts (15 years and over),,97600.0,,,,v111450154,2019,2016A000224,Number,units
2019,2019,Quebec,Males,18 to 34 years,Suicidal thoughts (15 years and over),,,148200.0,,,v111450155,2019,2016A000224,Number,units
2019,2019,Quebec,Males,18 to 34 years,Suicidal thoughts (15 years and over),14.2,,,percent,,v111450156,2019,2016A000224,Percent,units
2019,2019,Quebec,Males,18 to 34 years,Suicidal thoughts (15 years and over),11.5,,,percent,,v111450157,2019,2016A000224,Percent,units
2019,2019,Quebec,Males,18 to 34 years,Suicidal thoughts (15 years and over),17.4,,,percent,,v111450158,2019,2016A000224,Percent,units
2019,2019,Quebec,Both sexes,35 to 49 years,Consultation with a health professional about emotional or mental health,,259700.0,,,,v111450182,2019,2016A000224,Number,units
2019,2019,Quebec,Both sexes,35 to 49 years,Consultation with a health professional about emotional or mental health,,,327500.0,,,v111450183,2019,2016A000224,Number,units
2019,2019,Quebec,Both sexes,35 to 49 years,Consultation with a health professional about emotional or mental health,17.8,,,percent,,v111450184,2019,2016A000224,Percent,units
2019,2019,Quebec,Both sexes,35 to 49 years,Consultation with a health professional about emotional or mental health,15.8,,,percent,,v111450185,2019,2016A000224,Percent,units
2019,2019,Quebec,Both sexes,35 to 49 years,Consultation with a health professional about emotional or mental health,19.9,,,percent,,v111450186,2019,2016A000224,Percent,units
2019,2019,Quebec,Both sexes,35 to 49 years,"Positive mental health, flourishing",,1248700.0,,,,v111450189,2019,2016A000224,Number,units
2019,2019,Quebec,Both sexes,35 to 49 years,"Positive mental health, flourishing",,,1403900.0,,,v111450190,2019,2016A000224,Number,units
2019,2019,Quebec,Both sexes,35 to 49 years,"Positive mental health, flourishing",80.3,,,percent,,v111450191,2019,2016A000224,Percent,units
2019,2019,Quebec,Both sexes,35 to 49 years,"Positive mental health, flourishing",75.0,,,percent,,v111450192,2019,2016A000224,Percent,units
2019,2019,Quebec,Both sexes,35 to 49 years,"Positive mental health, flourishing",84.7,,,percent,,v111450193,2019,2016A000224,Percent,units
2019,2019,Quebec,Both sexes,35 to 49 years,Suicidal thoughts (15 years and over),,182300.0,,,,v111450196,2019,2016A000224,Number,units
2019,2019,Quebec,Both sexes,35 to 49 years,Suicidal thoughts (15 years and over),,,237500.0,,,v111450197,2019,2016A000224,Number,units
2019,2019,Quebec,Both sexes,35 to 49 years,Suicidal thoughts (15 years and over),12.7,,,percent,,v111450198,2019,2016A000224,Percent,units
2019,2019,Quebec,Both sexes,35 to 49 years,Suicidal thoughts (15 years and over),11.1,,,percent,,v111450199,2019,2016A000224,Percent,units
2019,2019,Quebec,Both sexes,35 to 49 years,Suicidal thoughts (15 years and over),14.6,,,percent,,v111450200,2019,2016A000224,Percent,units
2019,2019,Quebec,Females,35 to 49 years,Consultation with a health professional about emotional or mental health,,160600.0,,,,v111450224,2019,2016A000224,Number,units
2019,2019,Quebec,Females,35 to 49 years,Consultation with a health professional about emotional or mental health,,,218100.0,,,v111450225,2019,2016A000224,Number,units
2019,2019,Quebec,Females,35 to 49 years,Consultation with a health professional about emotional or mental health,23.1,,,percent,,v111450226,2019,2016A000224,Percent,units
2019,2019,Quebec,Females,35 to 49 years,Consultation with a health professional about emotional or mental health,19.9,,,percent,,v111450227,2019,2016A000224,Percent,units
2019,2019,Quebec,Females,35 to 49 years,Consultation with a health professional about emotional or mental health,26.7,,,percent,,v111450228,2019,2016A000224,Percent,units
2019,2019,Quebec,Females,35 to 49 years,"Positive mental health, flourishing",,625300.0,,,,v111450231,2019,2016A000224,Number,units
2019,2019,Quebec,Females,35 to 49 years,"Positive mental health, flourishing",,,731300.0,,,v111450232,2019,2016A000224,Number,units
2019,2019,Quebec,Females,35 to 49 years,"Positive mental health, flourishing",83.1,,,percent,,v111450233,2019,2016A000224,Percent,units
2019,2019,Quebec,Females,35 to 49 years,"Positive mental health, flourishing",75.8,,,percent,,v111450234,2019,2016A000224,Percent,units
2019,2019,Quebec,Females,35 to 49 years,"Positive mental health, flourishing",88.5,,,percent,,v111450235,2019,2016A000224,Percent,units
2019,2019,Quebec,Females,35 to 49 years,Suicidal thoughts (15 years and over),,98500.0,,,,v111450238,2019,2016A000224,Number,units
2019,2019,Quebec,Females,35 to 49 years,Suicidal thoughts (15 years and over),,,143300.0,,,v111450239,2019,2016A000224,Number,units
2019,2019,Quebec,Females,35 to 49 years,Suicidal thoughts (15 years and over),14.7,,,percent,,v111450240,2019,2016A000224,Percent,units
2019,2019,Quebec,Females,35 to 49 years,Suicidal thoughts (15 years and over),12.2,,,percent,,v111450241,2019,2016A000224,Percent,units
2019,2019,Quebec,Females,35 to 49 years,Suicidal thoughts (15 years and over),17.6,,,percent,,v111450242,2019,2016A000224,Percent,units
2019,2019,Quebec,Males,35 to 49 years,Consultation with a health professional about emotional or mental health,,85000.0,,,,v111450203,2019,2016A000224,Number,units
2019,2019,Quebec,Males,35 to 49 years,Consultation with a health professional about emotional or mental health,,,127700.0,,,v111450204,2019,2016A000224,Number,units
2019,2019,Quebec,Males,35 to 49 years,Consultation with a health professional about emotional or mental health,12.5,,,percent,,v111450205,2019,2016A000224,Percent,units
2019,2019,Quebec,Males,35 to 49 years,Consultation with a health professional about emotional or mental health,10.2,,,percent,,v111450206,2019,2016A000224,Percent,units
2019,2019,Quebec,Males,35 to 49 years,Consultation with a health professional about emotional or mental health,15.2,,,percent,,v111450207,2019,2016A000224,Percent,units
2019,2019,Quebec,Males,35 to 49 years,"Positive mental health, flourishing",,586800.0,,,,v111450210,2019,2016A000224,Number,units
2019,2019,Quebec,Males,35 to 49 years,"Positive mental health, flourishing",,,705300.0,,,v111450211,2019,2016A000224,Number,units
2019,2019,Quebec,Males,35 to 49 years,"Positive mental health, flourishing",77.5,,,percent,,v111450212,2019,2016A000224,Percent,units
2019,2019,Quebec,Males,35 to 49 years,"Positive mental health, flourishing",69.7,,,percent,,v111450213,2019,2016A000224,Percent,units
2019,2019,Quebec,Males,35 to 49 years,"Positive mental health, flourishing",83.7,,,percent,,v111450214,2019,2016A000224,Percent,units
2019,2019,Quebec,Males,35 to 49 years,Suicidal thoughts (15 years and over),,69900.0,,,,v111450217,2019,2016A000224,Number,units
2019,2019,Quebec,Males,35 to 49 years,Suicidal thoughts (15 years and over),,,109400.0,,,v111450218,2019,2016A000224,Number,units
2019,2019,Quebec,Males,35 to 49 years,Suicidal thoughts (15 years and over),10.7,,,percent,,v111450219,2019,2016A000224,Percent,units
2019,2019,Quebec,Males,35 to 49 years,Suicidal thoughts (15 years and over),8.6,,,percent,,v111450220,2019,2016A000224,Percent,units
2019,2019,Quebec,Males,35 to 49 years,Suicidal thoughts (15 years and over),13.4,,,percent,,v111450221,2019,2016A000224,Percent,units
2019,2019,Quebec,Both sexes,50 to 64 years,Consultation with a health professional about emotional or mental health,,179600.0,,,,v111450245,2019,2016A000224,Number,units
2019,2019,Quebec,Both sexes,50 to 64 years,Consultation with a health professional about emotional or mental health,,,239200.0,,,v111450246,2019,2016A000224,Number,units
2019,2019,Quebec,Both sexes,50 to 64 years,Consultation with a health professional about emotional or mental health,11.8,,,percent,,v111450247,2019,2016A000224,Percent,units
2019,2019,Quebec,Both sexes,50 to 64 years,Consultation with a health professional about emotional or mental health,10.2,,,percent,,v111450248,2019,2016A000224,Percent,units
2019,2019,Quebec,Both sexes,50 to 64 years,Consultation with a health professional about emotional or mental health,13.7,,,percent,,v111450249,2019,2016A000224,Percent,units
2019,2019,Quebec,Both sexes,50 to 64 years,"Positive mental health, flourishing",,1284700.0,,,,v111450252,2019,2016A000224,Number,units
2019,2019,Quebec,Both sexes,50 to 64 years,"Positive mental health, flourishing",,,1458600.0,,,v111450253,2019,2016A000224,Number,units
2019,2019,Quebec,Both sexes,50 to 64 years,"Positive mental health, flourishing",77.3,,,percent,,v111450254,2019,2016A000224,Percent,units
2019,2019,Quebec,Both sexes,50 to 64 years,"Positive mental health, flourishing",72.1,,,percent,,v111450255,2019,2016A000224,Percent,units
2019,2019,Quebec,Both sexes,50 to 64 years,"Positive mental health, flourishing",81.8,,,percent,,v111450256,2019,2016A000224,Percent,units
2019,2019,Quebec,Both sexes,50 to 64 years,Suicidal thoughts (15 years and over),,224400.0,,,,v111450259,2019,2016A000224,Number,units
2019,2019,Quebec,Both sexes,50 to 64 years,Suicidal thoughts (15 years and over),,,283700.0,,,v111450260,2019,2016A000224,Number,units
2019,2019,Quebec,Both sexes,50 to 64 years,Suicidal thoughts (15 years and over),14.3,,,percent,,v111450261,2019,2016A000224,Percent,units
2019,2019,Quebec,Both sexes,50 to 64 years,Suicidal thoughts (15 years and over),12.7,,,percent,,v111450262,2019,2016A000224,Percent,units
2019,2019,Quebec,Both sexes,50 to 64 years,Suicidal thoughts (15 years and over),16.0,,,percent,,v111450263,2019,2016A000224,Percent,units
2019,2019,Quebec,Females,50 to 64 years,Consultation with a health professional about emotional or mental health,,117400.0,,,,v111450287,2019,2016A000224,Number,units
2019,2019,Quebec,Females,50 to 64 years,Consultation with a health professional about emotional or mental health,,,163700.0,,,v111450288,2019,2016A000224,Number,units
2019,2019,Quebec,Females,50 to 64 years,Consultation with a health professional about emotional or mental health,15.9,,,percent,,v111450289,2019,2016A000224,Percent,units
2019,2019,Quebec,Females,50 to 64 years,Consultation with a health professional about emotional or mental health,13.4,,,percent,,v111450290,2019,2016A000224,Percent,units
2019,2019,Quebec,Females,50 to 64 years,Consultation with a health professional about emotional or mental health,18.8,,,percent,,v111450291,2019,2016A000224,Percent,units
2019,2019,Quebec,Females,50 to 64 years,"Positive mental health, flourishing",,589400.0,,,,v111450294,2019,2016A000224,Number,units
2019,2019,Quebec,Females,50 to 64 years,"Positive mental health, flourishing",,,717500.0,,,v111450295,2019,2016A000224,Number,units
2019,2019,Quebec,Females,50 to 64 years,"Positive mental health, flourishing",73.7,,,percent,,v111450296,2019,2016A000224,Percent,units
2019,2019,Quebec,Females,50 to 64 years,"Positive mental health, flourishing",65.7,,,percent,,v111450297,2019,2016A000224,Percent,units
2019,2019,Quebec,Females,50 to 64 years,"Positive mental health, flourishing",80.4,,,percent,,v111450298,2019,2016A000224,Percent,units
2019,2019,Quebec,Females,50 to 64 years,Suicidal thoughts (15 years and over),,111800.0,,,,v111450301,2019,2016A000224,Number,units
2019,2019,Quebec,Females,50 to 64 years,Suicidal thoughts (15 years and over),,,155500.0,,,v111450302,2019,2016A000224,Number,units
2019,2019,Quebec,Females,50 to 64 years,Suicidal thoughts (15 years and over),15.0,,,percent,,v111450303,2019,2016A000224,Percent,units
2019,2019,Quebec,Females,50 to 64 years,Suicidal thoughts (15 years and over),12.8,,,percent,,v111450304,2019,2016A000224,Percent,units
2019,2019,Quebec,Females,50 to 64 years,Suicidal thoughts (15 years and over),17.6,,,percent,,v111450305,2019,2016A000224,Percent,units
2019,2019,Quebec,Males,50 to 64 years,Consultation with a health professional about emotional or mental health,,52500.0,,,,v111450266,2019,2016A000224,Number,units
2019,2019,Quebec,Males,50 to 64 years,Consultation with a health professional about emotional or mental health,,,88100.0,,,v111450267,2019,2016A000224,Number,units
2019,2019,Quebec,Males,50 to 64 years,Consultation with a health professional about emotional or mental health,7.8,,,percent,,v111450268,2019,2016A000224,Percent,units
2019,2019,Quebec,Males,50 to 64 years,Consultation with a health professional about emotional or mental health,6.0,,,percent,,v111450269,2019,2016A000224,Percent,units
2019,2019,Quebec,Males,50 to 64 years,Consultation with a health professional about emotional or mental health,10.1,,,percent,,v111450270,2019,2016A000224,Percent,units
2019,2019,Quebec,Males,50 to 64 years,"Positive mental health, flourishing",,666200.0,,,,v111450273,2019,2016A000224,Number,units
2019,2019,Quebec,Males,50 to 64 years,"Positive mental health, flourishing",,,773900.0,,,v111450274,2019,2016A000224,Number,units
2019,2019,Quebec,Males,50 to 64 years,"Positive mental health, flourishing",80.9,,,percent,,v111450275,2019,2016A000224,Percent,units
2019,2019,Quebec,Males,50 to 64 years,"Positive mental health, flourishing",74.2,,,percent,,v111450276,2019,2016A000224,Percent,units
2019,2019,Quebec,Males,50 to 64 years,"Positive mental health, flourishing",86.1,,,percent,,v111450277,2019,2016A000224,Percent,units
2019,2019,Quebec,Males,50 to 64 years,Suicidal thoughts (15 years and over),,99600.0,,,,v111450280,2019,2016A000224,Number,units
2019,2019,Quebec,Males,50 to 64 years,Suicidal thoughts (15 years and over),,,140000.0,,,v111450281,2019,2016A000224,Number,units
2019,2019,Quebec,Males,50 to 64 years,Suicidal thoughts (15 years and over),13.5,,,percent,,v111450282,2019,2016A000224,Percent,units
2019,2019,Quebec,Males,50 to 64 years,Suicidal thoughts (15 years and over),11.4,,,percent,,v111450283,2019,2016A000224,Percent,units
2019,2019,Quebec,Males,50 to 64 years,Suicidal thoughts (15 years and over),16.0,,,percent,,v111450284,2019,2016A000224,Percent,units
2019,2019,Quebec,Both sexes,65 years and over,Consultation with a health professional about emotional or mental health,,61700.0,,,,v111450308,2019,2016A000224,Number,units
2019,2019,Quebec,Both sexes,65 years and over,Consultation with a health professional about emotional or mental health,,,89700.0,,,v111450309,2019,2016A000224,Number,units
2019,2019,Quebec,Both sexes,65 years and over,Consultation with a health professional about emotional or mental health,4.9,,,percent,,v111450310,2019,2016A000224,Percent,units
2019,2019,Quebec,Both sexes,65 years and over,Consultation with a health professional about emotional or mental health,4.1,,,percent,,v111450311,2019,2016A000224,Percent,units
2019,2019,Quebec,Both sexes,65 years and over,Consultation with a health professional about emotional or mental health,5.9,,,percent,,v111450312,2019,2016A000224,Percent,units
2019,2019,Quebec,Both sexes,65 years and over,"Positive mental health, flourishing",,1132900.0,,,,v111450315,2019,2016A000224,Number,units
2019,2019,Quebec,Both sexes,65 years and over,"Positive mental health, flourishing",,,1252500.0,,,v111450316,2019,2016A000224,Number,units
2019,2019,Quebec,Both sexes,65 years and over,"Positive mental health, flourishing",79.0,,,percent,,v111450317,2019,2016A000224,Percent,units
2019,2019,Quebec,Both sexes,65 years and over,"Positive mental health, flourishing",75.1,,,percent,,v111450318,2019,2016A000224,Percent,units
2019,2019,Quebec,Both sexes,65 years and over,"Positive mental health, flourishing",82.5,,,percent,,v111450319,2019,2016A000224,Percent,units
2019,2019,Quebec,Both sexes,65 years and over,Suicidal thoughts (15 years and over),,105400.0,,,,v111450322,2019,2016A000224,Number,units
2019,2019,Quebec,Both sexes,65 years and over,Suicidal thoughts (15 years and over),,,135500.0,,,v111450323,2019,2016A000224,Number,units
2019,2019,Quebec,Both sexes,65 years and over,Suicidal thoughts (15 years and over),7.9,,,percent,,v111450324,2019,2016A000224,Percent,units
2019,2019,Quebec,Both sexes,65 years and over,Suicidal thoughts (15 years and over),7.0,,,percent,,v111450325,2019,2016A000224,Percent,units
2019,2019,Quebec,Both sexes,65 years and over,Suicidal thoughts (15 years and over),9.0,,,percent,,v111450326,2019,2016A000224,Percent,units
2019,2019,Quebec,Females,65 years and over,Consultation with a health professional about emotional or mental health,,42700.0,,,,v111450350,2019,2016A000224,Number,units
2019,2019,Quebec,Females,65 years and over,Consultation with a health professional about emotional or mental health,,,63500.0,,,v111450351,2019,2016A000224,Number,units
2019,2019,Quebec,Females,65 years and over,Consultation with a health professional about emotional or mental health,6.4,,,percent,,v111450352,2019,2016A000224,Percent,units
2019,2019,Quebec,Females,65 years and over,Consultation with a health professional about emotional or mental health,5.2,,,percent,,v111450353,2019,2016A000224,Percent,units
2019,2019,Quebec,Females,65 years and over,Consultation with a health professional about emotional or mental health,7.8,,,percent,,v111450354,2019,2016A000224,Percent,units
2019,2019,Quebec,Females,65 years and over,"Positive mental health, flourishing",,580600.0,,,,v111450357,2019,2016A000224,Number,units
2019,2019,Quebec,Females,65 years and over,"Positive mental health, flourishing",,,671200.0,,,v111450358,2019,2016A000224,Number,units
2019,2019,Quebec,Females,65 years and over,"Positive mental health, flourishing",76.6,,,percent,,v111450359,2019,2016A000224,Percent,units
2019,2019,Quebec,Females,65 years and over,"Positive mental health, flourishing",71.1,,,percent,,v111450360,2019,2016A000224,Percent,units
2019,2019,Quebec,Females,65 years and over,"Positive mental health, flourishing",81.4,,,percent,,v111450361,2019,2016A000224,Percent,units
2019,2019,Quebec,Females,65 years and over,Suicidal thoughts (15 years and over),,64400.0,,,,v111450364,2019,2016A000224,Number,units
2019,2019,Quebec,Females,65 years and over,Suicidal thoughts (15 years and over),,,87200.0,,,v111450365,2019,2016A000224,Number,units
2019,2019,Quebec,Females,65 years and over,Suicidal thoughts (15 years and over),9.2,,,percent,,v111450366,2019,2016A000224,Percent,units
2019,2019,Quebec,Females,65 years and over,Suicidal thoughts (15 years and over),7.8,,,percent,,v111450367,2019,2016A000224,Percent,units
2019,2019,Quebec,Females,65 years and over,Suicidal thoughts (15 years and over),10.7,,,percent,,v111450368,2019,2016A000224,Percent,units
2019,2019,Quebec,Males,65 years and over,Consultation with a health professional about emotional or mental health,,14500.0,,,,v111450329,2019,2016A000224,Number,units
2019,2019,Quebec,Males,65 years and over,Consultation with a health professional about emotional or mental health,,,30600.0,,,v111450330,2019,2016A000224,Number,units
2019,2019,Quebec,Males,65 years and over,Consultation with a health professional about emotional or mental health,3.2,,,percent,e,v111450331,2019,2016A000224,Percent,units
2019,2019,Quebec,Males,65 years and over,Consultation with a health professional about emotional or mental health,2.2,,,percent,e,v111450332,2019,2016A000224,Percent,units
2019,2019,Quebec,Males,65 years and over,Consultation with a health professional about emotional or mental health,4.6,,,percent,e,v111450333,2019,2016A000224,Percent,units
2019,2019,Quebec,Males,65 years and over,"Positive mental health, flourishing",,531100.0,,,,v111450336,2019,2016A000224,Number,units
2019,2019,Quebec,Males,65 years and over,"Positive mental health, flourishing",,,603200.0,,,v111450337,2019,2016A000224,Number,units
2019,2019,Quebec,Males,65 years and over,"Positive mental health, flourishing",81.9,,,percent,,v111450338,2019,2016A000224,Percent,units
2019,2019,Quebec,Males,65 years and over,"Positive mental health, flourishing",76.9,,,percent,,v111450339,2019,2016A000224,Percent,units
2019,2019,Quebec,Males,65 years and over,"Positive mental health, flourishing",86.0,,,percent,,v111450340,2019,2016A000224,Percent,units
2019,2019,Quebec,Males,65 years and over,Suicidal thoughts (15 years and over),,35100.0,,,,v111450343,2019,2016A000224,Number,units
2019,2019,Quebec,Males,65 years and over,Suicidal thoughts (15 years and over),,,55000.0,,,v111450344,2019,2016A000224,Number,units
2019,2019,Quebec,Males,65 years and over,Suicidal thoughts (15 years and over),6.5,,,percent,,v111450345,2019,2016A000224,Percent,units
2019,2019,Quebec,Males,65 years and over,Suicidal thoughts (15 years and over),5.2,,,percent,,v111450346,2019,2016A000224,Percent,units
2019,2019,Quebec,Males,65 years and over,Suicidal thoughts (15 years and over),8.1,,,percent,,v111450347,2019,2016A000224,Percent,units
2019,2019,Quebec,Both sexes,"Total, 12 years and over",Consultation with a health professional about emotional or mental health,,905800.0,,,,v111449993,2019,2016A000224,Number,units
2019,2019,Quebec,Both sexes,"Total, 12 years and over",Consultation with a health professional about emotional or mental health,,,1028300.0,,,v111449994,2019,2016A000224,Number,units
2019,2019,Quebec,Both sexes,"Total, 12 years and over",Consultation with a health professional about emotional or mental health,13.6,,,percent,,v111449995,2019,2016A000224,Percent,units
2019,2019,Quebec,Both sexes,"Total, 12 years and over",Consultation with a health professional about emotional or mental health,12.7,,,percent,,v111449996,2019,2016A000224,Percent,units
2019,2019,Quebec,Both sexes,"Total, 12 years and over",Consultation with a health professional about emotional or mental health,14.5,,,percent,,v111449997,2019,2016A000224,Percent,units
2019,2019,Quebec,Both sexes,"Total, 12 years and over","Positive mental health, flourishing",,5556900.0,,,,v111450000,2019,2016A000224,Number,units
2019,2019,Quebec,Both sexes,"Total, 12 years and over","Positive mental health, flourishing",,,5881100.0,,,v111450001,2019,2016A000224,Number,units
2019,2019,Quebec,Both sexes,"Total, 12 years and over","Positive mental health, flourishing",80.1,,,percent,,v111450002,2019,2016A000224,Percent,units
2019,2019,Quebec,Both sexes,"Total, 12 years and over","Positive mental health, flourishing",77.8,,,percent,,v111450003,2019,2016A000224,Percent,units
2019,2019,Quebec,Both sexes,"Total, 12 years and over","Positive mental health, flourishing",82.2,,,percent,,v111450004,2019,2016A000224,Percent,units
2019,2019,Quebec,Both sexes,"Total, 12 years and over",Suicidal thoughts (15 years and over),,801400.0,,,,v111450007,2019,2016A000224,Number,units
2019,2019,Quebec,Both sexes,"Total, 12 years and over",Suicidal thoughts (15 years and over),,,921100.0,,,v111450008,2019,2016A000224,Number,units
2019,2019,Quebec,Both sexes,"Total, 12 years and over",Suicidal thoughts (15 years and over),12.5,,,percent,,v111450009,2019,2016A000224,Percent,units
2019,2019,Quebec,Both sexes,"Total, 12 years and over",Suicidal thoughts (15 years and over),11.6,,,percent,,v111450010,2019,2016A000224,Percent,units
2019,2019,Quebec,Both sexes,"Total, 12 years and over",Suicidal thoughts (15 years and over),13.4,,,percent,,v111450011,2019,2016A000224,Percent,units
2019,2019,Quebec,Females,"Total, 12 years and over",Consultation with a health professional about emotional or mental health,,606200.0,,,,v111450035,2019,2016A000224,Number,units
2019,2019,Quebec,Females,"Total, 12 years and over",Consultation with a health professional about emotional or mental health,,,707700.0,,,v111450036,2019,2016A000224,Number,units
2019,2019,Quebec,Females,"Total, 12 years and over",Consultation with a health professional about emotional or mental health,18.2,,,percent,,v111450037,2019,2016A000224,Percent,units
2019,2019,Quebec,Females,"Total, 12 years and over",Consultation with a health professional about emotional or mental health,16.9,,,percent,,v111450038,2019,2016A000224,Percent,units
2019,2019,Quebec,Females,"Total, 12 years and over",Consultation with a health professional about emotional or mental health,19.7,,,percent,,v111450039,2019,2016A000224,Percent,units
2019,2019,Quebec,Females,"Total, 12 years and over","Positive mental health, flourishing",,2703200.0,,,,v111450042,2019,2016A000224,Number,units
2019,2019,Quebec,Females,"Total, 12 years and over","Positive mental health, flourishing",,,2942600.0,,,v111450043,2019,2016A000224,Number,units
2019,2019,Quebec,Females,"Total, 12 years and over","Positive mental health, flourishing",78.2,,,percent,,v111450044,2019,2016A000224,Percent,units
2019,2019,Quebec,Females,"Total, 12 years and over","Positive mental health, flourishing",74.9,,,percent,,v111450045,2019,2016A000224,Percent,units
2019,2019,Quebec,Females,"Total, 12 years and over","Positive mental health, flourishing",81.3,,,percent,,v111450046,2019,2016A000224,Percent,units
2019,2019,Quebec,Females,"Total, 12 years and over",Suicidal thoughts (15 years and over),,439300.0,,,,v111450049,2019,2016A000224,Number,units
2019,2019,Quebec,Females,"Total, 12 years and over",Suicidal thoughts (15 years and over),,,525600.0,,,v111450050,2019,2016A000224,Number,units
2019,2019,Quebec,Females,"Total, 12 years and over",Suicidal thoughts (15 years and over),13.8,,,percent,,v111450051,2019,2016A000224,Percent,units
2019,2019,Quebec,Females,"Total, 12 years and over",Suicidal thoughts (15 years and over),12.5,,,percent,,v111450052,2019,2016A000224,Percent,units
2019,2019,Quebec,Females,"Total, 12 years and over",Suicidal thoughts (15 years and over),15.1,,,percent,,v111450053,2019,2016A000224,Percent,units
2019,2019,Quebec,Males,"Total, 12 years and over",Consultation with a health professional about emotional or mental health,,275700.0,,,,v111450014,2019,2016A000224,Number,units
2019,2019,Quebec,Males,"Total, 12 years and over",Consultation with a health professional about emotional or mental health,,,348700.0,,,v111450015,2019,2016A000224,Number,units
2019,2019,Quebec,Males,"Total, 12 years and over",Consultation with a health professional about emotional or mental health,8.8,,,percent,,v111450016,2019,2016A000224,Percent,units
2019,2019,Quebec,Males,"Total, 12 years and over",Consultation with a health professional about emotional or mental health,7.8,,,percent,,v111450017,2019,2016A000224,Percent,units
2019,2019,Quebec,Males,"Total, 12 years and over",Consultation with a health professional about emotional or mental health,9.9,,,percent,,v111450018,2019,2016A000224,Percent,units
2019,2019,Quebec,Males,"Total, 12 years and over","Positive mental health, flourishing",,2787000.0,,,,v111450021,2019,2016A000224,Number,units
2019,2019,Quebec,Males,"Total, 12 years and over","Positive mental health, flourishing",,,2996400.0,,,v111450022,2019,2016A000224,Number,units
2019,2019,Quebec,Males,"Total, 12 years and over","Positive mental health, flourishing",82.0,,,percent,,v111450023,2019,2016A000224,Percent,units
2019,2019,Quebec,Males,"Total, 12 years and over","Positive mental health, flourishing",79.0,,,percent,,v111450024,2019,2016A000224,Percent,units
2019,2019,Quebec,Males,"Total, 12 years and over","Positive mental health, flourishing",84.7,,,percent,,v111450025,2019,2016A000224,Percent,units
2019,2019,Quebec,Males,"Total, 12 years and over",Suicidal thoughts (15 years and over),,341500.0,,,,v111450028,2019,2016A000224,Number,units
2019,2019,Quebec,Males,"Total, 12 years and over",Suicidal thoughts (15 years and over),,,423100.0,,,v111450029,2019,2016A000224,Number,units
2019,2019,Quebec,Males,"Total, 12 years and over",Suicidal thoughts (15 years and over),11.2,,,percent,,v111450030,2019,2016A000224,Percent,units
2019,2019,Quebec,Males,"Total, 12 years and over",Suicidal thoughts (15 years and over),10.0,,,percent,,v111450031,2019,2016A000224,Percent,units
2019,2019,Quebec,Males,"Total, 12 years and over",Suicidal thoughts (15 years and over),12.5,,,percent,,v111450032,2019,2016A000224,Percent,units
2019,2019,Saskatchewan,Both sexes,12 to 17 years,Consultation with a health professional about emotional or mental health,,8900.0,,,,v111451190,2019,2016A000247,Number,units
2019,2019,Saskatchewan,Both sexes,12 to 17 years,Consultation with a health professional about emotional or mental health,,,18400.0,,,v111451191,2019,2016A000247,Number,units
2019,2019,Saskatchewan,Both sexes,12 to 17 years,Consultation with a health professional about emotional or mental health,18.0,,,percent,e,v111451192,2019,2016A000247,Percent,units
2019,2019,Saskatchewan,Both sexes,12 to 17 years,Consultation with a health professional about emotional or mental health,12.4,,,percent,e,v111451193,2019,2016A000247,Percent,units
2019,2019,Saskatchewan,Both sexes,12 to 17 years,Consultation with a health professional about emotional or mental health,25.3,,,percent,e,v111451194,2019,2016A000247,Percent,units
2019,2019,Saskatchewan,Both sexes,12 to 17 years,"Positive mental health, flourishing",,62000.0,,,,v111451197,2019,2016A000247,Number,units
2019,2019,Saskatchewan,Both sexes,12 to 17 years,"Positive mental health, flourishing",,,74000.0,,,v111451198,2019,2016A000247,Number,units
2019,2019,Saskatchewan,Both sexes,12 to 17 years,"Positive mental health, flourishing",95.0,,,percent,,v111451199,2019,2016A000247,Percent,units
2019,2019,Saskatchewan,Both sexes,12 to 17 years,"Positive mental health, flourishing",83.8,,,percent,,v111451200,2019,2016A000247,Percent,units
2019,2019,Saskatchewan,Both sexes,12 to 17 years,"Positive mental health, flourishing",98.6,,,percent,,v111451201,2019,2016A000247,Percent,units
2019,2019,Saskatchewan,Females,12 to 17 years,Consultation with a health professional about emotional or mental health,,2400.0,,,,v111451232,2019,2016A000247,Number,units
2019,2019,Saskatchewan,Females,12 to 17 years,Consultation with a health professional about emotional or mental health,,,8500.0,,,v111451233,2019,2016A000247,Number,units
2019,2019,Saskatchewan,Females,12 to 17 years,Consultation with a health professional about emotional or mental health,13.4,,,percent,e,v111451234,2019,2016A000247,Percent,units
2019,2019,Saskatchewan,Females,12 to 17 years,Consultation with a health professional about emotional or mental health,7.1,,,percent,e,v111451235,2019,2016A000247,Percent,units
2019,2019,Saskatchewan,Females,12 to 17 years,Consultation with a health professional about emotional or mental health,23.7,,,percent,e,v111451236,2019,2016A000247,Percent,units
2019,2019,Saskatchewan,Females,12 to 17 years,"Positive mental health, flourishing",,18300.0,,,,v111451239,2019,2016A000247,Number,units
2019,2019,Saskatchewan,Females,12 to 17 years,"Positive mental health, flourishing",,,49500.0,,,v111451240,2019,2016A000247,Number,units
2019,2019,Saskatchewan,Males,12 to 17 years,Consultation with a health professional about emotional or mental health,,4600.0,,,,v111451211,2019,2016A000247,Number,units
2019,2019,Saskatchewan,Males,12 to 17 years,Consultation with a health professional about emotional or mental health,,,11900.0,,,v111451212,2019,2016A000247,Number,units
2019,2019,Saskatchewan,Males,12 to 17 years,Consultation with a health professional about emotional or mental health,22.4,,,percent,e,v111451213,2019,2016A000247,Percent,units
2019,2019,Saskatchewan,Males,12 to 17 years,Consultation with a health professional about emotional or mental health,14.3,,,percent,e,v111451214,2019,2016A000247,Percent,units
2019,2019,Saskatchewan,Males,12 to 17 years,Consultation with a health professional about emotional or mental health,33.5,,,percent,e,v111451215,2019,2016A000247,Percent,units
2019,2019,Saskatchewan,Males,12 to 17 years,"Positive mental health, flourishing",,20000.0,,,,v111451218,2019,2016A000247,Number,units
2019,2019,Saskatchewan,Males,12 to 17 years,"Positive mental health, flourishing",,,51300.0,,,v111451219,2019,2016A000247,Number,units
2019,2019,Saskatchewan,Both sexes,18 to 34 years,Consultation with a health professional about emotional or mental health,,42200.0,,,,v111451253,2019,2016A000247,Number,units
2019,2019,Saskatchewan,Both sexes,18 to 34 years,Consultation with a health professional about emotional or mental health,,,72000.0,,,v111451254,2019,2016A000247,Number,units
2019,2019,Saskatchewan,Both sexes,18 to 34 years,Consultation with a health professional about emotional or mental health,21.7,,,percent,,v111451255,2019,2016A000247,Percent,units
2019,2019,Saskatchewan,Both sexes,18 to 34 years,Consultation with a health professional about emotional or mental health,16.4,,,percent,,v111451256,2019,2016A000247,Percent,units
2019,2019,Saskatchewan,Both sexes,18 to 34 years,Consultation with a health professional about emotional or mental health,28.1,,,percent,,v111451257,2019,2016A000247,Percent,units
2019,2019,Saskatchewan,Both sexes,18 to 34 years,"Positive mental health, flourishing",,176000.0,,,,v111451260,2019,2016A000247,Number,units
2019,2019,Saskatchewan,Both sexes,18 to 34 years,"Positive mental health, flourishing",,,229000.0,,,v111451261,2019,2016A000247,Number,units
2019,2019,Saskatchewan,Both sexes,18 to 34 years,"Positive mental health, flourishing",78.3,,,percent,,v111451262,2019,2016A000247,Percent,units
2019,2019,Saskatchewan,Both sexes,18 to 34 years,"Positive mental health, flourishing",66.8,,,percent,,v111451263,2019,2016A000247,Percent,units
2019,2019,Saskatchewan,Both sexes,18 to 34 years,"Positive mental health, flourishing",86.7,,,percent,,v111451264,2019,2016A000247,Percent,units
2019,2019,Saskatchewan,Both sexes,18 to 34 years,Suicidal thoughts (15 years and over),,31200.0,,,,v111451267,2019,2016A000247,Number,units
2019,2019,Saskatchewan,Both sexes,18 to 34 years,Suicidal thoughts (15 years and over),,,58100.0,,,v111451268,2019,2016A000247,Number,units
2019,2019,Saskatchewan,Both sexes,18 to 34 years,Suicidal thoughts (15 years and over),16.6,,,percent,e,v111451269,2019,2016A000247,Percent,units
2019,2019,Saskatchewan,Both sexes,18 to 34 years,Suicidal thoughts (15 years and over),11.8,,,percent,e,v111451270,2019,2016A000247,Percent,units
2019,2019,Saskatchewan,Both sexes,18 to 34 years,Suicidal thoughts (15 years and over),23.0,,,percent,e,v111451271,2019,2016A000247,Percent,units
2019,2019,Saskatchewan,Females,18 to 34 years,Consultation with a health professional about emotional or mental health,,24600.0,,,,v111451295,2019,2016A000247,Number,units
2019,2019,Saskatchewan,Females,18 to 34 years,Consultation with a health professional about emotional or mental health,,,43900.0,,,v111451296,2019,2016A000247,Number,units
2019,2019,Saskatchewan,Females,18 to 34 years,Consultation with a health professional about emotional or mental health,26.7,,,percent,e,v111451297,2019,2016A000247,Percent,units
2019,2019,Saskatchewan,Females,18 to 34 years,Consultation with a health professional about emotional or mental health,19.5,,,percent,e,v111451298,2019,2016A000247,Percent,units
2019,2019,Saskatchewan,Females,18 to 34 years,Consultation with a health professional about emotional or mental health,35.4,,,percent,e,v111451299,2019,2016A000247,Percent,units
2019,2019,Saskatchewan,Females,18 to 34 years,"Positive mental health, flourishing",,99200.0,,,,v111451302,2019,2016A000247,Number,units
2019,2019,Saskatchewan,Females,18 to 34 years,"Positive mental health, flourishing",,,121000.0,,,v111451303,2019,2016A000247,Number,units
2019,2019,Saskatchewan,Females,18 to 34 years,"Positive mental health, flourishing",91.9,,,percent,,v111451304,2019,2016A000247,Percent,units
2019,2019,Saskatchewan,Females,18 to 34 years,"Positive mental health, flourishing",76.0,,,percent,,v111451305,2019,2016A000247,Percent,units
2019,2019,Saskatchewan,Females,18 to 34 years,"Positive mental health, flourishing",97.6,,,percent,,v111451306,2019,2016A000247,Percent,units
2019,2019,Saskatchewan,Females,18 to 34 years,Suicidal thoughts (15 years and over),,13000.0,,,,v111451309,2019,2016A000247,Number,units
2019,2019,Saskatchewan,Females,18 to 34 years,Suicidal thoughts (15 years and over),,,29800.0,,,v111451310,2019,2016A000247,Number,units
2019,2019,Saskatchewan,Females,18 to 34 years,Suicidal thoughts (15 years and over),16.7,,,percent,e,v111451311,2019,2016A000247,Percent,units
2019,2019,Saskatchewan,Females,18 to 34 years,Suicidal thoughts (15 years and over),11.0,,,percent,e,v111451312,2019,2016A000247,Percent,units
2019,2019,Saskatchewan,Females,18 to 34 years,Suicidal thoughts (15 years and over),24.5,,,percent,e,v111451313,2019,2016A000247,Percent,units
2019,2019,Saskatchewan,Males,18 to 34 years,Consultation with a health professional about emotional or mental health,,13700.0,,,,v111451274,2019,2016A000247,Number,units
2019,2019,Saskatchewan,Males,18 to 34 years,Consultation with a health professional about emotional or mental health,,,33800.0,,,v111451275,2019,2016A000247,Number,units
2019,2019,Saskatchewan,Males,18 to 34 years,Consultation with a health professional about emotional or mental health,17.0,,,percent,e,v111451276,2019,2016A000247,Percent,units
2019,2019,Saskatchewan,Males,18 to 34 years,Consultation with a health professional about emotional or mental health,10.8,,,percent,e,v111451277,2019,2016A000247,Percent,units
2019,2019,Saskatchewan,Males,18 to 34 years,Consultation with a health professional about emotional or mental health,25.9,,,percent,e,v111451278,2019,2016A000247,Percent,units
2019,2019,Saskatchewan,Males,18 to 34 years,"Positive mental health, flourishing",,67600.0,,,,v111451281,2019,2016A000247,Number,units
2019,2019,Saskatchewan,Males,18 to 34 years,"Positive mental health, flourishing",,,113100.0,,,v111451282,2019,2016A000247,Number,units
2019,2019,Saskatchewan,Males,18 to 34 years,"Positive mental health, flourishing",65.7,,,percent,,v111451283,2019,2016A000247,Percent,units
2019,2019,Saskatchewan,Males,18 to 34 years,"Positive mental health, flourishing",47.4,,,percent,,v111451284,2019,2016A000247,Percent,units
2019,2019,Saskatchewan,Males,18 to 34 years,"Positive mental health, flourishing",80.2,,,percent,,v111451285,2019,2016A000247,Percent,units
2019,2019,Saskatchewan,Males,18 to 34 years,Suicidal thoughts (15 years and over),,13500.0,,,,v111451288,2019,2016A000247,Number,units
2019,2019,Saskatchewan,Males,18 to 34 years,Suicidal thoughts (15 years and over),,,35100.0,,,v111451289,2019,2016A000247,Number,units
2019,2019,Saskatchewan,Males,18 to 34 years,Suicidal thoughts (15 years and over),16.6,,,percent,e,v111451290,2019,2016A000247,Percent,units
2019,2019,Saskatchewan,Males,18 to 34 years,Suicidal thoughts (15 years and over),9.8,,,percent,e,v111451291,2019,2016A000247,Percent,units
2019,2019,Saskatchewan,Males,18 to 34 years,Suicidal thoughts (15 years and over),26.7,,,percent,e,v111451292,2019,2016A000247,Percent,units
2019,2019,Saskatchewan,Both sexes,35 to 49 years,Consultation with a health professional about emotional or mental health,,40500.0,,,,v111451316,2019,2016A000247,Number,units
2019,2019,Saskatchewan,Both sexes,35 to 49 years,Consultation with a health professional about emotional or mental health,,,68500.0,,,v111451317,2019,2016A000247,Number,units
2019,2019,Saskatchewan,Both sexes,35 to 49 years,Consultation with a health professional about emotional or mental health,25.7,,,percent,,v111451318,2019,2016A000247,Percent,units
2019,2019,Saskatchewan,Both sexes,35 to 49 years,Consultation with a health professional about emotional or mental health,20.0,,,percent,,v111451319,2019,2016A000247,Percent,units
2019,2019,Saskatchewan,Both sexes,35 to 49 years,Consultation with a health professional about emotional or mental health,32.4,,,percent,,v111451320,2019,2016A000247,Percent,units
2019,2019,Saskatchewan,Both sexes,35 to 49 years,"Positive mental health, flourishing",,165500.0,,,,v111451323,2019,2016A000247,Number,units
2019,2019,Saskatchewan,Both sexes,35 to 49 years,"Positive mental health, flourishing",,,201300.0,,,v111451324,2019,2016A000247,Number,units
2019,2019,Saskatchewan,Both sexes,35 to 49 years,"Positive mental health, flourishing",85.4,,,percent,,v111451325,2019,2016A000247,Percent,units
2019,2019,Saskatchewan,Both sexes,35 to 49 years,"Positive mental health, flourishing",75.0,,,percent,,v111451326,2019,2016A000247,Percent,units
2019,2019,Saskatchewan,Both sexes,35 to 49 years,"Positive mental health, flourishing",92.0,,,percent,,v111451327,2019,2016A000247,Percent,units
2019,2019,Saskatchewan,Both sexes,35 to 49 years,Suicidal thoughts (15 years and over),,17300.0,,,,v111451330,2019,2016A000247,Number,units
2019,2019,Saskatchewan,Both sexes,35 to 49 years,Suicidal thoughts (15 years and over),,,38900.0,,,v111451331,2019,2016A000247,Number,units
2019,2019,Saskatchewan,Both sexes,35 to 49 years,Suicidal thoughts (15 years and over),12.8,,,percent,e,v111451332,2019,2016A000247,Percent,units
2019,2019,Saskatchewan,Both sexes,35 to 49 years,Suicidal thoughts (15 years and over),8.5,,,percent,e,v111451333,2019,2016A000247,Percent,units
2019,2019,Saskatchewan,Both sexes,35 to 49 years,Suicidal thoughts (15 years and over),18.6,,,percent,e,v111451334,2019,2016A000247,Percent,units
2019,2019,Saskatchewan,Females,35 to 49 years,Consultation with a health professional about emotional or mental health,,24900.0,,,,v111451358,2019,2016A000247,Number,units
2019,2019,Saskatchewan,Females,35 to 49 years,Consultation with a health professional about emotional or mental health,,,45200.0,,,v111451359,2019,2016A000247,Number,units
2019,2019,Saskatchewan,Females,35 to 49 years,Consultation with a health professional about emotional or mental health,33.3,,,percent,,v111451360,2019,2016A000247,Percent,units
2019,2019,Saskatchewan,Females,35 to 49 years,Consultation with a health professional about emotional or mental health,24.4,,,percent,,v111451361,2019,2016A000247,Percent,units
2019,2019,Saskatchewan,Females,35 to 49 years,Consultation with a health professional about emotional or mental health,43.6,,,percent,,v111451362,2019,2016A000247,Percent,units
2019,2019,Saskatchewan,Females,35 to 49 years,"Positive mental health, flourishing",,71300.0,,,,v111451365,2019,2016A000247,Number,units
2019,2019,Saskatchewan,Females,35 to 49 years,"Positive mental health, flourishing",,,100000.0,,,v111451366,2019,2016A000247,Number,units
2019,2019,Saskatchewan,Females,35 to 49 years,"Positive mental health, flourishing",79.7,,,percent,,v111451367,2019,2016A000247,Percent,units
2019,2019,Saskatchewan,Females,35 to 49 years,"Positive mental health, flourishing",63.0,,,percent,,v111451368,2019,2016A000247,Percent,units
2019,2019,Saskatchewan,Females,35 to 49 years,"Positive mental health, flourishing",90.0,,,percent,,v111451369,2019,2016A000247,Percent,units
2019,2019,Saskatchewan,Females,35 to 49 years,Suicidal thoughts (15 years and over),,7500.0,,,,v111451372,2019,2016A000247,Number,units
2019,2019,Saskatchewan,Females,35 to 49 years,Suicidal thoughts (15 years and over),,,22700.0,,,v111451373,2019,2016A000247,Number,units
2019,2019,Saskatchewan,Females,35 to 49 years,Suicidal thoughts (15 years and over),13.8,,,percent,e,v111451374,2019,2016A000247,Percent,units
2019,2019,Saskatchewan,Females,35 to 49 years,Suicidal thoughts (15 years and over),7.8,,,percent,e,v111451375,2019,2016A000247,Percent,units
2019,2019,Saskatchewan,Females,35 to 49 years,Suicidal thoughts (15 years and over),23.2,,,percent,e,v111451376,2019,2016A000247,Percent,units
2019,2019,Saskatchewan,Males,35 to 49 years,Consultation with a health professional about emotional or mental health,,11500.0,,,,v111451337,2019,2016A000247,Number,units
2019,2019,Saskatchewan,Males,35 to 49 years,Consultation with a health professional about emotional or mental health,,,28700.0,,,v111451338,2019,2016A000247,Number,units
2019,2019,Saskatchewan,Males,35 to 49 years,Consultation with a health professional about emotional or mental health,18.5,,,percent,e,v111451339,2019,2016A000247,Percent,units
2019,2019,Saskatchewan,Males,35 to 49 years,Consultation with a health professional about emotional or mental health,11.7,,,percent,e,v111451340,2019,2016A000247,Percent,units
2019,2019,Saskatchewan,Males,35 to 49 years,Consultation with a health professional about emotional or mental health,27.9,,,percent,e,v111451341,2019,2016A000247,Percent,units
2019,2019,Saskatchewan,Males,35 to 49 years,"Positive mental health, flourishing",,85900.0,,,,v111451344,2019,2016A000247,Number,units
2019,2019,Saskatchewan,Males,35 to 49 years,"Positive mental health, flourishing",,,107400.0,,,v111451345,2019,2016A000247,Number,units
2019,2019,Saskatchewan,Males,35 to 49 years,"Positive mental health, flourishing",91.0,,,percent,,v111451346,2019,2016A000247,Percent,units
2019,2019,Saskatchewan,Males,35 to 49 years,"Positive mental health, flourishing",75.6,,,percent,,v111451347,2019,2016A000247,Percent,units
2019,2019,Saskatchewan,Males,35 to 49 years,"Positive mental health, flourishing",97.1,,,percent,,v111451348,2019,2016A000247,Percent,units
2019,2019,Saskatchewan,Males,35 to 49 years,Suicidal thoughts (15 years and over),,7000.0,,,,v111451351,2019,2016A000247,Number,units
2019,2019,Saskatchewan,Males,35 to 49 years,Suicidal thoughts (15 years and over),,,20600.0,,,v111451352,2019,2016A000247,Number,units
2019,2019,Saskatchewan,Males,35 to 49 years,Suicidal thoughts (15 years and over),11.8,,,percent,e,v111451353,2019,2016A000247,Percent,units
2019,2019,Saskatchewan,Males,35 to 49 years,Suicidal thoughts (15 years and over),6.9,,,percent,e,v111451354,2019,2016A000247,Percent,units
2019,2019,Saskatchewan,Males,35 to 49 years,Suicidal thoughts (15 years and over),19.5,,,percent,e,v111451355,2019,2016A000247,Percent,units
2019,2019,Saskatchewan,Both sexes,50 to 64 years,Consultation with a health professional about emotional or mental health,,15200.0,,,,v111451379,2019,2016A000247,Number,units
2019,2019,Saskatchewan,Both sexes,50 to 64 years,Consultation with a health professional about emotional or mental health,,,32200.0,,,v111451380,2019,2016A000247,Number,units
2019,2019,Saskatchewan,Both sexes,50 to 64 years,Consultation with a health professional about emotional or mental health,10.8,,,percent,e,v111451381,2019,2016A000247,Percent,units
2019,2019,Saskatchewan,Both sexes,50 to 64 years,Consultation with a health professional about emotional or mental health,7.1,,,percent,e,v111451382,2019,2016A000247,Percent,units
2019,2019,Saskatchewan,Both sexes,50 to 64 years,Consultation with a health professional about emotional or mental health,15.9,,,percent,e,v111451383,2019,2016A000247,Percent,units
2019,2019,Saskatchewan,Both sexes,50 to 64 years,"Positive mental health, flourishing",,162000.0,,,,v111451386,2019,2016A000247,Number,units
2019,2019,Saskatchewan,Both sexes,50 to 64 years,"Positive mental health, flourishing",,,196100.0,,,v111451387,2019,2016A000247,Number,units
2019,2019,Saskatchewan,Both sexes,50 to 64 years,"Positive mental health, flourishing",85.6,,,percent,,v111451388,2019,2016A000247,Percent,units
2019,2019,Saskatchewan,Both sexes,50 to 64 years,"Positive mental health, flourishing",76.1,,,percent,,v111451389,2019,2016A000247,Percent,units
2019,2019,Saskatchewan,Both sexes,50 to 64 years,"Positive mental health, flourishing",91.8,,,percent,,v111451390,2019,2016A000247,Percent,units
2019,2019,Saskatchewan,Both sexes,50 to 64 years,Suicidal thoughts (15 years and over),,19600.0,,,,v111451393,2019,2016A000247,Number,units
2019,2019,Saskatchewan,Both sexes,50 to 64 years,Suicidal thoughts (15 years and over),,,41000.0,,,v111451394,2019,2016A000247,Number,units
2019,2019,Saskatchewan,Both sexes,50 to 64 years,Suicidal thoughts (15 years and over),14.7,,,percent,e,v111451395,2019,2016A000247,Percent,units
2019,2019,Saskatchewan,Both sexes,50 to 64 years,Suicidal thoughts (15 years and over),10.2,,,percent,e,v111451396,2019,2016A000247,Percent,units
2019,2019,Saskatchewan,Both sexes,50 to 64 years,Suicidal thoughts (15 years and over),20.7,,,percent,e,v111451397,2019,2016A000247,Percent,units
2019,2019,Saskatchewan,Females,50 to 64 years,Consultation with a health professional about emotional or mental health,,6200.0,,,,v111451421,2019,2016A000247,Number,units
2019,2019,Saskatchewan,Females,50 to 64 years,Consultation with a health professional about emotional or mental health,,,18000.0,,,v111451422,2019,2016A000247,Number,units
2019,2019,Saskatchewan,Females,50 to 64 years,Consultation with a health professional about emotional or mental health,10.7,,,percent,e,v111451423,2019,2016A000247,Percent,units
2019,2019,Saskatchewan,Females,50 to 64 years,Consultation with a health professional about emotional or mental health,6.2,,,percent,e,v111451424,2019,2016A000247,Percent,units
2019,2019,Saskatchewan,Females,50 to 64 years,Consultation with a health professional about emotional or mental health,17.9,,,percent,e,v111451425,2019,2016A000247,Percent,units
2019,2019,Saskatchewan,Females,50 to 64 years,"Positive mental health, flourishing",,66400.0,,,,v111451428,2019,2016A000247,Number,units
2019,2019,Saskatchewan,Females,50 to 64 years,"Positive mental health, flourishing",,,96300.0,,,v111451429,2019,2016A000247,Number,units
2019,2019,Saskatchewan,Females,50 to 64 years,"Positive mental health, flourishing",78.3,,,percent,,v111451430,2019,2016A000247,Percent,units
2019,2019,Saskatchewan,Females,50 to 64 years,"Positive mental health, flourishing",62.2,,,percent,,v111451431,2019,2016A000247,Percent,units
2019,2019,Saskatchewan,Females,50 to 64 years,"Positive mental health, flourishing",88.8,,,percent,,v111451432,2019,2016A000247,Percent,units
2019,2019,Saskatchewan,Females,50 to 64 years,Suicidal thoughts (15 years and over),,6000.0,,,,v111451435,2019,2016A000247,Number,units
2019,2019,Saskatchewan,Females,50 to 64 years,Suicidal thoughts (15 years and over),,,17400.0,,,v111451436,2019,2016A000247,Number,units
2019,2019,Saskatchewan,Females,50 to 64 years,Suicidal thoughts (15 years and over),11.1,,,percent,e,v111451437,2019,2016A000247,Percent,units
2019,2019,Saskatchewan,Females,50 to 64 years,Suicidal thoughts (15 years and over),6.5,,,percent,e,v111451438,2019,2016A000247,Percent,units
2019,2019,Saskatchewan,Females,50 to 64 years,Suicidal thoughts (15 years and over),18.1,,,percent,e,v111451439,2019,2016A000247,Percent,units
2019,2019,Saskatchewan,Males,50 to 64 years,Consultation with a health professional about emotional or mental health,,6200.0,,,,v111451400,2019,2016A000247,Number,units
2019,2019,Saskatchewan,Males,50 to 64 years,Consultation with a health professional about emotional or mental health,,,18300.0,,,v111451401,2019,2016A000247,Number,units
2019,2019,Saskatchewan,Males,50 to 64 years,Consultation with a health professional about emotional or mental health,10.8,,,percent,e,v111451402,2019,2016A000247,Percent,units
2019,2019,Saskatchewan,Males,50 to 64 years,Consultation with a health professional about emotional or mental health,6.1,,,percent,e,v111451403,2019,2016A000247,Percent,units
2019,2019,Saskatchewan,Males,50 to 64 years,Consultation with a health professional about emotional or mental health,18.4,,,percent,e,v111451404,2019,2016A000247,Percent,units
2019,2019,Saskatchewan,Males,50 to 64 years,"Positive mental health, flourishing",,87700.0,,,,v111451407,2019,2016A000247,Number,units
2019,2019,Saskatchewan,Males,50 to 64 years,"Positive mental health, flourishing",,,105200.0,,,v111451408,2019,2016A000247,Number,units
2019,2019,Saskatchewan,Males,50 to 64 years,"Positive mental health, flourishing",92.8,,,percent,,v111451409,2019,2016A000247,Percent,units
2019,2019,Saskatchewan,Males,50 to 64 years,"Positive mental health, flourishing",80.3,,,percent,,v111451410,2019,2016A000247,Percent,units
2019,2019,Saskatchewan,Males,50 to 64 years,"Positive mental health, flourishing",97.6,,,percent,,v111451411,2019,2016A000247,Percent,units
2019,2019,Saskatchewan,Males,50 to 64 years,Suicidal thoughts (15 years and over),,8700.0,,,,v111451414,2019,2016A000247,Number,units
2019,2019,Saskatchewan,Males,50 to 64 years,Suicidal thoughts (15 years and over),,,27500.0,,,v111451415,2019,2016A000247,Number,units
2019,2019,Saskatchewan,Males,50 to 64 years,Suicidal thoughts (15 years and over),18.3,,,percent,e,v111451416,2019,2016A000247,Percent,units
2019,2019,Saskatchewan,Males,50 to 64 years,Suicidal thoughts (15 years and over),11.0,,,percent,e,v111451417,2019,2016A000247,Percent,units
2019,2019,Saskatchewan,Males,50 to 64 years,Suicidal thoughts (15 years and over),28.8,,,percent,e,v111451418,2019,2016A000247,Percent,units
2019,2019,Saskatchewan,Both sexes,65 years and over,Consultation with a health professional about emotional or mental health,,9300.0,,,,v111451442,2019,2016A000247,Number,units
2019,2019,Saskatchewan,Both sexes,65 years and over,Consultation with a health professional about emotional or mental health,,,14500.0,,,v111451443,2019,2016A000247,Number,units
2019,2019,Saskatchewan,Both sexes,65 years and over,Consultation with a health professional about emotional or mental health,7.2,,,percent,,v111451444,2019,2016A000247,Percent,units
2019,2019,Saskatchewan,Both sexes,65 years and over,Consultation with a health professional about emotional or mental health,5.7,,,percent,,v111451445,2019,2016A000247,Percent,units
2019,2019,Saskatchewan,Both sexes,65 years and over,Consultation with a health professional about emotional or mental health,9.1,,,percent,,v111451446,2019,2016A000247,Percent,units
2019,2019,Saskatchewan,Both sexes,65 years and over,"Positive mental health, flourishing",,122600.0,,,,v111451449,2019,2016A000247,Number,units
2019,2019,Saskatchewan,Both sexes,65 years and over,"Positive mental health, flourishing",,,152400.0,,,v111451450,2019,2016A000247,Number,units
2019,2019,Saskatchewan,Both sexes,65 years and over,"Positive mental health, flourishing",85.3,,,percent,,v111451451,2019,2016A000247,Percent,units
2019,2019,Saskatchewan,Both sexes,65 years and over,"Positive mental health, flourishing",74.2,,,percent,,v111451452,2019,2016A000247,Percent,units
2019,2019,Saskatchewan,Both sexes,65 years and over,"Positive mental health, flourishing",92.1,,,percent,,v111451453,2019,2016A000247,Percent,units
2019,2019,Saskatchewan,Both sexes,65 years and over,Suicidal thoughts (15 years and over),,8400.0,,,,v111451456,2019,2016A000247,Number,units
2019,2019,Saskatchewan,Both sexes,65 years and over,Suicidal thoughts (15 years and over),,,14100.0,,,v111451457,2019,2016A000247,Number,units
2019,2019,Saskatchewan,Both sexes,65 years and over,Suicidal thoughts (15 years and over),6.7,,,percent,,v111451458,2019,2016A000247,Percent,units
2019,2019,Saskatchewan,Both sexes,65 years and over,Suicidal thoughts (15 years and over),5.2,,,percent,,v111451459,2019,2016A000247,Percent,units
2019,2019,Saskatchewan,Both sexes,65 years and over,Suicidal thoughts (15 years and over),8.7,,,percent,,v111451460,2019,2016A000247,Percent,units
2019,2019,Saskatchewan,Females,65 years and over,Consultation with a health professional about emotional or mental health,,6200.0,,,,v111451484,2019,2016A000247,Number,units
2019,2019,Saskatchewan,Females,65 years and over,Consultation with a health professional about emotional or mental health,,,11100.0,,,v111451485,2019,2016A000247,Number,units
2019,2019,Saskatchewan,Females,65 years and over,Consultation with a health professional about emotional or mental health,9.6,,,percent,e,v111451486,2019,2016A000247,Percent,units
2019,2019,Saskatchewan,Females,65 years and over,Consultation with a health professional about emotional or mental health,7.1,,,percent,e,v111451487,2019,2016A000247,Percent,units
2019,2019,Saskatchewan,Females,65 years and over,Consultation with a health professional about emotional or mental health,12.8,,,percent,e,v111451488,2019,2016A000247,Percent,units
2019,2019,Saskatchewan,Females,65 years and over,"Positive mental health, flourishing",,68100.0,,,,v111451491,2019,2016A000247,Number,units
2019,2019,Saskatchewan,Females,65 years and over,"Positive mental health, flourishing",,,85400.0,,,v111451492,2019,2016A000247,Number,units
2019,2019,Saskatchewan,Females,65 years and over,"Positive mental health, flourishing",90.2,,,percent,,v111451493,2019,2016A000247,Percent,units
2019,2019,Saskatchewan,Females,65 years and over,"Positive mental health, flourishing",75.8,,,percent,,v111451494,2019,2016A000247,Percent,units
2019,2019,Saskatchewan,Females,65 years and over,"Positive mental health, flourishing",96.5,,,percent,,v111451495,2019,2016A000247,Percent,units
2019,2019,Saskatchewan,Females,65 years and over,Suicidal thoughts (15 years and over),,5500.0,,,,v111451498,2019,2016A000247,Number,units
2019,2019,Saskatchewan,Females,65 years and over,Suicidal thoughts (15 years and over),,,10600.0,,,v111451499,2019,2016A000247,Number,units
2019,2019,Saskatchewan,Females,65 years and over,Suicidal thoughts (15 years and over),8.9,,,percent,e,v111451500,2019,2016A000247,Percent,units
2019,2019,Saskatchewan,Females,65 years and over,Suicidal thoughts (15 years and over),6.4,,,percent,e,v111451501,2019,2016A000247,Percent,units
2019,2019,Saskatchewan,Females,65 years and over,Suicidal thoughts (15 years and over),12.3,,,percent,e,v111451502,2019,2016A000247,Percent,units
2019,2019,Saskatchewan,Males,65 years and over,Consultation with a health professional about emotional or mental health,,2000.0,,,,v111451463,2019,2016A000247,Number,units
2019,2019,Saskatchewan,Males,65 years and over,Consultation with a health professional about emotional or mental health,,,4600.0,,,v111451464,2019,2016A000247,Number,units
2019,2019,Saskatchewan,Males,65 years and over,Consultation with a health professional about emotional or mental health,4.4,,,percent,e,v111451465,2019,2016A000247,Percent,units
2019,2019,Saskatchewan,Males,65 years and over,Consultation with a health professional about emotional or mental health,2.9,,,percent,e,v111451466,2019,2016A000247,Percent,units
2019,2019,Saskatchewan,Males,65 years and over,Consultation with a health professional about emotional or mental health,6.6,,,percent,e,v111451467,2019,2016A000247,Percent,units
2019,2019,Saskatchewan,Males,65 years and over,"Positive mental health, flourishing",,48600.0,,,,v111451470,2019,2016A000247,Number,units
2019,2019,Saskatchewan,Males,65 years and over,"Positive mental health, flourishing",,,70900.0,,,v111451471,2019,2016A000247,Number,units
2019,2019,Saskatchewan,Males,65 years and over,"Positive mental health, flourishing",79.5,,,percent,,v111451472,2019,2016A000247,Percent,units
2019,2019,Saskatchewan,Males,65 years and over,"Positive mental health, flourishing",63.0,,,percent,,v111451473,2019,2016A000247,Percent,units
2019,2019,Saskatchewan,Males,65 years and over,"Positive mental health, flourishing",89.8,,,percent,,v111451474,2019,2016A000247,Percent,units
2019,2019,Saskatchewan,Males,65 years and over,Suicidal thoughts (15 years and over),,2000.0,,,,v111451477,2019,2016A000247,Number,units
2019,2019,Saskatchewan,Males,65 years and over,Suicidal thoughts (15 years and over),,,4400.0,,,v111451478,2019,2016A000247,Number,units
2019,2019,Saskatchewan,Males,65 years and over,Suicidal thoughts (15 years and over),4.1,,,percent,e,v111451479,2019,2016A000247,Percent,units
2019,2019,Saskatchewan,Males,65 years and over,Suicidal thoughts (15 years and over),2.7,,,percent,e,v111451480,2019,2016A000247,Percent,units
2019,2019,Saskatchewan,Males,65 years and over,Suicidal thoughts (15 years and over),6.1,,,percent,e,v111451481,2019,2016A000247,Percent,units
2019,2019,Saskatchewan,Both sexes,"Total, 12 years and over",Consultation with a health professional about emotional or mental health,,137900.0,,,,v111451127,2019,2016A000247,Number,units
2019,2019,Saskatchewan,Both sexes,"Total, 12 years and over",Consultation with a health professional about emotional or mental health,,,184700.0,,,v111451128,2019,2016A000247,Number,units
2019,2019,Saskatchewan,Both sexes,"Total, 12 years and over",Consultation with a health professional about emotional or mental health,17.3,,,percent,,v111451129,2019,2016A000247,Percent,units
2019,2019,Saskatchewan,Both sexes,"Total, 12 years and over",Consultation with a health professional about emotional or mental health,14.7,,,percent,,v111451130,2019,2016A000247,Percent,units
2019,2019,Saskatchewan,Both sexes,"Total, 12 years and over",Consultation with a health professional about emotional or mental health,20.2,,,percent,,v111451131,2019,2016A000247,Percent,units
2019,2019,Saskatchewan,Both sexes,"Total, 12 years and over","Positive mental health, flourishing",,730700.0,,,,v111451134,2019,2016A000247,Number,units
2019,2019,Saskatchewan,Both sexes,"Total, 12 years and over","Positive mental health, flourishing",,,809500.0,,,v111451135,2019,2016A000247,Number,units
2019,2019,Saskatchewan,Both sexes,"Total, 12 years and over","Positive mental health, flourishing",84.2,,,percent,,v111451136,2019,2016A000247,Percent,units
2019,2019,Saskatchewan,Both sexes,"Total, 12 years and over","Positive mental health, flourishing",79.3,,,percent,,v111451137,2019,2016A000247,Percent,units
2019,2019,Saskatchewan,Both sexes,"Total, 12 years and over","Positive mental health, flourishing",88.1,,,percent,,v111451138,2019,2016A000247,Percent,units
2019,2019,Saskatchewan,Both sexes,"Total, 12 years and over",Suicidal thoughts (15 years and over),,95700.0,,,,v111451141,2019,2016A000247,Number,units
2019,2019,Saskatchewan,Both sexes,"Total, 12 years and over",Suicidal thoughts (15 years and over),,,137300.0,,,v111451142,2019,2016A000247,Number,units
2019,2019,Saskatchewan,Both sexes,"Total, 12 years and over",Suicidal thoughts (15 years and over),13.0,,,percent,,v111451143,2019,2016A000247,Percent,units
2019,2019,Saskatchewan,Both sexes,"Total, 12 years and over",Suicidal thoughts (15 years and over),10.7,,,percent,,v111451144,2019,2016A000247,Percent,units
2019,2019,Saskatchewan,Both sexes,"Total, 12 years and over",Suicidal thoughts (15 years and over),15.7,,,percent,,v111451145,2019,2016A000247,Percent,units
2019,2019,Saskatchewan,Females,"Total, 12 years and over",Consultation with a health professional about emotional or mental health,,77600.0,,,,v111451169,2019,2016A000247,Number,units
2019,2019,Saskatchewan,Females,"Total, 12 years and over",Consultation with a health professional about emotional or mental health,,,111300.0,,,v111451170,2019,2016A000247,Number,units
2019,2019,Saskatchewan,Females,"Total, 12 years and over",Consultation with a health professional about emotional or mental health,20.2,,,percent,,v111451171,2019,2016A000247,Percent,units
2019,2019,Saskatchewan,Females,"Total, 12 years and over",Consultation with a health professional about emotional or mental health,16.7,,,percent,,v111451172,2019,2016A000247,Percent,units
2019,2019,Saskatchewan,Females,"Total, 12 years and over",Consultation with a health professional about emotional or mental health,24.3,,,percent,,v111451173,2019,2016A000247,Percent,units
2019,2019,Saskatchewan,Females,"Total, 12 years and over","Positive mental health, flourishing",,360100.0,,,,v111451176,2019,2016A000247,Number,units
2019,2019,Saskatchewan,Females,"Total, 12 years and over","Positive mental health, flourishing",,,418300.0,,,v111451177,2019,2016A000247,Number,units
2019,2019,Saskatchewan,Females,"Total, 12 years and over","Positive mental health, flourishing",86.0,,,percent,,v111451178,2019,2016A000247,Percent,units
2019,2019,Saskatchewan,Females,"Total, 12 years and over","Positive mental health, flourishing",79.6,,,percent,,v111451179,2019,2016A000247,Percent,units
2019,2019,Saskatchewan,Females,"Total, 12 years and over","Positive mental health, flourishing",90.6,,,percent,,v111451180,2019,2016A000247,Percent,units
2019,2019,Saskatchewan,Females,"Total, 12 years and over",Suicidal thoughts (15 years and over),,46100.0,,,,v111451183,2019,2016A000247,Number,units
2019,2019,Saskatchewan,Females,"Total, 12 years and over",Suicidal thoughts (15 years and over),,,71600.0,,,v111451184,2019,2016A000247,Number,units
2019,2019,Saskatchewan,Females,"Total, 12 years and over",Suicidal thoughts (15 years and over),13.0,,,percent,,v111451185,2019,2016A000247,Percent,units
2019,2019,Saskatchewan,Females,"Total, 12 years and over",Suicidal thoughts (15 years and over),10.2,,,percent,,v111451186,2019,2016A000247,Percent,units
2019,2019,Saskatchewan,Females,"Total, 12 years and over",Suicidal thoughts (15 years and over),16.4,,,percent,,v111451187,2019,2016A000247,Percent,units
2019,2019,Saskatchewan,Males,"Total, 12 years and over",Consultation with a health professional about emotional or mental health,,52300.0,,,,v111451148,2019,2016A000247,Number,units
2019,2019,Saskatchewan,Males,"Total, 12 years and over",Consultation with a health professional about emotional or mental health,,,82800.0,,,v111451149,2019,2016A000247,Number,units
2019,2019,Saskatchewan,Males,"Total, 12 years and over",Consultation with a health professional about emotional or mental health,14.4,,,percent,,v111451150,2019,2016A000247,Percent,units
2019,2019,Saskatchewan,Males,"Total, 12 years and over",Consultation with a health professional about emotional or mental health,11.3,,,percent,,v111451151,2019,2016A000247,Percent,units
2019,2019,Saskatchewan,Males,"Total, 12 years and over",Consultation with a health professional about emotional or mental health,18.1,,,percent,,v111451152,2019,2016A000247,Percent,units
2019,2019,Saskatchewan,Males,"Total, 12 years and over","Positive mental health, flourishing",,347000.0,,,,v111451155,2019,2016A000247,Number,units
2019,2019,Saskatchewan,Males,"Total, 12 years and over","Positive mental health, flourishing",,,413900.0,,,v111451156,2019,2016A000247,Number,units
2019,2019,Saskatchewan,Males,"Total, 12 years and over","Positive mental health, flourishing",82.5,,,percent,,v111451157,2019,2016A000247,Percent,units
2019,2019,Saskatchewan,Males,"Total, 12 years and over","Positive mental health, flourishing",75.2,,,percent,,v111451158,2019,2016A000247,Percent,units
2019,2019,Saskatchewan,Males,"Total, 12 years and over","Positive mental health, flourishing",88.0,,,percent,,v111451159,2019,2016A000247,Percent,units
2019,2019,Saskatchewan,Males,"Total, 12 years and over",Suicidal thoughts (15 years and over),,42200.0,,,,v111451162,2019,2016A000247,Number,units
2019,2019,Saskatchewan,Males,"Total, 12 years and over",Suicidal thoughts (15 years and over),,,74400.0,,,v111451163,2019,2016A000247,Number,units
2019,2019,Saskatchewan,Males,"Total, 12 years and over",Suicidal thoughts (15 years and over),13.0,,,percent,,v111451164,2019,2016A000247,Percent,units
2019,2019,Saskatchewan,Males,"Total, 12 years and over",Suicidal thoughts (15 years and over),9.7,,,percent,,v111451165,2019,2016A000247,Percent,units
2019,2019,Saskatchewan,Males,"Total, 12 years and over",Suicidal thoughts (15 years and over),17.3,,,percent,,v111451166,2019,2016A000247,Percent,units
